"Path","Bytes","LastWriteTimeUtc","SHA256"
".gitattributes","66","2026-04-28T10:31:52.0000000Z","1a1dbe176bc233b499d35a57db7513f2941c99ab9759f177830c9149be99005b"
".gitignore","311","2026-05-07T06:25:30.0000000Z","e456a121021c166a9c47c7646e5fd9ba771f2b61337272e897ab82f95c34952e"
"Assets/_Game.meta","180","2026-04-14T13:46:48.0000000Z","b93bb37db08e1eef93201d7a053fb8801a97f02a29123a2bb4b67b8dbcb2511a"
"Assets/_Game/公司战争Mesh.meta","172","2026-05-01T15:57:14.0000000Z","8f07e9399e67b244be3bbdce37a543e42d2e332bec96f1755d74fb17f8de853d"
"Assets/_Game/公司战争Mesh/E01.mtl","68","2026-05-01T15:51:56.0000000Z","9e6ac3d35f39f0010d09270fc885b7518e49ee6bdcf7cca22a56e1b65ba52b0c"
"Assets/_Game/公司战争Mesh/E01.mtl.meta","155","2026-05-01T15:57:14.0000000Z","e3dff028ce41b687c709d2fc020e3c6bf80763caac03e774db9b7456b23fe1da"
"Assets/_Game/公司战争Mesh/E01.obj","2290","2026-05-01T15:51:56.0000000Z","54e55e07427a814940969596591e26e662a6d0dce213eb8e6499553abdcf88eb"
"Assets/_Game/公司战争Mesh/E01.obj.meta","2830","2026-05-01T15:57:16.0000000Z","2a9df2a90978d4b101dfe68de3ed31a0c29f3242e5de413a7f8b3347c68e88d1"
"Assets/_Game/公司战争Mesh/E02.mtl","68","2026-05-01T15:51:56.0000000Z","9e6ac3d35f39f0010d09270fc885b7518e49ee6bdcf7cca22a56e1b65ba52b0c"
"Assets/_Game/公司战争Mesh/E02.mtl.meta","155","2026-05-01T15:57:14.0000000Z","84d58bec923c9d9540477c8b0a1e3f2328b54d5eb75b17ab63a2b77e133dcb1a"
"Assets/_Game/公司战争Mesh/E02.obj","3974","2026-05-01T15:51:56.0000000Z","74cb2618942fde540f5d8b400a2d1a0908a9c1f48d1e86da440b93bce2c71c62"
"Assets/_Game/公司战争Mesh/E02.obj.meta","2830","2026-05-01T15:57:16.0000000Z","1b67400d709e7eb2e4c86aa9583850cab17e26094f6a35d9524ecd5a01d19972"
"Assets/_Game/公司战争Mesh/E03.mtl","68","2026-05-01T15:51:56.0000000Z","9e6ac3d35f39f0010d09270fc885b7518e49ee6bdcf7cca22a56e1b65ba52b0c"
"Assets/_Game/公司战争Mesh/E03.mtl.meta","155","2026-05-01T15:57:16.0000000Z","f5b99b2c3eccf440a3bd8d16534fbbc539aef6d5242b8396c96a3e408c75261e"
"Assets/_Game/公司战争Mesh/E03.obj","2203","2026-05-01T15:51:56.0000000Z","e216a5e697a2186ca551aff3e8dedb75e2dbecb279ed40b898cbbac64592b2aa"
"Assets/_Game/公司战争Mesh/E03.obj.meta","2830","2026-05-01T15:57:16.0000000Z","82ee4257ec6a67761e12a10af21c8b36865cea85217c2c8945b36d51d11935e6"
"Assets/_Game/公司战争Mesh/E04.mtl","68","2026-05-01T15:51:56.0000000Z","9e6ac3d35f39f0010d09270fc885b7518e49ee6bdcf7cca22a56e1b65ba52b0c"
"Assets/_Game/公司战争Mesh/E04.mtl.meta","155","2026-05-01T15:57:16.0000000Z","b9a604195796d96e69b7bdc5998ac4cabc82ab4954c51d7667631533a5946faf"
"Assets/_Game/公司战争Mesh/E04.obj","18096","2026-05-01T15:51:56.0000000Z","ca9167fb0d37967c0a600528b8abb54554bd6bce7a8e570ee763c03aaed75095"
"Assets/_Game/公司战争Mesh/E04.obj.meta","2830","2026-05-01T15:57:16.0000000Z","8c875934ccfc8c39e43bcd769a2958199a52233a0e43e35a72d8dc75a02c8cf4"
"Assets/_Game/公司战争Mesh/E05.mtl","68","2026-05-01T15:51:56.0000000Z","9e6ac3d35f39f0010d09270fc885b7518e49ee6bdcf7cca22a56e1b65ba52b0c"
"Assets/_Game/公司战争Mesh/E05.mtl.meta","155","2026-05-01T15:57:16.0000000Z","c357718ecf7b553d54fb6ec275df931650e45f2f745cbf9c0b85f78f775dbf1e"
"Assets/_Game/公司战争Mesh/E05.obj","995","2026-05-01T15:51:56.0000000Z","94238dcd5587f1f8670a574017235927b3ddb63150107ae6fe626f55f4f386ec"
"Assets/_Game/公司战争Mesh/E05.obj.meta","2830","2026-05-01T15:57:16.0000000Z","87e9d62fc9933cec2a5ee512cfb6b3b535d7df38eebd4829639dc1b2d05ece52"
"Assets/_Game/公司战争Mesh/E06.mtl","68","2026-05-01T15:51:56.0000000Z","9e6ac3d35f39f0010d09270fc885b7518e49ee6bdcf7cca22a56e1b65ba52b0c"
"Assets/_Game/公司战争Mesh/E06.mtl.meta","155","2026-05-01T15:57:14.0000000Z","f7ac85f71f3341e240a02dce9bcfdf18fcb5bb8cafd7d000b1d4f475bc1d20a9"
"Assets/_Game/公司战争Mesh/E06.obj","63741","2026-05-01T15:51:56.0000000Z","01a2e28bc3190bc14089fa751ff83c4f1757d5d862331529ba1b38c70a310c18"
"Assets/_Game/公司战争Mesh/E06.obj.meta","2830","2026-05-01T15:57:16.0000000Z","2bbc378f3e01486935e2dd5af67f30205968c3bab735f5ec33a066c3a2b64984"
"Assets/_Game/公司战争Mesh/E07.mtl","68","2026-05-01T15:51:56.0000000Z","9e6ac3d35f39f0010d09270fc885b7518e49ee6bdcf7cca22a56e1b65ba52b0c"
"Assets/_Game/公司战争Mesh/E07.mtl.meta","155","2026-05-01T15:57:14.0000000Z","8c505a6a6074772730ecbe0e270280118e9003576524b13edcc97e37730b5c8f"
"Assets/_Game/公司战争Mesh/E07.obj","153055","2026-05-01T15:51:56.0000000Z","c7776de7935ec56380f58ea07b71db9c5aa43441393d013a562e39b891536559"
"Assets/_Game/公司战争Mesh/E07.obj.meta","2830","2026-05-01T15:57:16.0000000Z","436c4495944a464465ba405e0fb07b23599364e09dcc8777efa3f09d5761113a"
"Assets/_Game/公司战争Mesh/E08.mtl","69","2026-05-01T15:51:56.0000000Z","1a5fde4a7502c795467249a34e1bdc55de2668715493a8f59cb969086ea0f904"
"Assets/_Game/公司战争Mesh/E08.mtl.meta","155","2026-05-01T15:57:16.0000000Z","9f7feaee4e9f2743d258deb23382b204c5b58d6a5361b97e772297791bef4b90"
"Assets/_Game/公司战争Mesh/E09.mtl","69","2026-05-01T15:51:56.0000000Z","1a5fde4a7502c795467249a34e1bdc55de2668715493a8f59cb969086ea0f904"
"Assets/_Game/公司战争Mesh/E09.mtl.meta","155","2026-05-01T15:57:16.0000000Z","ef07bbd83b814c9cc5538f465bf6beab357a9fb38f283aa0b2aa45d8e8a21d21"
"Assets/_Game/公司战争Mesh/E10.mtl","69","2026-05-01T15:51:56.0000000Z","1a5fde4a7502c795467249a34e1bdc55de2668715493a8f59cb969086ea0f904"
"Assets/_Game/公司战争Mesh/E10.mtl.meta","155","2026-05-01T15:57:14.0000000Z","72a144220ae2ce6209c173590e1144f39ee75d209cb14036bb1648b4f393f901"
"Assets/_Game/公司战争Mesh/E11.mtl","69","2026-05-01T15:51:58.0000000Z","1a5fde4a7502c795467249a34e1bdc55de2668715493a8f59cb969086ea0f904"
"Assets/_Game/公司战争Mesh/E11.mtl.meta","155","2026-05-01T15:57:16.0000000Z","1a651c72aa05b8b0af8e92dc96bce82978584f7a4b44609eb611efb209f31b46"
"Assets/_Game/公司战争Mesh/E12.mtl","69","2026-05-01T15:51:58.0000000Z","1a5fde4a7502c795467249a34e1bdc55de2668715493a8f59cb969086ea0f904"
"Assets/_Game/公司战争Mesh/E12.mtl.meta","155","2026-05-01T15:57:14.0000000Z","0ea636efac9aefa4210a4eeaa7f349edf3d60dda05c631ac609a4fb5d89da186"
"Assets/_Game/公司战争Mesh/E13.mtl","69","2026-05-01T15:51:58.0000000Z","1a5fde4a7502c795467249a34e1bdc55de2668715493a8f59cb969086ea0f904"
"Assets/_Game/公司战争Mesh/E13.mtl.meta","155","2026-05-01T15:57:16.0000000Z","4ecf9dc0fefbcac431fa7749b426d62ecd281662a5d58c30eb74db2638affbc4"
"Assets/_Game/公司战争Mesh/E14.mtl","69","2026-05-01T15:51:58.0000000Z","1a5fde4a7502c795467249a34e1bdc55de2668715493a8f59cb969086ea0f904"
"Assets/_Game/公司战争Mesh/E14.mtl.meta","155","2026-05-01T15:57:14.0000000Z","199dded4e54cedce39d0f564a758e1bb0318dbf82fa212e96f8c8c881530d696"
"Assets/_Game/公司战争Mesh/E15.mtl","69","2026-05-01T15:51:58.0000000Z","1a5fde4a7502c795467249a34e1bdc55de2668715493a8f59cb969086ea0f904"
"Assets/_Game/公司战争Mesh/E15.mtl.meta","155","2026-05-01T15:57:14.0000000Z","f2f3732257ba9746119eebeef7c38cedc2bf012ba9e3260137bceba24c0d37f8"
"Assets/_Game/公司战争Mesh/gongsizhanzheng.blend","2036792","2026-05-01T15:52:20.0000000Z","feafdb319e45024b5ea2c1bd238e356149280dffe4342ec8309313769146112e"
"Assets/_Game/公司战争Mesh/gongsizhanzheng.blend.meta","2830","2026-05-01T15:57:16.0000000Z","139738b822dd4cfd43b3f280fe5cc32303f310b963019818d2a6cab4b75fc285"
"Assets/_Game/公司战争Mesh/gongsizhanzheng.glb","697880","2026-05-01T15:52:02.0000000Z","d90a3cf831543d79858fd848d5d3532268b6e54d88fd23671c30cac5537d556b"
"Assets/_Game/公司战争Mesh/gongsizhanzheng.glb.meta","155","2026-05-01T15:57:14.0000000Z","edfd4c90a93e00865d5989f2b8e108646f9640231f059be82548c7956d549b9b"
"Assets/_Game/公司战争Mesh/gongsizhanzheng2.blend","2256652","2026-05-01T15:52:16.0000000Z","75716072f06c8e224f132c0ad1cb234d22ae9d0880a254230cf02169864ea683"
"Assets/_Game/公司战争Mesh/gongsizhanzheng2.blend.meta","2830","2026-05-01T15:57:16.0000000Z","6752e251006ceeec62d6270db7087c08c730a8348b7b61e5fd85d054a2c5df40"
"Assets/_Game/公司战争Mesh/U01 (1).mtl","250","2026-05-01T15:52:00.0000000Z","ff2c1e592d1548ccce73df28b37822830f4719e8b760e1237bc2ed9e8ff26831"
"Assets/_Game/公司战争Mesh/U01 (1).mtl.meta","155","2026-05-01T15:57:14.0000000Z","a8b17d93cdbeecd1b19243ec9b41ae7378289bbb110284e2f714329650b0eebd"
"Assets/_Game/公司战争Mesh/U01 (1).obj","64551","2026-05-01T15:52:00.0000000Z","2f5d15fd6eb93f3eff81b09e98e71bea5798d63893c60ca1c2bbb1906fdd633e"
"Assets/_Game/公司战争Mesh/U01 (1).obj.meta","2830","2026-05-01T15:57:16.0000000Z","e90cb8e3ff21ba83894dd576f03b5653dde31eefb5f58a7f39889e4d8518b3cd"
"Assets/_Game/公司战争Mesh/U01.mtl","250","2026-03-25T02:47:06.0000000Z","ff2c1e592d1548ccce73df28b37822830f4719e8b760e1237bc2ed9e8ff26831"
"Assets/_Game/公司战争Mesh/U01.mtl.meta","155","2026-05-01T15:57:16.0000000Z","d0ae921601552bf63d84f97b0adc72519e9d47d101a0197f451c62cc1f938121"
"Assets/_Game/公司战争Mesh/U01.obj","64551","2026-03-25T02:47:06.0000000Z","2f5d15fd6eb93f3eff81b09e98e71bea5798d63893c60ca1c2bbb1906fdd633e"
"Assets/_Game/公司战争Mesh/U01.obj.meta","2830","2026-05-01T15:57:16.0000000Z","150eeeb0717ef076922ac1245435034c871b42da6a2ee29ccb7fce0b8d360d69"
"Assets/_Game/公司战争Mesh/U02 (1).mtl","250","2026-05-01T15:52:00.0000000Z","ff2c1e592d1548ccce73df28b37822830f4719e8b760e1237bc2ed9e8ff26831"
"Assets/_Game/公司战争Mesh/U02 (1).mtl.meta","155","2026-05-01T15:57:14.0000000Z","ad2c250cf3fba38513f3e0676cf2257f3b0820144cd981df7258729d09dfa13e"
"Assets/_Game/公司战争Mesh/U02 (1).obj","69321","2026-05-01T15:52:02.0000000Z","8ee125a03454ce74ba11c57f9c43ca76e116131d8b67a9d0ffe2a0c01dcde7a4"
"Assets/_Game/公司战争Mesh/U02 (1).obj.meta","2830","2026-05-01T15:57:16.0000000Z","af40c22bc1080cb1b78afabff49de43efccd92a6110ce159d78ca78e21a347dd"
"Assets/_Game/公司战争Mesh/U02.mtl","250","2026-03-25T02:46:46.0000000Z","ff2c1e592d1548ccce73df28b37822830f4719e8b760e1237bc2ed9e8ff26831"
"Assets/_Game/公司战争Mesh/U02.mtl.meta","155","2026-05-01T15:57:14.0000000Z","bb1cb2eb532d8de9b61563b08e69870565af004475beb54610c80a036c8658e9"
"Assets/_Game/公司战争Mesh/U02.obj","69321","2026-03-25T02:46:46.0000000Z","8ee125a03454ce74ba11c57f9c43ca76e116131d8b67a9d0ffe2a0c01dcde7a4"
"Assets/_Game/公司战争Mesh/U02.obj.meta","2830","2026-05-01T15:57:16.0000000Z","2bf96cc2d623827314d56b1f56bf47d798ed26b4a3b02c610500b193b4047e7d"
"Assets/_Game/公司战争Mesh/U03 (1).mtl","250","2026-05-01T15:52:02.0000000Z","ff2c1e592d1548ccce73df28b37822830f4719e8b760e1237bc2ed9e8ff26831"
"Assets/_Game/公司战争Mesh/U03 (1).mtl.meta","155","2026-05-01T15:57:16.0000000Z","32e4f3da5991b9cd7f99e874f11d8696012ac6da72f8a81ebad3ee40e23f32c7"
"Assets/_Game/公司战争Mesh/U03 (1).obj","144204","2026-05-01T15:52:06.0000000Z","1a6ad5d05b40c90fcc0372ecdc49624d4a7c1ddc9b353b435e64de8ca85ec564"
"Assets/_Game/公司战争Mesh/U03 (1).obj.meta","2830","2026-05-01T15:57:16.0000000Z","14216c9db91f1a079669f934f02279ca277b511c731eec4026c3a11ddb169c37"
"Assets/_Game/公司战争Mesh/U03.mtl","250","2026-03-25T02:46:16.0000000Z","ff2c1e592d1548ccce73df28b37822830f4719e8b760e1237bc2ed9e8ff26831"
"Assets/_Game/公司战争Mesh/U03.mtl.meta","155","2026-05-01T15:57:14.0000000Z","c32c1aebfbe6095cc2104be8043f9db2aa3746211fc7f72d4ed42c37a7da1995"
"Assets/_Game/公司战争Mesh/U03.obj","144204","2026-03-25T02:46:16.0000000Z","1a6ad5d05b40c90fcc0372ecdc49624d4a7c1ddc9b353b435e64de8ca85ec564"
"Assets/_Game/公司战争Mesh/U03.obj.meta","2830","2026-05-01T15:57:16.0000000Z","9091e622743bebf6d9909cff65f70e2e37d1ce86a3e59d90136ace30487ba1ff"
"Assets/_Game/公司战争Mesh/U04 (1).mtl","68","2026-05-01T15:52:02.0000000Z","9e6ac3d35f39f0010d09270fc885b7518e49ee6bdcf7cca22a56e1b65ba52b0c"
"Assets/_Game/公司战争Mesh/U04 (1).mtl.meta","155","2026-05-01T15:57:16.0000000Z","f8e944009bbfac7e5dcc9712681d0ded8c03390ff94193302cbb784ffaf43376"
"Assets/_Game/公司战争Mesh/U04 (1).obj","3931","2026-05-01T15:52:02.0000000Z","9a38a365b3ec00f86f8f02ba59bfa62942e7a8fe4bee6b0abb28dfa3b8687901"
"Assets/_Game/公司战争Mesh/U04 (1).obj.meta","2830","2026-05-01T15:57:16.0000000Z","70e24fee580a02689b81de2a1c57149683319d81e761a67d239d2bcb01a8f0c1"
"Assets/_Game/公司战争Mesh/U04.mtl","68","2026-03-25T02:50:44.0000000Z","9e6ac3d35f39f0010d09270fc885b7518e49ee6bdcf7cca22a56e1b65ba52b0c"
"Assets/_Game/公司战争Mesh/U04.mtl.meta","155","2026-05-01T15:57:14.0000000Z","252f4a03ab9c6ea3e487a215fe88a4ab2711fe475c3dfbf5d5b6ac2ec952bd4b"
"Assets/_Game/公司战争Mesh/U04.obj","3931","2026-03-25T02:50:44.0000000Z","9a38a365b3ec00f86f8f02ba59bfa62942e7a8fe4bee6b0abb28dfa3b8687901"
"Assets/_Game/公司战争Mesh/U04.obj.meta","2830","2026-05-01T15:57:16.0000000Z","c11bd823ba7ae0b3a80db61f5907cad5565dd68e94bebeb29251fb39a5c2411c"
"Assets/_Game/公司战争Mesh/U05 (1).mtl","68","2026-05-01T15:52:02.0000000Z","9e6ac3d35f39f0010d09270fc885b7518e49ee6bdcf7cca22a56e1b65ba52b0c"
"Assets/_Game/公司战争Mesh/U05 (1).mtl.meta","155","2026-05-01T15:57:14.0000000Z","528cb5a0bb0685cfbfb3b91b19ee3c41d8baab91c323a8381f8c7b175332f7cb"
"Assets/_Game/公司战争Mesh/U05 (1).obj","7410","2026-05-01T15:52:02.0000000Z","6d8766fdc6dc274069fa544790b3e7364d412340d50630bb517243f8e8578517"
"Assets/_Game/公司战争Mesh/U05 (1).obj.meta","2830","2026-05-01T15:57:16.0000000Z","89551a5a3c0a160d0562f1630f924baba8e2d79c43e2dee8bb347f33561819e0"
"Assets/_Game/公司战争Mesh/U05.mtl","68","2026-03-25T02:51:02.0000000Z","9e6ac3d35f39f0010d09270fc885b7518e49ee6bdcf7cca22a56e1b65ba52b0c"
"Assets/_Game/公司战争Mesh/U05.mtl.meta","155","2026-05-01T15:57:16.0000000Z","da1ff4460fb8931b390796523d06c6f10b2364be78edff03447af539bb9baa5b"
"Assets/_Game/公司战争Mesh/U05.obj","7410","2026-03-25T02:51:02.0000000Z","6d8766fdc6dc274069fa544790b3e7364d412340d50630bb517243f8e8578517"
"Assets/_Game/公司战争Mesh/U05.obj.meta","2830","2026-05-01T15:57:16.0000000Z","39e36fc70bb4d79bccbe1b979f40ef4318ef1cc4c6fc57c29bf335f89806b51c"
"Assets/_Game/公司战争Mesh/U06 (1).mtl","68","2026-05-01T15:52:02.0000000Z","9e6ac3d35f39f0010d09270fc885b7518e49ee6bdcf7cca22a56e1b65ba52b0c"
"Assets/_Game/公司战争Mesh/U06 (1).mtl.meta","155","2026-05-01T15:57:14.0000000Z","ffabe4a6df19d6de1f1857f82d01262d01d062e2ffe70a6629a4efc50edfbf47"
"Assets/_Game/公司战争Mesh/U06 (1).obj","55232","2026-05-01T15:52:04.0000000Z","d67078953187c4786242c5db2c7c8ee37012adee3ebd306dd48076f3d367fadf"
"Assets/_Game/公司战争Mesh/U06 (1).obj.meta","2830","2026-05-01T15:57:16.0000000Z","3728e1471affa088ffaa22a970ec8b43469a8d8ee52f7d8fe117773b4550490b"
"Assets/_Game/公司战争Mesh/U06.mtl","68","2026-03-25T02:42:54.0000000Z","9e6ac3d35f39f0010d09270fc885b7518e49ee6bdcf7cca22a56e1b65ba52b0c"
"Assets/_Game/公司战争Mesh/U06.mtl.meta","155","2026-05-01T15:57:14.0000000Z","d4f1b6197813c330bc4237849e1d94542f696eb90206df3442d1358e0cab35d5"
"Assets/_Game/公司战争Mesh/U06.obj","55232","2026-03-25T02:42:54.0000000Z","d67078953187c4786242c5db2c7c8ee37012adee3ebd306dd48076f3d367fadf"
"Assets/_Game/公司战争Mesh/U06.obj.meta","2830","2026-05-01T15:57:16.0000000Z","ef0bb089d0f7469f3df9361c892d6dd08e9a6d6d261c9d99df1ef8f0020d573b"
"Assets/_Game/公司战争Mesh/U07 (1).mtl","68","2026-05-01T15:52:04.0000000Z","9e6ac3d35f39f0010d09270fc885b7518e49ee6bdcf7cca22a56e1b65ba52b0c"
"Assets/_Game/公司战争Mesh/U07 (1).mtl.meta","155","2026-05-01T15:57:16.0000000Z","ef30591d17acdfd9a31aa4fd08d1cf0d9ea206567cbc87eeae5fcb5c2946c3e6"
"Assets/_Game/公司战争Mesh/U07 (1).obj","282033","2026-05-01T15:52:08.0000000Z","919f7a55284664345635d3fca6bf25e23990ec71514645ea6df33ef26e26904a"
"Assets/_Game/公司战争Mesh/U07 (1).obj.meta","2830","2026-05-01T15:57:16.0000000Z","e63c61dffee342670126d614de59305e5fd7bd5876783f2267284c211de8ad4a"
"Assets/_Game/公司战争Mesh/U07.mtl","68","2026-03-25T02:45:34.0000000Z","9e6ac3d35f39f0010d09270fc885b7518e49ee6bdcf7cca22a56e1b65ba52b0c"
"Assets/_Game/公司战争Mesh/U07.mtl.meta","155","2026-05-01T15:57:16.0000000Z","8369ffb699c17a9168ea954e07b8298cb73dffc277161ffe52b8f8bb22b1ec47"
"Assets/_Game/公司战争Mesh/U07.obj","282033","2026-03-25T02:45:34.0000000Z","919f7a55284664345635d3fca6bf25e23990ec71514645ea6df33ef26e26904a"
"Assets/_Game/公司战争Mesh/U07.obj.meta","2830","2026-05-01T15:57:16.0000000Z","eb95386def25a89862d957ec8cef847df72bc17d76ef6ce3f103d329b59238ab"
"Assets/_Game/公司战争Mesh/U08 (1).mtl","68","2026-05-01T15:52:04.0000000Z","9e6ac3d35f39f0010d09270fc885b7518e49ee6bdcf7cca22a56e1b65ba52b0c"
"Assets/_Game/公司战争Mesh/U08 (1).mtl.meta","155","2026-05-01T15:57:16.0000000Z","a7b6611a6c4b36ae0331566b4d84c7efa0718b87b6b490435dbc1d9187723221"
"Assets/_Game/公司战争Mesh/U08 (1).obj","10966","2026-05-01T15:52:04.0000000Z","d78d624710276e5c4460cbe8c1330f403910f0f5a8980eebf40768a255521889"
"Assets/_Game/公司战争Mesh/U08 (1).obj.meta","2830","2026-05-01T15:57:16.0000000Z","f018da1ededf8bb7eb2309c7f919a0ec8c4596bd17bdfac44574bbeb93168cb4"
"Assets/_Game/公司战争Mesh/U08.mtl","68","2026-03-25T02:41:54.0000000Z","9e6ac3d35f39f0010d09270fc885b7518e49ee6bdcf7cca22a56e1b65ba52b0c"
"Assets/_Game/公司战争Mesh/U08.mtl.meta","155","2026-05-01T15:57:16.0000000Z","5ab0bd1562ca295ee2e9804dd2ad596e09c5fd416c5762c8f00d4824a19cdd1e"
"Assets/_Game/公司战争Mesh/U08.obj","10966","2026-03-25T02:41:54.0000000Z","d78d624710276e5c4460cbe8c1330f403910f0f5a8980eebf40768a255521889"
"Assets/_Game/公司战争Mesh/U08.obj.meta","2830","2026-05-01T15:57:16.0000000Z","1eb48cd115f59f53947968c160804482b7feabcd1d4f0ccb8993ee63cc045988"
"Assets/_Game/公司战争Mesh/U09 (1).mtl","68","2026-05-01T15:52:06.0000000Z","9e6ac3d35f39f0010d09270fc885b7518e49ee6bdcf7cca22a56e1b65ba52b0c"
"Assets/_Game/公司战争Mesh/U09 (1).mtl.meta","155","2026-05-01T15:57:16.0000000Z","b59f447c8101f51c4725bb53ee5763e9238134b705c84f7fe57bd9db4e784fc3"
"Assets/_Game/公司战争Mesh/U09 (1).obj","27407","2026-05-01T15:52:06.0000000Z","6f4d6f3082a05c1727c8b227aac1109ed1826821a3e967c2afe431b1439b8cc3"
"Assets/_Game/公司战争Mesh/U09 (1).obj.meta","2830","2026-05-01T15:57:16.0000000Z","5e853ff2d16d49c56ed5796285cf6a426d34b4c2c6ce1e098905b4101b76feb6"
"Assets/_Game/公司战争Mesh/U09.mtl","68","2026-03-25T02:41:26.0000000Z","9e6ac3d35f39f0010d09270fc885b7518e49ee6bdcf7cca22a56e1b65ba52b0c"
"Assets/_Game/公司战争Mesh/U09.mtl.meta","155","2026-05-01T15:57:16.0000000Z","2eb9aa286f0884f6d0a3acc00f3229d7e3d731ca86345136e19a979348ed8a22"
"Assets/_Game/公司战争Mesh/U09.obj","27407","2026-03-25T02:41:26.0000000Z","6f4d6f3082a05c1727c8b227aac1109ed1826821a3e967c2afe431b1439b8cc3"
"Assets/_Game/公司战争Mesh/U09.obj.meta","2830","2026-05-01T15:57:16.0000000Z","187833aa8e4b5031adc302bffcf44f555915f2aee4d9fcab63b191fe3c061dc4"
"Assets/_Game/公司战争Mesh/U10 (1).mtl","68","2026-05-01T15:52:18.0000000Z","9e6ac3d35f39f0010d09270fc885b7518e49ee6bdcf7cca22a56e1b65ba52b0c"
"Assets/_Game/公司战争Mesh/U10 (1).mtl.meta","155","2026-05-01T15:57:16.0000000Z","bdec9878c39f8925bd59a5eef2bb63aac589a9b90800726ceb477a7b597db18c"
"Assets/_Game/公司战争Mesh/U10 (1).obj","3308","2026-05-01T15:52:18.0000000Z","9611f7c878f2f85bd97760e44064f65f2c3876064a285ee3912562d8e2b1cda9"
"Assets/_Game/公司战争Mesh/U10 (1).obj.meta","2830","2026-05-01T15:57:16.0000000Z","177d19bb1c690c838f5611afdd9eedb912bea64dc835b520d442b7414a2935d3"
"Assets/_Game/公司战争Mesh/U10.mtl","68","2026-03-25T02:40:32.0000000Z","9e6ac3d35f39f0010d09270fc885b7518e49ee6bdcf7cca22a56e1b65ba52b0c"
"Assets/_Game/公司战争Mesh/U10.mtl.meta","155","2026-05-01T15:57:16.0000000Z","b583cdffecc3960d31650d72a085ebb3b868decdca90b80ca98fcf4b77c1c62d"
"Assets/_Game/公司战争Mesh/U10.obj","3308","2026-03-25T02:40:32.0000000Z","9611f7c878f2f85bd97760e44064f65f2c3876064a285ee3912562d8e2b1cda9"
"Assets/_Game/公司战争Mesh/U10.obj.meta","2830","2026-05-01T15:57:16.0000000Z","066f8fbbd2c7b18b2285c5c7d694017cf8bb4b3bdc8a127278d005f48c9a0918"
"Assets/_Game/公司战争Mesh/U11 (1).mtl","68","2026-05-01T15:52:18.0000000Z","9e6ac3d35f39f0010d09270fc885b7518e49ee6bdcf7cca22a56e1b65ba52b0c"
"Assets/_Game/公司战争Mesh/U11 (1).mtl.meta","155","2026-05-01T15:57:14.0000000Z","4f704f59093c6fdb0f17654d24defe56f95920d4f7c98e6ac49a250ba1354329"
"Assets/_Game/公司战争Mesh/U11 (1).obj","3298","2026-05-01T15:52:18.0000000Z","ba25cd52ebdc571fbca7e29e563bb7de812b208d315ca4ef5aad839bf8924415"
"Assets/_Game/公司战争Mesh/U11 (1).obj.meta","2830","2026-05-01T15:57:16.0000000Z","199569b5d7b146bb7f7bd7268c31c304f32a0456e8b6db5869fe55a664adffa8"
"Assets/_Game/公司战争Mesh/U11.mtl","68","2026-03-25T02:40:04.0000000Z","9e6ac3d35f39f0010d09270fc885b7518e49ee6bdcf7cca22a56e1b65ba52b0c"
"Assets/_Game/公司战争Mesh/U11.mtl.meta","155","2026-05-01T15:57:16.0000000Z","bf6aaffd49fb2e0b96bb95573f8ac63198ae2ad577b8cd4cd5eddd996b13f683"
"Assets/_Game/公司战争Mesh/U11.obj","3298","2026-03-25T02:40:04.0000000Z","ba25cd52ebdc571fbca7e29e563bb7de812b208d315ca4ef5aad839bf8924415"
"Assets/_Game/公司战争Mesh/U11.obj.meta","2830","2026-05-01T15:57:16.0000000Z","55eb8ba74ff04d6966f6ae7a9bfd40a3bb3fa856a7a37968b8210dd4b8e410e6"
"Assets/_Game/公司战争Mesh/U12 (1).mtl","68","2026-05-01T15:52:18.0000000Z","9e6ac3d35f39f0010d09270fc885b7518e49ee6bdcf7cca22a56e1b65ba52b0c"
"Assets/_Game/公司战争Mesh/U12 (1).mtl.meta","155","2026-05-01T15:57:16.0000000Z","25b43ecd67bb780cc3cacc820c3e94613c8fe981af5f0101fff436af7555b215"
"Assets/_Game/公司战争Mesh/U12 (1).obj","59055","2026-05-01T15:52:18.0000000Z","2c42f5139b7829886f828ccb5c41dd9ef1c2590684fbca34993c15052b2fe14c"
"Assets/_Game/公司战争Mesh/U12 (1).obj.meta","2830","2026-05-01T15:57:16.0000000Z","c9d66ab34603587d44aa33e59c2aeac816ed4cb5bd638a66e195c79d9f1b1210"
"Assets/_Game/公司战争Mesh/U12.mtl","68","2026-03-25T02:42:22.0000000Z","9e6ac3d35f39f0010d09270fc885b7518e49ee6bdcf7cca22a56e1b65ba52b0c"
"Assets/_Game/公司战争Mesh/U12.mtl.meta","155","2026-05-01T15:57:16.0000000Z","851b653a0048a4350fb5a293f3cb14de904302190634f0df1d91f2b374d3ae1e"
"Assets/_Game/公司战争Mesh/U12.obj","59055","2026-03-25T02:42:22.0000000Z","2c42f5139b7829886f828ccb5c41dd9ef1c2590684fbca34993c15052b2fe14c"
"Assets/_Game/公司战争Mesh/U12.obj.meta","2830","2026-05-01T15:57:16.0000000Z","cb70239f24ca0b238cd99a7243bcd7f3bbcfc26d8731519a00520738b3b0c280"
"Assets/_Game/公司战争Mesh/U13.mtl","69","2026-05-01T15:52:20.0000000Z","1a5fde4a7502c795467249a34e1bdc55de2668715493a8f59cb969086ea0f904"
"Assets/_Game/公司战争Mesh/U13.mtl.meta","155","2026-05-01T15:57:16.0000000Z","03ac1731303f39c60204bdf98b6c349dbc42a0758734c9bedda5a4d24ce7fa24"
"Assets/_Game/公司战争Mesh/U14.mtl","69","2026-05-01T15:52:20.0000000Z","1a5fde4a7502c795467249a34e1bdc55de2668715493a8f59cb969086ea0f904"
"Assets/_Game/公司战争Mesh/U14.mtl.meta","155","2026-05-01T15:57:16.0000000Z","3922e15fe46cf44c6a1e48460c7f93b8253add78bb73b48de12cf6b95863188e"
"Assets/_Game/公司战争Mesh/U15.mtl","69","2026-05-01T15:52:20.0000000Z","1a5fde4a7502c795467249a34e1bdc55de2668715493a8f59cb969086ea0f904"
"Assets/_Game/公司战争Mesh/U15.mtl.meta","155","2026-05-01T15:57:14.0000000Z","594c9d3b0b0d6225278b2b4326a5b563b905d44bd44a97604ed773c2b9740923"
"Assets/_Game/公司战争Mesh/U16.mtl","69","2026-05-01T15:52:20.0000000Z","1a5fde4a7502c795467249a34e1bdc55de2668715493a8f59cb969086ea0f904"
"Assets/_Game/公司战争Mesh/U16.mtl.meta","155","2026-05-01T15:57:16.0000000Z","7af05eee819ba44a8792b47908bbf5f4f9a8a1ebacdc808624c2a425ece4f080"
"Assets/_Game/公司战争Mesh/U17.mtl","69","2026-05-01T15:52:20.0000000Z","1a5fde4a7502c795467249a34e1bdc55de2668715493a8f59cb969086ea0f904"
"Assets/_Game/公司战争Mesh/U17.mtl.meta","155","2026-05-01T15:57:14.0000000Z","c684ddfdc854a550ce350925a52bd2bffc0d849a31abb9609bba802b5662d5b2"
"Assets/_Game/公司战争Mesh/U18.mtl","69","2026-05-01T15:52:20.0000000Z","1a5fde4a7502c795467249a34e1bdc55de2668715493a8f59cb969086ea0f904"
"Assets/_Game/公司战争Mesh/U18.mtl.meta","155","2026-05-01T15:57:14.0000000Z","be40f518ef216de00eec8221f1f70cb2bc32e3caa3dadfda2ef805499905d8cc"
"Assets/_Game/公司战争Mesh/U19.mtl","69","2026-05-01T15:52:22.0000000Z","1a5fde4a7502c795467249a34e1bdc55de2668715493a8f59cb969086ea0f904"
"Assets/_Game/公司战争Mesh/U19.mtl.meta","155","2026-05-01T15:57:16.0000000Z","02d857ef00b012d6837ad6a967590e94bdcbc6a570d63a31dcfcd0ea3b7342b9"
"Assets/_Game/公司战争Mesh/U20.mtl","69","2026-05-01T15:52:22.0000000Z","1a5fde4a7502c795467249a34e1bdc55de2668715493a8f59cb969086ea0f904"
"Assets/_Game/公司战争Mesh/U20.mtl.meta","155","2026-05-01T15:57:16.0000000Z","059daf197675bc1169a86c6e5abf2cf512dd8f7144a76ba36fa21b6b28cd5ce3"
"Assets/_Game/公司战争Mesh/U21.mtl","69","2026-05-01T15:52:22.0000000Z","1a5fde4a7502c795467249a34e1bdc55de2668715493a8f59cb969086ea0f904"
"Assets/_Game/公司战争Mesh/U21.mtl.meta","155","2026-05-01T15:57:14.0000000Z","84d6d3c25cf64516e6853bfe2836976ef09317032e403792be52278ddadf804e"
"Assets/_Game/公司战争Mesh/U22.mtl","69","2026-05-01T15:52:22.0000000Z","1a5fde4a7502c795467249a34e1bdc55de2668715493a8f59cb969086ea0f904"
"Assets/_Game/公司战争Mesh/U22.mtl.meta","155","2026-05-01T15:57:16.0000000Z","8842b02dc2ebc6bed1fdbcafe712f12f0d8af82a4807ce3633992080aa2ff727"
"Assets/_Game/公司战争Mesh/U23.mtl","69","2026-05-01T15:52:24.0000000Z","1a5fde4a7502c795467249a34e1bdc55de2668715493a8f59cb969086ea0f904"
"Assets/_Game/公司战争Mesh/U23.mtl.meta","155","2026-05-01T15:57:14.0000000Z","575c439d0dc3afdeb76c20e061c02a565890ddd5caf95e6f776713c7f9e4b9fc"
"Assets/_Game/公司战争Mesh/U24.mtl","69","2026-05-01T15:52:24.0000000Z","1a5fde4a7502c795467249a34e1bdc55de2668715493a8f59cb969086ea0f904"
"Assets/_Game/公司战争Mesh/U24.mtl.meta","155","2026-05-01T15:57:16.0000000Z","4d01d7a68e6a7f017c4a135b522e629ec6352f020082ce7a238752e1508ca13b"
"Assets/_Game/Art.meta","180","2026-04-14T13:47:10.0000000Z","d95b5d53b7285cd9811c5d408021876298c685287f5efdca8457e81e7ff83f5e"
"Assets/_Game/Art/Fonts.meta","180","2026-04-14T13:47:10.0000000Z","bec9aa8f9727671e9653c269a37fab750d9133247e8be4bf6068679e4f1e5c19"
"Assets/_Game/Art/Fonts/Default SDF.asset","2127684","2026-05-06T04:45:08.0000000Z","70f2c5e66e759f7240c14da7f1b7b5db52ccbd0dc16ab394e687cef442fd89d5"
"Assets/_Game/Art/Fonts/Default SDF.asset.meta","197","2026-04-14T13:47:10.0000000Z","2fe765f17dd88ad185bf0a8d339e441762608f6b7b65fbedf3c823f418e1dcdd"
"Assets/_Game/Art/Fonts/Default.ttf","1365108","2026-04-14T13:47:10.0000000Z","096544754b0957f19c2b58041448a9f4215156de7e14c2a9d03a37f40f45fc98"
"Assets/_Game/Art/Fonts/Default.ttf.meta","512","2026-04-14T13:47:10.0000000Z","ab1e715535dfa461d121f7de280f5a35d44e77d6b712eb6153dbc13d8b3327bd"
"Assets/_Game/Art/Materials.meta","180","2026-04-14T13:47:10.0000000Z","011ae3cdf157e27063350f527441649d0f6d2669939dd02e54f35e235f29972d"
"Assets/_Game/Art/Materials/E01.mtl","70","2026-04-14T13:47:10.0000000Z","62b88232bed4c7295f9d971d617b84a5a0e11d6547564dbade981d3224976be0"
"Assets/_Game/Art/Materials/E01.mtl.meta","162","2026-04-14T13:47:10.0000000Z","fd265b153ef40350f9265d69ed8faf697887acb63fdb3a6b8b893ed6896669f9"
"Assets/_Game/Art/Materials/E02.mtl","70","2026-04-14T13:47:10.0000000Z","62b88232bed4c7295f9d971d617b84a5a0e11d6547564dbade981d3224976be0"
"Assets/_Game/Art/Materials/E02.mtl.meta","162","2026-04-14T13:47:10.0000000Z","91b4e07abc37ca39a6ecae393a005a8dc588570446feb15d2385a8c19ba1c68f"
"Assets/_Game/Art/Materials/E03.mtl","70","2026-04-14T13:47:10.0000000Z","62b88232bed4c7295f9d971d617b84a5a0e11d6547564dbade981d3224976be0"
"Assets/_Game/Art/Materials/E03.mtl.meta","162","2026-04-14T13:47:10.0000000Z","c59370d8a45565790776f8f9d3db278dc67a8cb811d19ff6f830f711ced92d39"
"Assets/_Game/Art/Materials/E04.mtl","70","2026-04-14T13:47:10.0000000Z","62b88232bed4c7295f9d971d617b84a5a0e11d6547564dbade981d3224976be0"
"Assets/_Game/Art/Materials/E04.mtl.meta","162","2026-04-14T13:47:10.0000000Z","e92974c0420916a4bb505b89e11483abb37aa4d8c1412d19fcf825dac3b46e7d"
"Assets/_Game/Art/Materials/E05.mtl","70","2026-04-14T13:47:10.0000000Z","62b88232bed4c7295f9d971d617b84a5a0e11d6547564dbade981d3224976be0"
"Assets/_Game/Art/Materials/E05.mtl.meta","162","2026-04-14T13:47:10.0000000Z","16263be21f806057698dbe90f28f0e69b37c25508a8da31d9893f7f8d4306dea"
"Assets/_Game/Art/Materials/E06.mtl","70","2026-04-14T13:47:10.0000000Z","62b88232bed4c7295f9d971d617b84a5a0e11d6547564dbade981d3224976be0"
"Assets/_Game/Art/Materials/E06.mtl.meta","162","2026-04-14T13:47:10.0000000Z","508133c480dee6adcd2f54bd603feda28ab4a405acb19bc904acf577f87f4357"
"Assets/_Game/Art/Materials/E07.mtl","70","2026-04-14T13:47:10.0000000Z","62b88232bed4c7295f9d971d617b84a5a0e11d6547564dbade981d3224976be0"
"Assets/_Game/Art/Materials/E07.mtl.meta","162","2026-04-14T13:47:10.0000000Z","f5bfb158bc299401e1419b45d7da66493a185925cbd374117932fae599c27acb"
"Assets/_Game/Art/Materials/Mat_E01.mat","2273","2026-04-14T13:47:10.0000000Z","313eb1cfd3a4b96e1d52c0874ce5f8a596504ca0d76ce640a850dd4985bb28e8"
"Assets/_Game/Art/Materials/Mat_E01.mat.meta","196","2026-04-14T13:47:10.0000000Z","2d739e79a86d19b4a083d5d58e3589f896ed06c74ed75b72a715a207840010eb"
"Assets/_Game/Art/Materials/Mat_E02.mat","2273","2026-04-14T13:47:10.0000000Z","ebf288c6fae697b65c753d694725ddfe7a4f14964e597ef1e583a1b13b5e2670"
"Assets/_Game/Art/Materials/Mat_E02.mat.meta","196","2026-04-14T13:47:10.0000000Z","ea99ba8742aa436da04ee4e1b15e146cca47c8b901092de7334292d7dea68050"
"Assets/_Game/Art/Materials/Mat_E03.mat","2270","2026-04-14T13:47:10.0000000Z","20f3f0aafe9f6699989e8a69550cd4762ec4911a076fcfc72c8e48356ba52f74"
"Assets/_Game/Art/Materials/Mat_E03.mat.meta","196","2026-04-14T13:47:10.0000000Z","d2d77077880305295b53091733bd3ba8db12954726e92feb18949daf3e6f296c"
"Assets/_Game/Art/Materials/Mat_E04.mat","2270","2026-04-14T13:47:10.0000000Z","252e6e8afe24ef1fa542bbc5749ddb61d8cb306e6143e5fba10d9e7974383406"
"Assets/_Game/Art/Materials/Mat_E04.mat.meta","196","2026-04-14T13:47:10.0000000Z","72ad30e735d79ec488c7054c4040590378cd7a4b0ec9612a66f05d33753f785a"
"Assets/_Game/Art/Materials/Mat_E05.mat","2270","2026-04-14T13:47:10.0000000Z","4ab53f910b4eb69128312db0ca890baef64df81d59ed163c82fc8a7f841f5ace"
"Assets/_Game/Art/Materials/Mat_E05.mat.meta","196","2026-04-14T13:47:10.0000000Z","edab8479ff5a122d1f2a7974e656d11529bf1339ee1da8b66b8290b7a12b1ecf"
"Assets/_Game/Art/Materials/Mat_E06.mat","2270","2026-04-14T13:47:10.0000000Z","9a315c04911f90a2f0b4ab7d7f8dce09e8a1e851c674bcb83083e3e5be469ee2"
"Assets/_Game/Art/Materials/Mat_E06.mat.meta","196","2026-04-14T13:47:10.0000000Z","e48574628f347e0b53806fb335d33006d54debc74f548325df3564e2b31e035e"
"Assets/_Game/Art/Materials/Mat_E07.mat","2270","2026-04-14T13:47:10.0000000Z","8b77a2bc9ddcab394d1035115bead8cb67b023225accc0d83b18d604b0174615"
"Assets/_Game/Art/Materials/Mat_E07.mat.meta","196","2026-04-14T13:47:10.0000000Z","4a22897a90aabba8051f8dc9c386082eb24752334c7a301e43d52be90cb7b552"
"Assets/_Game/Art/Materials/Mat_E08.mat","2190","2026-08-06T07:49:26.0397716Z","5d01399a8a1fe794371be9472eef57259fedcb313e57cee18b772cf17b1ff599"
"Assets/_Game/Art/Materials/Mat_E08.mat.meta","188","2026-08-06T07:49:26.0425920Z","b82245b4010f953c00ace870ce1d21388dcb9864c9afad505e01a46a90f2f3c6"
"Assets/_Game/Art/Materials/Mat_E09.mat","2190","2026-08-06T07:49:26.1537921Z","2b8a64b3a0e9e1aab148f2ab6ceb028e322807073c87ec4d98101444baa03c70"
"Assets/_Game/Art/Materials/Mat_E09.mat.meta","188","2026-08-06T07:49:26.1558154Z","3a71285b6798d926c0b0b16e351518eb97fd264edc695fcfba573d1448ca4780"
"Assets/_Game/Art/Materials/Mat_E10.mat","2190","2026-08-06T07:49:26.2598033Z","344db7b9c33dd2a21b3a87dac3f0177093a5aa0bce23e706846b9dd86303ee8f"
"Assets/_Game/Art/Materials/Mat_E10.mat.meta","188","2026-08-06T07:49:26.2637026Z","1a233e667f496d034a6265eb24655932d4de9c9b608e470886930ff7d5b5fc54"
"Assets/_Game/Art/Materials/Mat_E11.mat","2190","2026-08-06T07:49:26.3659994Z","b970b8665078a748da49c7f98200424bb08d9d5fc2989484d27dbde7bca0fb1c"
"Assets/_Game/Art/Materials/Mat_E11.mat.meta","188","2026-08-06T07:49:26.3689743Z","40bee32dbabcb6385235a78d96ee6ea70ef07d47c7b62c6e0452b0879507b86e"
"Assets/_Game/Art/Materials/Mat_E12.mat","2190","2026-08-06T07:49:26.4749638Z","df2517e7c911b23e7e2821057cfd7661bbd779a57f46d5356aa81ee9e3cce53e"
"Assets/_Game/Art/Materials/Mat_E12.mat.meta","188","2026-08-06T07:49:26.4781293Z","1f19964f6032fb65cb03e843d4d0e7b6810be0198bb6528458d2dc17bc8af889"
"Assets/_Game/Art/Materials/Mat_E13.mat","2190","2026-08-06T07:49:26.5805448Z","ff3e9cc42208fe02045beaaaba305db6274f174a5863d3f9cb92fbb289db13e8"
"Assets/_Game/Art/Materials/Mat_E13.mat.meta","188","2026-08-06T07:49:26.5861866Z","23dec1890223637f1aadb7c98328504380dd86432cfeaafdfdc09685b93ab708"
"Assets/_Game/Art/Materials/Mat_E14.mat","2190","2026-08-06T07:49:26.6840341Z","0d7c338e91472e82c566a2e9c870b13b287109788d2dd7ef240290e700a9ac69"
"Assets/_Game/Art/Materials/Mat_E14.mat.meta","188","2026-08-06T07:49:26.6870527Z","da43ca3139731b79fc33436ed1f48820f9e17074d268ebbd21791e94ce6e81b4"
"Assets/_Game/Art/Materials/Mat_E15.mat","2190","2026-08-06T07:49:26.7922426Z","bf3544f4df8953e283710539b4c30e83269cf4175fdf67a2f93f03a53e0d9398"
"Assets/_Game/Art/Materials/Mat_E15.mat.meta","188","2026-08-06T07:49:26.7943246Z","e9f009e99e643b7a30388e71b7a2bd8070200b29f457c740593c41324ddaa68e"
"Assets/_Game/Art/Materials/Mat_U01.mat","2270","2026-04-14T13:47:10.0000000Z","f0ac883518ebdfaa3a36b9680f369b1c0cd4cead02a31b546b36b294cdac0087"
"Assets/_Game/Art/Materials/Mat_U01.mat.meta","196","2026-04-14T13:47:10.0000000Z","a25ac09e6f63bca9d9656ba0b16f986046542c6bee304c6d7fa2c4a625235ce8"
"Assets/_Game/Art/Materials/Mat_U02.mat","2270","2026-04-14T13:47:10.0000000Z","282883593d6d46b9462a28730944da5ab40b312290a961936b77022723269b98"
"Assets/_Game/Art/Materials/Mat_U02.mat.meta","196","2026-04-14T13:47:10.0000000Z","3fcc196b672688eb3d8f6c51993f9f9a60ea7ed7377ca71016c5153547fa734c"
"Assets/_Game/Art/Materials/Mat_U03.mat","2270","2026-04-14T13:47:10.0000000Z","b8e59430fd40f6e91ec99acd0ab26a469f5183c68e59e70400f49f916bd806db"
"Assets/_Game/Art/Materials/Mat_U03.mat.meta","196","2026-04-14T13:47:10.0000000Z","44dadae4e76e50625d1b74c6e450f3737cf5fbdf7967e2fe833197e96d051c6d"
"Assets/_Game/Art/Materials/Mat_U04.mat","2270","2026-04-14T13:47:10.0000000Z","95f07e4f660fe5bb1e2e78cc4fe650f2723b9e13483c72b686a6fe5d1e7a7c54"
"Assets/_Game/Art/Materials/Mat_U04.mat.meta","196","2026-04-14T13:47:10.0000000Z","7129d9da5aa7fbe70c9c0953b8f034eb624ece6c1deddaa6b3e50cb7931afaf3"
"Assets/_Game/Art/Materials/Mat_U05.mat","2270","2026-04-14T13:47:10.0000000Z","e9aea11f040e1f29097b0504cc291fa32fb31728574daf72eedc46c86b3462ab"
"Assets/_Game/Art/Materials/Mat_U05.mat.meta","196","2026-04-14T13:47:10.0000000Z","8f648ec888fb30e16ea69005736d779b1d8629446c5df0159e489e5b83ef7b22"
"Assets/_Game/Art/Materials/Mat_U06.mat","2270","2026-04-14T13:47:10.0000000Z","fc4117d776e9de3e1853f805399102c19d4ec5e4bb7dc4b6ffdaf6694e63911a"
"Assets/_Game/Art/Materials/Mat_U06.mat.meta","196","2026-04-14T13:47:10.0000000Z","4633e02b9b660b52596505b3400fc23af5ca746f688ec0dc638f845e73e05c0e"
"Assets/_Game/Art/Materials/Mat_U07.mat","2270","2026-04-14T13:47:10.0000000Z","debb453d1fe4c3e4af599f5dbec33bff9a1d612b10128c8900ac536c4e4bb0c7"
"Assets/_Game/Art/Materials/Mat_U07.mat.meta","196","2026-04-14T13:47:10.0000000Z","4efa01f10ae6fb11c5d268751bc6491ff5f37e12f454583e83587b15ff47fb8f"
"Assets/_Game/Art/Materials/Mat_U08.mat","2270","2026-04-14T13:47:10.0000000Z","67c4f91e648c02530369e62c21dd3fa0165e7851da3af36b3e4a7913366b37a6"
"Assets/_Game/Art/Materials/Mat_U08.mat.meta","196","2026-04-14T13:47:10.0000000Z","54e6998d1d8e71eb124b6bd65ff9e10aa89368467a1e74e07b0b8b8cd81f9858"
"Assets/_Game/Art/Materials/Mat_U09.mat","2270","2026-04-14T13:47:10.0000000Z","9ff0f067b12f15e3d01d6f3388c9433bd219792204caaf44f2e124a85809145a"
"Assets/_Game/Art/Materials/Mat_U09.mat.meta","196","2026-04-14T13:47:10.0000000Z","4e31b4dcaf5221a5dfa6655b8c6e54574e9b338cbc2050b5e9465f5f38bea973"
"Assets/_Game/Art/Materials/Mat_U10.mat","2272","2026-04-14T13:47:10.0000000Z","c3c7db28ca86a5aea844152049fef36dc7c85e82a0a2a5127e7d21c073053347"
"Assets/_Game/Art/Materials/Mat_U10.mat.meta","196","2026-04-14T13:47:10.0000000Z","4d17f38a9245ebd11ac23885d87459541cf3b2d4ad056e6f19d82b2e9549baf9"
"Assets/_Game/Art/Materials/Mat_U11.mat","2272","2026-04-14T13:47:10.0000000Z","31e2e3ffc62b91e40be7b7746dcf62324e50d5b04344beed084e879dedaad5d4"
"Assets/_Game/Art/Materials/Mat_U11.mat.meta","196","2026-04-14T13:47:10.0000000Z","902c1c1f13b355940e9e7dd9e186fa338a39b69b9f88dba4410f93b0a7db0f92"
"Assets/_Game/Art/Materials/Mat_U12.mat","2270","2026-04-14T13:47:10.0000000Z","0f4cdae42d745258cfc0518e30effe4a64d2b7cb7e1cc30742fcc3590f3d1d0e"
"Assets/_Game/Art/Materials/Mat_U12.mat.meta","196","2026-04-14T13:47:10.0000000Z","8eb6f1492dc419658b89bc71aab8e5615f320c515bb6290a89a01e91cd4a08c3"
"Assets/_Game/Art/Materials/Mat_U13.mat","2181","2026-08-06T07:49:24.5490642Z","65dbd30c6e36697155503a69595ef4a4d2e35d6edf3e46591e2edfcbeb866bf5"
"Assets/_Game/Art/Materials/Mat_U13.mat.meta","188","2026-08-06T07:49:24.5510681Z","789429ecbe660e73e9d20360bc32550b568d7056d611e0f26c02a6894eea4dc1"
"Assets/_Game/Art/Materials/Mat_U15.mat","2181","2026-08-06T07:49:24.6981707Z","82496b8ec2e47888ccd954b5a9467045b75e3c953f047a967688dba8ee7af981"
"Assets/_Game/Art/Materials/Mat_U15.mat.meta","188","2026-08-06T07:49:24.7006741Z","f681177d5a44243cadcf21dda4d5cba747723aad318594f9744d0de3e206a1d2"
"Assets/_Game/Art/Materials/Mat_U16.mat","2181","2026-08-06T07:49:24.7887215Z","6b254198e06e748bff8fa83176ea453707efcab36cb0213bd456fec089b6e7e7"
"Assets/_Game/Art/Materials/Mat_U16.mat.meta","188","2026-08-06T07:49:24.7926297Z","63e11d7da1d0249517e038196fdd43ff9cdd00dde14b181f82684ec783973f82"
"Assets/_Game/Art/Materials/Mat_U17.mat","2181","2026-08-06T07:49:24.8888592Z","ff729b8450c31548b157ccb74ea6c51a5b62fb127ef07ffd95cb782163cf2d06"
"Assets/_Game/Art/Materials/Mat_U17.mat.meta","188","2026-08-06T07:49:24.8909309Z","1ceb2f975b888db82408d2f2dc9f94ad23995ffec2910dbbe07dec72abe31da6"
"Assets/_Game/Art/Materials/Mat_U18.mat","2181","2026-08-06T07:49:24.9868419Z","1b20172e65c3d439a730de013683dd8df7e71cf56b8021f2a36a6648e1154808"
"Assets/_Game/Art/Materials/Mat_U18.mat.meta","188","2026-08-06T07:49:24.9885029Z","5b15f06ac4c1aab8997814631e44ac5bb9c4b4f2811eed4a4c537bebe7fa1c46"
"Assets/_Game/Art/Materials/Mat_U19.mat","2181","2026-08-06T07:49:25.0838438Z","227eea49cfc1d883b5c80a0ccb8ff31a460f9345e9dcba6deb6304d7acedc90e"
"Assets/_Game/Art/Materials/Mat_U19.mat.meta","188","2026-08-06T07:49:25.0863548Z","ce9d6b912ac48c380cfdc912987a65c9db7455a5b8fc21a9a6aa631ca048f73f"
"Assets/_Game/Art/Materials/Mat_U20.mat","2181","2026-08-06T07:49:25.1814454Z","3077dfacdb169a426fcf5a1f7d9ac3bf5ba24397fb1b8eda91bb1aaea31a5a31"
"Assets/_Game/Art/Materials/Mat_U20.mat.meta","188","2026-08-06T07:49:25.1834469Z","b9e3fd4fe61872b73cee8465792274df968404628d71b080f41485e1124f9fce"
"Assets/_Game/Art/Materials/Mat_U21.mat","2181","2026-08-06T07:49:25.2867676Z","e353c3cb014a708b6a8e4d3bcd59d398a4fe1cdd6a6a51545d8b26df0456327a"
"Assets/_Game/Art/Materials/Mat_U21.mat.meta","188","2026-08-06T07:49:25.2887822Z","f402de2a41335d1a694e022993501dc44f2db5a3528f849fdd45d90e01188976"
"Assets/_Game/Art/Materials/Mat_U22.mat","2181","2026-08-06T07:49:25.3884836Z","72db80c950dec438044dcb07e71654eb85615517ff4a93b72d2fe58b928c9915"
"Assets/_Game/Art/Materials/Mat_U22.mat.meta","188","2026-08-06T07:49:25.3904896Z","441ffff67fdc5000608f1cc1cef8c3a6a5abc5f5716f5be8e843291b894949df"
"Assets/_Game/Art/Materials/Mat_U23.mat","2181","2026-08-06T07:49:25.4920015Z","f0de7b0c071f0953fe0b09ce8682bce4d9ed9bf0c7b1e8e5672e8a5a1172caf6"
"Assets/_Game/Art/Materials/Mat_U23.mat.meta","188","2026-08-06T07:49:25.4959205Z","2f118f94922375e860c6168372fc4da1a2fdcfc87feea95c2e4fa20faa6a87c4"
"Assets/_Game/Art/Materials/Mat_U24.mat","2181","2026-08-06T07:49:25.6092835Z","9d5da7ace94887309b26198bd9698b952ee119566566cb56c564f2fabe328923"
"Assets/_Game/Art/Materials/Mat_U24.mat.meta","188","2026-08-06T07:49:25.6123352Z","75df9f5a4d878d94e3324e78bc9bc18b7c802a120de2a47020bc47e321622bbe"
"Assets/_Game/Art/Materials/U01.mtl","262","2026-04-14T13:47:10.0000000Z","0f558c3259463a13cc87c98c8cccabb8879537654a8e2f900796e7c3bb1a38d6"
"Assets/_Game/Art/Materials/U01.mtl.meta","162","2026-04-14T13:47:10.0000000Z","19a9c743c7573953cd8d5cb6a4bca87303c6eaae176d702ed8a7a109faa16239"
"Assets/_Game/Art/Materials/U02.mtl","262","2026-04-14T13:47:10.0000000Z","0f558c3259463a13cc87c98c8cccabb8879537654a8e2f900796e7c3bb1a38d6"
"Assets/_Game/Art/Materials/U02.mtl.meta","162","2026-04-14T13:47:10.0000000Z","3402e2ee2eef8c7ea3d0f91d1fa1314c2ce6a20249857063c56683fdaeca66c2"
"Assets/_Game/Art/Materials/U03.mtl","262","2026-04-14T13:47:10.0000000Z","0f558c3259463a13cc87c98c8cccabb8879537654a8e2f900796e7c3bb1a38d6"
"Assets/_Game/Art/Materials/U03.mtl.meta","162","2026-04-14T13:47:10.0000000Z","aea5afcada76c91829c9e0c610a81ff19e5102919bb61304d1d954b28f0b7517"
"Assets/_Game/Art/Materials/U04.mtl","70","2026-04-14T13:47:10.0000000Z","62b88232bed4c7295f9d971d617b84a5a0e11d6547564dbade981d3224976be0"
"Assets/_Game/Art/Materials/U04.mtl.meta","162","2026-04-14T13:47:10.0000000Z","a5c308cf6dea2a58e550e0595cf037d43887f5f5bc335bd21306a7c043897a3b"
"Assets/_Game/Art/Materials/U05.mtl","70","2026-04-14T13:47:10.0000000Z","62b88232bed4c7295f9d971d617b84a5a0e11d6547564dbade981d3224976be0"
"Assets/_Game/Art/Materials/U05.mtl.meta","162","2026-04-14T13:47:10.0000000Z","8b7ab2d53f5d12a83c9e686b90ac83d0d432138cb8a1077f5ce7985d65d7bcd7"
"Assets/_Game/Art/Materials/U06.mtl","70","2026-04-14T13:47:10.0000000Z","62b88232bed4c7295f9d971d617b84a5a0e11d6547564dbade981d3224976be0"
"Assets/_Game/Art/Materials/U06.mtl.meta","162","2026-04-14T13:47:10.0000000Z","5aeb750b42935d55d00749d2c711f4f6005574f55e156c863678bc03b38ce614"
"Assets/_Game/Art/Materials/U07.mtl","70","2026-04-14T13:47:10.0000000Z","62b88232bed4c7295f9d971d617b84a5a0e11d6547564dbade981d3224976be0"
"Assets/_Game/Art/Materials/U07.mtl.meta","162","2026-04-14T13:47:10.0000000Z","cdc3c4ea17820879fb20f1bd6a087de4916a1a6bc5624dab304946a2f9274118"
"Assets/_Game/Art/Materials/U08.mtl","70","2026-04-14T13:47:10.0000000Z","62b88232bed4c7295f9d971d617b84a5a0e11d6547564dbade981d3224976be0"
"Assets/_Game/Art/Materials/U08.mtl.meta","162","2026-04-14T13:47:10.0000000Z","e0d62a1c5a490761fac5d7a568ed856151fc060090424e85934c151790aee984"
"Assets/_Game/Art/Materials/U09.mtl","70","2026-04-14T13:47:10.0000000Z","62b88232bed4c7295f9d971d617b84a5a0e11d6547564dbade981d3224976be0"
"Assets/_Game/Art/Materials/U09.mtl.meta","162","2026-04-14T13:47:10.0000000Z","879002bf5c3bf88b90a6c6f9b810e46d24544244c5980383197366397d14d38e"
"Assets/_Game/Art/Materials/U10.mtl","70","2026-04-14T13:47:10.0000000Z","62b88232bed4c7295f9d971d617b84a5a0e11d6547564dbade981d3224976be0"
"Assets/_Game/Art/Materials/U10.mtl.meta","162","2026-04-14T13:47:10.0000000Z","e03490de5ddd077099afc2061d4c09945d51422fdeb843c9f184a7b0b352ae31"
"Assets/_Game/Art/Materials/U11.mtl","70","2026-04-14T13:47:10.0000000Z","62b88232bed4c7295f9d971d617b84a5a0e11d6547564dbade981d3224976be0"
"Assets/_Game/Art/Materials/U11.mtl.meta","162","2026-04-14T13:47:10.0000000Z","952bc6e77d6e4c12a3b7c17bb6a4cd921d8916673ab1443817925732f373d676"
"Assets/_Game/Art/Materials/U12.mtl","70","2026-04-14T13:47:10.0000000Z","62b88232bed4c7295f9d971d617b84a5a0e11d6547564dbade981d3224976be0"
"Assets/_Game/Art/Materials/U12.mtl.meta","162","2026-04-14T13:47:10.0000000Z","68d2f47d10d1ff39a3d4c0f9071875a68c91b4a9faf9f5ac65735180c2b1334a"
"Assets/_Game/Art/Models.meta","180","2026-04-14T13:47:10.0000000Z","9eba92b9915e7ab87ac4e5b3baadf0b59b724e9eba73b50805459f55d4a8d155"
"Assets/_Game/Art/Models/Buildings.meta","180","2026-04-14T13:47:10.0000000Z","bec6ef39f896a69e17b0c146433a4a422e21cd4d58e7a624b109f17c472eb234"
"Assets/_Game/Art/Models/Buildings/棋盘part (1).fbx","83212","2026-05-20T11:42:40.4260402Z","589edd3577534157a414c1e19e6f91ecb6b7093ee89af002294d75c08cd38958"
"Assets/_Game/Art/Models/Buildings/棋盘part (1).fbx.meta","2939","2026-05-20T11:42:40.4260402Z","9fc817e3822656f0a6e18126ccd60ecf5f7d6f1bbc5ff0ee8614a91cc96a0e1e"
"Assets/_Game/Art/Models/Enemies.meta","180","2026-04-14T13:47:10.0000000Z","ad7e795dfc44357b08765bb46dfcbf0ea4744d8339f0fe92c159042efbd71d4d"
"Assets/_Game/Art/Models/Units.meta","180","2026-04-14T13:47:10.0000000Z","752212bfe02da67c2941ef0b6bc3205f86f74fdb9dbfe5e96e4c8e1073951b27"
"Assets/_Game/Art/Models/Units/储装罐.fbx","55756","2026-05-20T11:42:40.4285480Z","f1f76da169d860ad0d11471db7f37e7511cb493cdc0e50c887abfa452e2e660b"
"Assets/_Game/Art/Models/Units/储装罐.fbx.meta","2939","2026-05-20T11:42:40.4285480Z","4ccb32c2c45fc172c13a921ca869ad7ec4045e1b09c46de57bae023084cb7c22"
"Assets/_Game/Art/Models/Units/服务器终端.fbx","101260","2026-05-20T11:42:40.4295533Z","52f7898b6c358b93701e90f2ecb9afcc70edd7bfa7821cfe92298ef516721da0"
"Assets/_Game/Art/Models/Units/服务器终端.fbx.meta","2939","2026-05-20T11:42:40.4306098Z","40dfabf79bccf3c299cadab46a66d5137f0f1a5c782714f7268dd764337df4b1"
"Assets/_Game/Art/Models/Units/货运单元1.fbx","35036","2026-05-20T11:42:40.4316484Z","5a70e7d98ebaa5e2da07b4feb0755b02e1e8d8ba0994099a4c353d9ca3262d82"
"Assets/_Game/Art/Models/Units/货运单元1.fbx.meta","2939","2026-05-20T11:42:40.4326526Z","620440a7fe82b03c6054e0f81eb2858a79e1cdd62845ffde8272ab2189eb0f51"
"Assets/_Game/Art/Models/Units/货运单元2.fbx","46556","2026-05-20T11:42:40.4326526Z","695a30f79db0138245999c296f9b9c522b6ba76f780e2640c746c11b2179ca4f"
"Assets/_Game/Art/Models/Units/货运单元2.fbx.meta","2939","2026-05-20T11:42:40.4341109Z","609753418bfea7d20601781a6a3d73a3c08c90afbef4015ade4bd07d6d060c84"
"Assets/_Game/Art/Models/Units/栏杆左到右123.fbx","25836","2026-05-20T11:42:40.4306098Z","fdc6d4744b47450dcb3d4f35035a914dde778b0d51d1b5293e94cc407371ed7c"
"Assets/_Game/Art/Models/Units/栏杆左到右123.fbx.meta","2939","2026-05-20T11:42:40.4316484Z","5b8aa52e86dad661506fa203c7b279ac6d5d6d61804173a8d93ad6097c5ceab8"
"Assets/_Game/Art/Models/Units/信号基站（拆件.fbx","124796","2026-05-20T11:42:40.4270401Z","b4eca897d49d64f28b18dda098cc0e1c94959c47d702d32b9a5b1a5425d1af74"
"Assets/_Game/Art/Models/Units/信号基站（拆件.fbx.meta","2939","2026-05-20T11:42:40.4275446Z","4fd3a292157f61983d4433a312872d28c5e04beee5325b64bdca5da781a5b38e"
"Assets/_Game/Art/Prefabs.meta","172","2026-04-16T12:37:58.0000000Z","f83d5e3ea1aca08057d23afdae3d924221daa80af115770c7960bb85e5cb9bec"
"Assets/_Game/Art/Prefabs/Buildings.meta","172","2026-04-16T12:37:58.0000000Z","3dda50c2bb38234c588cb1d99c29fd7ede951e93552ba420e7c1c58c5026b714"
"Assets/_Game/Art/Prefabs/Buildings/PF_E06.prefab","3104","2026-08-06T07:49:25.9620188Z","15e22caa920b1567b5287ac4003d6795202f54908168f70028283b69d8d139cb"
"Assets/_Game/Art/Prefabs/Buildings/PF_E06.prefab.meta","154","2026-04-16T12:45:28.0000000Z","71c714538d42e5ac10038e8eb0c452b87fdef6948547b5c92fb8c9fe28ea9d60"
"Assets/_Game/Art/Prefabs/Buildings/PF_E07.prefab","3104","2026-08-06T07:49:26.0043985Z","871e3c65709237c520e686abd8e64473475ae8f0cab860040464a639134de66f"
"Assets/_Game/Art/Prefabs/Buildings/PF_E07.prefab.meta","154","2026-04-16T12:45:30.0000000Z","dbcbce99d6c43e5a5f4a5939ada1b09438c85719a15fafc45b6cd08f175cc054"
"Assets/_Game/Art/Prefabs/Buildings/PF_E12.prefab","3098","2026-08-06T07:49:26.5348879Z","24b6f930db3008a3548202cc51255d17f673b41387829d98d41fe246558102e8"
"Assets/_Game/Art/Prefabs/Buildings/PF_E12.prefab.meta","154","2026-08-06T07:49:26.5570107Z","ae2aa32067d1511ed4f6055d87dd59256a092fd4d00453e70f4084651a4e3410"
"Assets/_Game/Art/Prefabs/Buildings/PF_E13.prefab","3100","2026-08-06T07:49:26.6438544Z","3eff0289ea1b3c6ab6ee05d6c39b0dd1326e2a41b858d4983c0c3287ce0320c4"
"Assets/_Game/Art/Prefabs/Buildings/PF_E13.prefab.meta","154","2026-08-06T07:49:26.6621251Z","6de9626476ee6717d0e2ed8dd67935914dd20418c9b444aaf35ee7ecd3e5b575"
"Assets/_Game/Art/Prefabs/Buildings/PF_E14.prefab","3098","2026-08-06T07:49:26.7457201Z","6e2eecad960039d0d6355396ccd94edd894ded7af80fe425df5aac5c34074c8d"
"Assets/_Game/Art/Prefabs/Buildings/PF_E14.prefab.meta","154","2026-08-06T07:49:26.7664171Z","e87844c3549d3b0de68f3b5447840c20569473c1f18fd28bf30e328f0836b19f"
"Assets/_Game/Art/Prefabs/Buildings/PF_E15.prefab","3097","2026-08-06T07:49:26.8621507Z","faabe335d3560feefb1d5ff84fc125c9c85ed0bde861b88a4fde27afc9cc64d2"
"Assets/_Game/Art/Prefabs/Buildings/PF_E15.prefab.meta","154","2026-08-06T07:49:26.8845242Z","29c4e6ffafee77eb6e20a36e8eee42905c19fcaaf815651ead8332bf2eda6bd4"
"Assets/_Game/Art/Prefabs/Buildings/PF_U08.prefab","5102","2026-08-06T07:49:24.3736661Z","74f0828808da8956b1bd69ff2cb23d13634b13560e2f83e1f4379a3976e1beff"
"Assets/_Game/Art/Prefabs/Buildings/PF_U08.prefab.meta","154","2026-04-16T12:45:26.0000000Z","18e35f2cd300b26ee19ae4bcb7e73134b98c72da7deeb07cd367b628ef5b8395"
"Assets/_Game/Art/Prefabs/Buildings/PF_U09.prefab","5104","2026-08-06T07:49:24.4131435Z","7aa1a5052a4444ad445014ee833839c269204358e1de4637f02e6f96021a9339"
"Assets/_Game/Art/Prefabs/Buildings/PF_U09.prefab.meta","154","2026-04-16T12:45:26.0000000Z","e6242b45742771d97238577882cf63011951ceb3b21fa27f552411d47c787401"
"Assets/_Game/Art/Prefabs/Buildings/PF_U10.prefab","5656","2026-08-06T07:49:24.4445740Z","f345c124eff187e964bd832a78724eba815fc9303780f5414546ec992f352992"
"Assets/_Game/Art/Prefabs/Buildings/PF_U10.prefab.meta","154","2026-04-16T12:45:26.0000000Z","db37f0f08accbf9b85fb633c058dd77352c1e8edc01ca68f27639c226bce07e1"
"Assets/_Game/Art/Prefabs/Buildings/PF_U11.prefab","5658","2026-08-06T07:49:24.4744458Z","d64a8922dabdbf5f5ce305a3041bbd3cdd0811166e8c37862dee409b3da47cca"
"Assets/_Game/Art/Prefabs/Buildings/PF_U11.prefab.meta","154","2026-04-16T12:45:28.0000000Z","c9407767a61ad4376219ae2a38cb51fa1942683eaf24fb527ace597acabe4b08"
"Assets/_Game/Art/Prefabs/Buildings/PF_U21.prefab","5102","2026-08-06T07:49:25.3442096Z","935450296180732b1fba4bea37672082cfc4bef0012d97f4a8a0343d19c828a5"
"Assets/_Game/Art/Prefabs/Buildings/PF_U21.prefab.meta","154","2026-08-06T07:49:25.3650236Z","96e5eec2c62949ba18c7eacbb6a055ce7a141d411d09a17bd00633aa383adb1a"
"Assets/_Game/Art/Prefabs/Enemies.meta","172","2026-04-16T12:37:58.0000000Z","20b9c88a8eb4b18a162fdb77112de39788eb07f78bd17dbbe06d7c0275800dfb"
"Assets/_Game/Art/Prefabs/Enemies/E01.obj","2385","2026-04-14T13:47:10.0000000Z","f8c2a570c694d1a386adbd5433cdf7b6bf6a89a9e9ee2879d7bf90e0fc8dd724"
"Assets/_Game/Art/Prefabs/Enemies/E01.obj.meta","2939","2026-04-14T13:47:10.0000000Z","7fd999cd0c7419de1d021db1cbc914eafb3bf43db1f8081877a7f9ea6ee43050"
"Assets/_Game/Art/Prefabs/Enemies/E02.obj","4135","2026-04-14T13:47:10.0000000Z","0c328a6593b8f98410d3b7306276be89687e37bc71030ed7f9317ca684efd5ce"
"Assets/_Game/Art/Prefabs/Enemies/E02.obj.meta","2939","2026-04-14T13:47:10.0000000Z","e8d77c3311f78a709a22b990ec4f93d6b889b68c15be6affb0ca1055640d8646"
"Assets/_Game/Art/Prefabs/Enemies/E03.obj","2296","2026-04-14T13:47:10.0000000Z","1f36b959a4082b113e60a2728c78106aeb6ec2fd5936fa5f3f639ef40b05c7d3"
"Assets/_Game/Art/Prefabs/Enemies/E03.obj.meta","2939","2026-04-14T13:47:10.0000000Z","55ba6173b2212380e7c5307ee1f53dec3aa947bca8df2021fa8e1675ff3abc8d"
"Assets/_Game/Art/Prefabs/Enemies/E04.obj","18739","2026-04-14T13:47:10.0000000Z","c064b3c872ef680877a1b1e5250baa7574f2c89d509d8ee01659cf93a7def83c"
"Assets/_Game/Art/Prefabs/Enemies/E04.obj.meta","2939","2026-04-14T13:47:10.0000000Z","27d3086887579bd05fb6be9509c41b48a3f3450ea68c3752d612abec55ffc05c"
"Assets/_Game/Art/Prefabs/Enemies/E05.obj","1040","2026-04-14T13:47:10.0000000Z","8863d61b626a302fa07b565ddd3fd3d2f78e60d72e4a75e086a890fe2cb166bc"
"Assets/_Game/Art/Prefabs/Enemies/E05.obj.meta","2939","2026-04-14T13:47:10.0000000Z","02ab7ef6095110a58ee51e8d293de4e85a65466ebeb16d3a5a13c7558d55326c"
"Assets/_Game/Art/Prefabs/Enemies/E06.obj","65844","2026-04-14T13:47:10.0000000Z","4d468725bf186c6084473e7c449296005924becf1cc5268c1c433e5a2b02ae4a"
"Assets/_Game/Art/Prefabs/Enemies/E06.obj.meta","2939","2026-04-14T13:47:10.0000000Z","949b59549267f52801df1841aded00a182aea69945dde5cd5c9538f093abda68"
"Assets/_Game/Art/Prefabs/Enemies/E07.obj","158088","2026-04-14T13:47:10.0000000Z","c0606e17bd55aeed77e149cca974dd7e9d252187ab6ecb27a5afea6a79ba005f"
"Assets/_Game/Art/Prefabs/Enemies/E07.obj.meta","2939","2026-04-14T13:47:10.0000000Z","ae379c26882c29d101d71909156b563edbb7ceaa7ca47437f37c90d919e5b5f2"
"Assets/_Game/Art/Prefabs/Enemies/E08.obj","10056","2026-05-01T15:51:56.0000000Z","161c72777a10a6a943f9660d298eb322c4217158d2397e522850b8940bcfdd8d"
"Assets/_Game/Art/Prefabs/Enemies/E08.obj.meta","2830","2026-05-01T15:57:16.0000000Z","4094d890e8ae5d5af1ddfd3d08d5e2df42d9e218d61ec22ed474e54a2eb73ef0"
"Assets/_Game/Art/Prefabs/Enemies/E09.obj","4233","2026-05-01T15:51:56.0000000Z","29aaec93db567df0084e981fe9e1f87095aec4b17d761e349d50bb20b9457b6d"
"Assets/_Game/Art/Prefabs/Enemies/E09.obj.meta","2830","2026-05-01T15:57:16.0000000Z","30f39d33e2f4272fd1f082bb65c812485da21dc7edec644b53f008f9e6a41a57"
"Assets/_Game/Art/Prefabs/Enemies/E10.obj","117823","2026-05-01T15:51:58.0000000Z","1b4d479f9cccd28bf75814376308dd6df9051c98e227772e4031fa7a5c640c61"
"Assets/_Game/Art/Prefabs/Enemies/E10.obj.meta","2830","2026-05-01T15:57:16.0000000Z","3af04db60b487216d2eb2bf6d5fc654618294801b324a47b00f90d1348e0562f"
"Assets/_Game/Art/Prefabs/Enemies/E11.obj","266661","2026-05-01T15:52:00.0000000Z","d90022a1dad275896df3087349e4ccd824741f709882d42f7251987c199d96de"
"Assets/_Game/Art/Prefabs/Enemies/E11.obj.meta","2830","2026-05-01T15:57:16.0000000Z","a63565c493f87991e721219f982c47f81d853301de0225e3d5a6d47d2de062ea"
"Assets/_Game/Art/Prefabs/Enemies/E12.obj","25863","2026-05-01T15:51:58.0000000Z","f3111988b807248fb6258e0e8b424c6aafc705580b8e4bc1394f73edc7ba7cd0"
"Assets/_Game/Art/Prefabs/Enemies/E12.obj.meta","2830","2026-05-01T15:57:16.0000000Z","75ab7015f701180de05ac1136a6042b26520bf1f14fa48915756bebb4799ac08"
"Assets/_Game/Art/Prefabs/Enemies/E13.obj","44458","2026-05-01T15:51:58.0000000Z","3f25637c964c3f8c884028eb78a5f7adb5b2bd91fdd5f3a73d2e5ebb9caf649f"
"Assets/_Game/Art/Prefabs/Enemies/E13.obj.meta","2830","2026-05-01T15:57:16.0000000Z","092605ddd9af7fe0c5f34fc824fc871367dd2ad04b4a5e50a293d06dd885262b"
"Assets/_Game/Art/Prefabs/Enemies/E14.obj","1378","2026-05-01T15:51:58.0000000Z","23032843f96198d65e78d2867fd2e312128172a7c1242beaf436b7ab96a6d488"
"Assets/_Game/Art/Prefabs/Enemies/E14.obj.meta","2830","2026-05-01T15:57:16.0000000Z","c9357a74d1bf7151da7999e765d1351866730093507a1f42cd0556998a6d8d91"
"Assets/_Game/Art/Prefabs/Enemies/E15.obj","145926","2026-05-01T15:51:58.0000000Z","0815f8ff2f855612bf6c48c1ed436685a7ddcb49bc622b2dd63a4cf21b5de716"
"Assets/_Game/Art/Prefabs/Enemies/E15.obj.meta","2830","2026-05-01T15:57:16.0000000Z","ebb97c248a9765cfe1c0c0b732d5b05b2150b1e9d6c5806cf0f80fe65e3bbdab"
"Assets/_Game/Art/Prefabs/Enemies/PF_E01.prefab","7117","2026-08-06T07:49:25.7214557Z","f49c5e157b5ca19fd371a9a9942c11adb23afada8bcc1f73b7d2d0363fbbb594"
"Assets/_Game/Art/Prefabs/Enemies/PF_E01.prefab.meta","154","2026-08-06T07:49:25.7401836Z","050aef9c566ded9cb79543d36e3209aba297f88698038e921c9fbc40bc31388d"
"Assets/_Game/Art/Prefabs/Enemies/PF_E02.prefab","14339","2026-08-06T07:49:25.7672946Z","9cd113aca612cf549d120525bb31b0a6cb9581f647c43dbea74389a3ecd0be2d"
"Assets/_Game/Art/Prefabs/Enemies/PF_E02.prefab.meta","154","2026-08-06T07:49:25.7856681Z","e81435ae654653889cfb91643ed566888400e9cf3ca5659023ce1ce871c625aa"
"Assets/_Game/Art/Prefabs/Enemies/PF_E03.prefab","3096","2026-08-06T07:49:25.8144925Z","8445ad38d26ede0ccadd58ad264d3fe2fe7a9e5c2420b25d1fd67d080ecbe33d"
"Assets/_Game/Art/Prefabs/Enemies/PF_E03.prefab.meta","154","2026-08-06T07:49:25.8338752Z","9b89c6c9b94ecbb029340145b610a8a885fe88dddfcf4d992edea3daae673462"
"Assets/_Game/Art/Prefabs/Enemies/PF_E04.prefab","3104","2026-08-06T07:49:25.8605014Z","fdad59d77dfc939376d4b4f69b853baca3e5bb9ee07afd6073b2fec7e44a5ee7"
"Assets/_Game/Art/Prefabs/Enemies/PF_E04.prefab.meta","154","2026-08-06T07:49:25.8813839Z","68477c13d8724480b97e49f0db61a0959ff6422a4efb3af873b95cd58c40b3d7"
"Assets/_Game/Art/Prefabs/Enemies/PF_E05.prefab","3099","2026-08-06T07:49:25.9098891Z","f289718c7bf2bbfc3905991e148b8bbdb0da8c8f1c997401e114db73a6a64dd4"
"Assets/_Game/Art/Prefabs/Enemies/PF_E05.prefab.meta","154","2026-08-06T07:49:25.9299145Z","149f06e5efcafe90d5d86c1468cfdab68e59c0f9a2cb8ff75e1fed7f340375bf"
"Assets/_Game/Art/Prefabs/Enemies/PF_E08.prefab","10148","2026-08-06T07:49:26.1071510Z","d66ae4e2a7293bd6514220ae1d87ea478c98d09247fc706bcf0f8817aa32aada"
"Assets/_Game/Art/Prefabs/Enemies/PF_E08.prefab.meta","154","2026-08-06T07:49:26.1265071Z","72c541d4a8d086778fe1d6b5bc2bf4b5ce535b7dc3f348d44b680c9b71843647"
"Assets/_Game/Art/Prefabs/Enemies/PF_E09.prefab","10130","2026-08-06T07:49:26.2116240Z","570f210880d7a9cfa4b04c2aaf2f73f3602a862abae9290a2c09214dbf138bd1"
"Assets/_Game/Art/Prefabs/Enemies/PF_E09.prefab.meta","154","2026-08-06T07:49:26.2311135Z","a2bb3cb522d76fe90719dd6024be015f033786536b37a0bf93aa71cbb5a5f35d"
"Assets/_Game/Art/Prefabs/Enemies/PF_E10.prefab","3101","2026-08-06T07:49:26.3200881Z","bb72350681b78d6c97ca6d996f21cf1e8789ad9edd21477f1a236f1c83cb16f0"
"Assets/_Game/Art/Prefabs/Enemies/PF_E10.prefab.meta","154","2026-08-06T07:49:26.3411817Z","bdbe5bb9dac7a83da17bcdc5f4ca19fca4a08d2ae303c557d5b85ecb5e6c41b6"
"Assets/_Game/Art/Prefabs/Enemies/PF_E11.prefab","3101","2026-08-06T07:49:26.4313519Z","5c530a8cb0e94272139cbcbdeae8059d071d284d68f747dd1d6c8b649c6c03f4"
"Assets/_Game/Art/Prefabs/Enemies/PF_E11.prefab.meta","154","2026-08-06T07:49:26.4504303Z","12c6b3f58f8e8f797c77626891658293485a6d037d08b50f2231a2b8b1b9bcb2"
"Assets/_Game/Art/Prefabs/Environment.meta","180","2026-05-20T11:42:40.4341109Z","c5b98114cae1875fe8d32ee6c4470fde404a3c2f155d10f9920c8ad87cfed5e1"
"Assets/_Game/Art/Prefabs/Environment/.gitkeep","2","2026-05-20T11:42:40.4351608Z","7eb70257593da06f682a3ddda54a9d260d4fc514f645237f5ca74b08f8da61a6"
"Assets/_Game/Art/Prefabs/Models.meta","172","2026-04-16T12:45:24.0000000Z","3b3b26e26ae012bd2be9e74ab71a9830a71b2df8a49a0e8016fb218d8c944397"
"Assets/_Game/Art/Prefabs/Models/companywar.shader","1996","2026-05-06T15:49:36.0000000Z","687ccfe55835f872c87e633c458835ca2a2989c5aabf7a0c28e62593f3396022"
"Assets/_Game/Art/Prefabs/Models/companywar.shader.meta","204","2026-05-06T15:49:48.0000000Z","286de5ee7f36505c99d6394c73b31c529084214f3f7ff976e6a4525d09822f16"
"Assets/_Game/Art/Prefabs/Models/MD_E01.prefab","3909","2026-04-16T12:45:28.0000000Z","f1863d304d2427c95395baffc6574ed894bb27231bd208a7634d922113db9439"
"Assets/_Game/Art/Prefabs/Models/MD_E01.prefab.meta","154","2026-04-16T12:45:28.0000000Z","58a91f6fefaa34b9be9fccabb8a55703a3f4c3ddb94580e98bde65368d6caa30"
"Assets/_Game/Art/Prefabs/Models/MD_E02.prefab","3904","2026-04-16T12:45:28.0000000Z","d987b7556c29d7eb6ee26ceeefe4d292c6c8aaa76e481d732cb26f167c17a047"
"Assets/_Game/Art/Prefabs/Models/MD_E02.prefab.meta","154","2026-04-16T12:45:28.0000000Z","26f309b6de4247a3b9aa92133a625ffa7b56b7bcf0fb23bc8ab2c55f1da76fd3"
"Assets/_Game/Art/Prefabs/Models/MD_E03.prefab","3904","2026-04-16T12:45:28.0000000Z","ad5cf40d1b6a9673a0aca0bd9093a94a947bfc5b6c5d13984eda756ea0e667bc"
"Assets/_Game/Art/Prefabs/Models/MD_E03.prefab.meta","154","2026-04-16T12:45:28.0000000Z","f4c7a93a079e0b809b15240a62a0b8ce4f7232b112e7bc3646b1d5b2081308c7"
"Assets/_Game/Art/Prefabs/Models/MD_E04.prefab","3904","2026-04-16T12:45:28.0000000Z","67b3815072884b1da44eeb84aab8c534869a2cf9b917aec75c95c680d7d99bca"
"Assets/_Game/Art/Prefabs/Models/MD_E04.prefab.meta","154","2026-04-16T12:45:28.0000000Z","dffd93d20785dac3c139163261547bce85154e7b120c47d8f480b0f73a722b56"
"Assets/_Game/Art/Prefabs/Models/MD_E05.prefab","3904","2026-04-16T12:45:28.0000000Z","6719ba46566a56a5b1940a02cf30b3d35007965829e90a8dcc50b28015589785"
"Assets/_Game/Art/Prefabs/Models/MD_E05.prefab.meta","154","2026-04-16T12:45:28.0000000Z","d7ed982056e8a2de8a28d2aa62814ca8342494e7c21b1d22cf885d78358db77d"
"Assets/_Game/Art/Prefabs/Models/MD_E06.prefab","3895","2026-04-16T12:45:28.0000000Z","2feb2110fb83eef4386631ca560f8a00660ffa4096a166b647c8203adcb81c6b"
"Assets/_Game/Art/Prefabs/Models/MD_E06.prefab.meta","154","2026-04-16T12:45:28.0000000Z","2aedcbe2640f444562e2fcb733315e4edd1f748bd1949264b3e3950345262210"
"Assets/_Game/Art/Prefabs/Models/MD_E07.prefab","3904","2026-04-16T12:45:30.0000000Z","b140aedea643627861562632d71367126b73f834a037fa612e72c9c05dddbe41"
"Assets/_Game/Art/Prefabs/Models/MD_E07.prefab.meta","154","2026-04-16T12:45:30.0000000Z","0b15528b3a8f525e8c1a107500e74a1cb830883c4955b9e40014141e59b1132a"
"Assets/_Game/Art/Prefabs/Models/MD_U01.prefab","3901","2026-04-16T12:45:24.0000000Z","36c32f67d5b1a38a3d4e0d6f4a229d8c54c854a121ad43e068a87f04bf09a9be"
"Assets/_Game/Art/Prefabs/Models/MD_U01.prefab.meta","154","2026-04-16T12:45:24.0000000Z","b21ab5b6433ea2d0c2ff67f6e50b7c0a186ba66c37b76e39a348fa781e34539d"
"Assets/_Game/Art/Prefabs/Models/MD_U02.prefab","6914","2026-04-16T12:45:24.0000000Z","f64f1abe8564248fd9ba86dc484c3f4ceac67060f16a0614e3e91c749d1b4d11"
"Assets/_Game/Art/Prefabs/Models/MD_U02.prefab.meta","154","2026-04-16T12:45:24.0000000Z","f3b7c6bc33d10ad285bdd5c16251b60bd8159127d4fe45631fdb79e223756f07"
"Assets/_Game/Art/Prefabs/Models/MD_U03.prefab","9921","2026-04-16T12:45:26.0000000Z","1a4df07bbf2eb457dda5880db320036eaf6c52f501302b19c15d2fbfd0720a0f"
"Assets/_Game/Art/Prefabs/Models/MD_U03.prefab.meta","154","2026-04-16T12:45:26.0000000Z","d52d3e61d66ed1b833861dfb1bdf341887073bd116bbbbf32d3cc849f5f69867"
"Assets/_Game/Art/Prefabs/Models/MD_U04.prefab","3909","2026-04-16T12:45:26.0000000Z","0fac5fe0ffa99abc9aead112417348fb620efe641efa58109ac02e36fe6c464f"
"Assets/_Game/Art/Prefabs/Models/MD_U04.prefab.meta","154","2026-04-16T12:45:26.0000000Z","8cd6c0ddee608dbbf76dd8c7149a9ec98b27a42d8c010d600fe3bc00d4f5b101"
"Assets/_Game/Art/Prefabs/Models/MD_U05.prefab","6918","2026-04-16T12:45:26.0000000Z","96c34db7c518f7e922f6e852c60c5b7f569eebb65a56aa85251441e1bcd299af"
"Assets/_Game/Art/Prefabs/Models/MD_U05.prefab.meta","154","2026-04-16T12:45:26.0000000Z","6266fccadbfd47a0d1fb97e41a0d06bb2c80fafc74ded5b9679c99efcfb6ace6"
"Assets/_Game/Art/Prefabs/Models/MD_U06.prefab","3900","2026-04-16T12:45:26.0000000Z","2648c9d46f4d0dee981f5734962897478fc15897498910e5b94eb08c67248124"
"Assets/_Game/Art/Prefabs/Models/MD_U06.prefab.meta","154","2026-04-16T12:45:26.0000000Z","27d961f7c2adb1772de9914c35fc3a05e9a6542cb755eb443519cdcb51a913fc"
"Assets/_Game/Art/Prefabs/Models/MD_U07.prefab","3902","2026-04-16T12:45:26.0000000Z","2244361b921b1933d4d91d79535f20cac28b1f3a565971305a8e16dee509fd3c"
"Assets/_Game/Art/Prefabs/Models/MD_U07.prefab.meta","154","2026-04-16T12:45:26.0000000Z","559742f08a4ee06e0c782ed45acc7d809de6317dd0a27c52e00fc8a4ffb8e5c1"
"Assets/_Game/Art/Prefabs/Models/MD_U08.prefab","3899","2026-04-16T12:45:26.0000000Z","b652486631a9b84dc163ff9c5e8abc00de2104c5a6ca694ca1a27d8b82c5072e"
"Assets/_Game/Art/Prefabs/Models/MD_U08.prefab.meta","154","2026-04-16T12:45:26.0000000Z","81c93719883ae53fecfdb7423183097e49d073bf4bfcf001ce3833b2a14eb39e"
"Assets/_Game/Art/Prefabs/Models/MD_U09.prefab","3902","2026-04-16T12:45:26.0000000Z","dd01a5c3c9e7844593ce1c613ef3447b48e34f0cb4f09c5d531101c296284d7f"
"Assets/_Game/Art/Prefabs/Models/MD_U09.prefab.meta","154","2026-04-16T12:45:26.0000000Z","8aa2538880ea4c1187038bb7c8eef445facd833f760888c9a23cb188e1a06ee1"
"Assets/_Game/Art/Prefabs/Models/MD_U10.prefab","3901","2026-04-16T12:45:26.0000000Z","efc0986f60778b70e1566cc70f78eaebdec8c141a193eeae01b3bdf0e5c3fbec"
"Assets/_Game/Art/Prefabs/Models/MD_U10.prefab.meta","154","2026-04-16T12:45:26.0000000Z","c67e84359ca35498b1fa10d822c41050800fba20d476acf69c71e8aebdd585c0"
"Assets/_Game/Art/Prefabs/Models/MD_U11.prefab","3905","2026-04-16T12:45:28.0000000Z","83011aaf6d407c1b8e81f699fc3d92e5fc3573fd3d3b069317f944c399fcc2e0"
"Assets/_Game/Art/Prefabs/Models/MD_U11.prefab.meta","154","2026-04-16T12:45:28.0000000Z","cb116793b1d8e96e08440be255d6b78284818aec7fd3bfda843b8ef6131b2632"
"Assets/_Game/Art/Prefabs/Models/MD_U12.prefab","3902","2026-04-16T12:45:28.0000000Z","68ba32dabd6cb367dee0eb27fab1d36c37d12037f95e5887157323751f0ca21f"
"Assets/_Game/Art/Prefabs/Models/MD_U12.prefab.meta","154","2026-04-16T12:45:28.0000000Z","c6c3ee1464fdd2e76846569e1e8e2bc1e46ad6c54d848623f3c56f39ee8f5849"
"Assets/_Game/Art/Prefabs/Models/Shader2_CULL.shader","2836","2026-05-06T15:49:36.0000000Z","bc37e8ea113f7cbe00bf94ea90a3ca350d1cbe03818814e088403d2f5e39f12c"
"Assets/_Game/Art/Prefabs/Models/Shader2_CULL.shader.meta","204","2026-05-06T15:49:48.0000000Z","0aa32688bf4c5d3d9a2e3ecab24d06302cd10bac64c2a11663a942ccb0ce143e"
"Assets/_Game/Art/Prefabs/Models/Shader3_ALPHA TEST.shader","1878","2026-05-06T15:49:38.0000000Z","2818b555cdbb2b5719d2e6cf8028c2796b083e362fa46b23577d8981ac82e808"
"Assets/_Game/Art/Prefabs/Models/Shader3_ALPHA TEST.shader.meta","204","2026-05-06T15:49:48.0000000Z","dbe7b976db9d14eefa06c79db1cb54110a7ca9edc9a16865321be91d10629a05"
"Assets/_Game/Art/Prefabs/Units.meta","172","2026-04-16T12:37:58.0000000Z","d1a1e6c8db1029c94e9e19139189abaefd8357c314383baea4b6ddfc89a27b07"
"Assets/_Game/Art/Prefabs/Units/Mat_E01.mat","2273","2026-05-08T16:10:02.7267096Z","313eb1cfd3a4b96e1d52c0874ce5f8a596504ca0d76ce640a850dd4985bb28e8"
"Assets/_Game/Art/Prefabs/Units/Mat_E01.mat.meta","196","2026-05-08T16:10:02.7277088Z","016bfbdec2be2e28344a6dab0ff495d966804c9a2511723b070f9451272be352"
"Assets/_Game/Art/Prefabs/Units/PF_U01.prefab","5098","2026-08-06T07:49:24.0573742Z","2b70b069ae976876f596658f8d6be30184946cc2f2b400bdddb4853ad7937c62"
"Assets/_Game/Art/Prefabs/Units/PF_U01.prefab.meta","154","2026-08-06T07:49:24.0795635Z","ff9a80726490dca474102428dde5b46af5d97b7c29e1caca0da18a5dfedd8654"
"Assets/_Game/Art/Prefabs/Units/PF_U02.prefab","5095","2026-08-06T07:49:24.1237080Z","52b7bdb4393f99e4a5c2983ddc182cfc49f9eb6401922ce498fe763f52311e85"
"Assets/_Game/Art/Prefabs/Units/PF_U02.prefab.meta","154","2026-08-06T07:49:24.1435762Z","55431627c184cf20f5270a82fa9d217b15ab476cab75172fec18256ba2022182"
"Assets/_Game/Art/Prefabs/Units/PF_U03.prefab","5104","2026-08-06T07:49:24.1657665Z","61865c43a93c05463df61c8a31d0946967e1f5ce7828e5f13f98271a8af9150b"
"Assets/_Game/Art/Prefabs/Units/PF_U03.prefab.meta","154","2026-08-06T07:49:24.1832043Z","6f5dea3d55e80a4edbcd0fc47f3c347a3b0147b3d3dc4ebb9d1358c995481bd2"
"Assets/_Game/Art/Prefabs/Units/PF_U04.prefab","6041","2026-08-06T07:49:24.2056617Z","248ab711faa29fad97c492fc19d3c21bc87d077459d307574a283a17077ad57b"
"Assets/_Game/Art/Prefabs/Units/PF_U04.prefab.meta","154","2026-08-06T07:49:24.2222500Z","46615341ce4ec1023eee065c7cb8a848f5afde888f1d6ca4d77de68be5850421"
"Assets/_Game/Art/Prefabs/Units/PF_U05.prefab","5104","2026-08-06T07:49:24.2435202Z","e9c45f60f3c3c6186d6b7a3551c70357c51467705f58631ce92e5994045cb8cb"
"Assets/_Game/Art/Prefabs/Units/PF_U05.prefab.meta","154","2026-08-06T07:49:24.2611269Z","5d0ba509f57aca8f945bc2c225314209f25ae54c639d13dd6e62f181f079555e"
"Assets/_Game/Art/Prefabs/Units/PF_U06.prefab","5095","2026-08-06T07:49:24.2822360Z","6be6fe48e3deeb0ab351834d058eef714fcdc2fd214f1b30f3746c46ade01cad"
"Assets/_Game/Art/Prefabs/Units/PF_U06.prefab.meta","154","2026-08-06T07:49:24.2999352Z","d92b058289cb14c9a16afadc97a977940f04fb988a42ddb7a280afaabc07cf07"
"Assets/_Game/Art/Prefabs/Units/PF_U07.prefab","5101","2026-08-06T07:49:24.3241567Z","71051a15d6013d884baca3960885ed268976961fb3d281866ad997534f972952"
"Assets/_Game/Art/Prefabs/Units/PF_U07.prefab.meta","154","2026-08-06T07:49:24.3426081Z","42cf2f289b57791384e3cdcf6060b6c31445695120c68783ae45052e27c49dbb"
"Assets/_Game/Art/Prefabs/Units/PF_U12.prefab","6052","2026-08-06T07:49:24.5056198Z","e740b052ac07c71578eeee359f22f059254ba5c853c209dbf2c6f033c6f6aeac"
"Assets/_Game/Art/Prefabs/Units/PF_U12.prefab.meta","154","2026-08-06T07:49:24.5231895Z","cb07aabeb5ea8039d2be21905ac2de94ac0efec826c8bb2ce6ac146a41e96f28"
"Assets/_Game/Art/Prefabs/Units/PF_U13.prefab","5102","2026-08-06T07:49:24.6154753Z","a414d1dccbb18507e97a91789ff344c843d73a59967ece5cf16bcf15de4b8b5e"
"Assets/_Game/Art/Prefabs/Units/PF_U13.prefab.meta","154","2026-08-06T07:49:24.6341106Z","44d3b5cfc673e574ef134689ea1b5c458dc8bc20fabdadfd8f06f5af1f7f3fa4"
"Assets/_Game/Art/Prefabs/Units/PF_U14.prefab","5128","2026-08-06T07:49:24.6578485Z","85ebaadbcfbc9059fa42469b845dc8fe19d2d0790710f1d14e50b4cd7c9565c6"
"Assets/_Game/Art/Prefabs/Units/PF_U14.prefab.meta","154","2026-08-06T07:49:24.6761970Z","e2f3c9463c27def9bbc80c87462a33165b267c385680481213445bf130782209"
"Assets/_Game/Art/Prefabs/Units/PF_U15.prefab","5101","2026-08-06T07:49:24.7494846Z","c67ac01f5efcdc41b79b15739512955f9f1acae92e8f028913b7fc14bfc49ff0"
"Assets/_Game/Art/Prefabs/Units/PF_U15.prefab.meta","154","2026-08-06T07:49:24.7666945Z","f395931e85453ab378123dda71b7bac46aabd8b94ecfb4df2238a51c90806146"
"Assets/_Game/Art/Prefabs/Units/PF_U16.prefab","5104","2026-08-06T07:49:24.8469928Z","4fc78a20b7ef3e87449f2f7d70a5348c1bc27e1f783830d264c75089c32e0d3d"
"Assets/_Game/Art/Prefabs/Units/PF_U16.prefab.meta","154","2026-08-06T07:49:24.8666861Z","49eb0a33dbff61769003aa78851bb5386e0ef9e3caaa727070c5c50d41a9829f"
"Assets/_Game/Art/Prefabs/Units/PF_U17.prefab","5102","2026-08-06T07:49:24.9442049Z","84261c8c74bc5f8440d8585edc426969d43a7e892d76838dfb99b0618023e512"
"Assets/_Game/Art/Prefabs/Units/PF_U17.prefab.meta","154","2026-08-06T07:49:24.9622155Z","10017fd4621f1ef0e34bdff1bf329efc4cd53ecc91c98b671e53aebe67aff99a"
"Assets/_Game/Art/Prefabs/Units/PF_U18.prefab","5102","2026-08-06T07:49:25.0407946Z","7f5888657b941b909c49d328f5ceeb9bbdcca9091fe7e3b95b981db98bf8c45b"
"Assets/_Game/Art/Prefabs/Units/PF_U18.prefab.meta","154","2026-08-06T07:49:25.0605767Z","bf8a85fa34e5735bca9ab0db80f6802c316a2ca9a521eb3629101c87ad53d189"
"Assets/_Game/Art/Prefabs/Units/PF_U19.prefab","5104","2026-08-06T07:49:25.1389915Z","75a03ea6b01908fbcfb21b00451a1841008d482a52ff220a2a892cb20dabecd7"
"Assets/_Game/Art/Prefabs/Units/PF_U19.prefab.meta","154","2026-08-06T07:49:25.1576712Z","f4164aa4204fa1fbc37acdcf2ba186afefeee4ff24318d1ef184e09cf71a3c8e"
"Assets/_Game/Art/Prefabs/Units/PF_U20.prefab","5100","2026-08-06T07:49:25.2434199Z","dee87878d7578b02d1ab707d25fe05d969fd4b3fdb2f4c9e1f53833dc660bd35"
"Assets/_Game/Art/Prefabs/Units/PF_U20.prefab.meta","154","2026-08-06T07:49:25.2612379Z","ee9bdd2e94f0cd71f594bc7ebb1e9ac5c94d32b5a517e1c5e881772977e3689c"
"Assets/_Game/Art/Prefabs/Units/PF_U22.prefab","5104","2026-08-06T07:49:25.4476030Z","ae77d348bb3686a107bb0e189a7d4324f45a0a1bf1f83335b2e2e10ed774bb71"
"Assets/_Game/Art/Prefabs/Units/PF_U22.prefab.meta","154","2026-08-06T07:49:25.4668497Z","6563ee379c0443809e5b8d200d911e375b804deabd31e8bd3a9060d6ed194c12"
"Assets/_Game/Art/Prefabs/Units/PF_U23.prefab","5100","2026-08-06T07:49:25.5558396Z","04064582377a6b90f1ab06e0b67606f47d63469cb505ed6907a0ba325c182510"
"Assets/_Game/Art/Prefabs/Units/PF_U23.prefab.meta","154","2026-08-06T07:49:25.5816262Z","6e49e00eabd8f3c0483c3cbe5ef99ff7fc675e3181b00e78a89a497e0716c6e2"
"Assets/_Game/Art/Prefabs/Units/PF_U24.prefab","5102","2026-08-06T07:49:25.6745760Z","fc7defffb435783c14257bb1d88d51e14293ff15d68b60f2e2d35394c295a38e"
"Assets/_Game/Art/Prefabs/Units/PF_U24.prefab.meta","154","2026-08-06T07:49:25.6953082Z","9830bc101fe3cc7f6e95626f9b74a44b3bd13145a28f240f400bc5a55a549ae9"
"Assets/_Game/Art/Prefabs/Units/U01.obj","66661","2026-04-14T13:47:10.0000000Z","cd35daa9e3b242d8f5a0110013b1a45929a46788066864fd167521c6de9747a7"
"Assets/_Game/Art/Prefabs/Units/U01.obj.meta","2939","2026-04-14T13:47:10.0000000Z","88ca3ea6de90e05a41356ffbaeb82a67b85bd3fbecae7f266402e78666619cd9"
"Assets/_Game/Art/Prefabs/Units/U01.prefab","3795","2026-04-22T03:13:34.0000000Z","7e6cc7a8971cfaea966f2e22f482af61edbd5265ae633d4b681dc21eccc58cef"
"Assets/_Game/Art/Prefabs/Units/U01.prefab.meta","154","2026-04-22T03:13:34.0000000Z","1c91cedb2827290f875ebb77ea3edd19ac1813a68b6f551e3af905dd7c8dda8c"
"Assets/_Game/Art/Prefabs/Units/U02.obj","71628","2026-04-14T13:47:10.0000000Z","9c5e359a27b62cb6fe7a06f150097f2e79fe685a3ae1f422c8a90e104c2547ef"
"Assets/_Game/Art/Prefabs/Units/U02.obj.meta","2939","2026-04-14T13:47:10.0000000Z","09c79bb3035a18752836c952fb279b9604297073d14515e70ad3546f692826a7"
"Assets/_Game/Art/Prefabs/Units/U02.prefab","3614","2026-04-22T03:14:40.0000000Z","810470e76c978033cc1d81bf54f26379f45bb10a1cdeedbbf9b5736e6a342c6a"
"Assets/_Game/Art/Prefabs/Units/U02.prefab.meta","154","2026-04-22T03:14:40.0000000Z","9545893bda0103e62b384f70ce47a2a23952dd1174f3da231433a2a024fd0d24"
"Assets/_Game/Art/Prefabs/Units/U03.obj","144204","2026-03-25T02:46:16.0000000Z","1a6ad5d05b40c90fcc0372ecdc49624d4a7c1ddc9b353b435e64de8ca85ec564"
"Assets/_Game/Art/Prefabs/Units/U03.obj.meta","2830","2026-04-22T04:05:50.0000000Z","b5468509fb6e8fda6ca5a27f9ffbaa5db807c01f1ad217924914a5945a51b01c"
"Assets/_Game/Art/Prefabs/Units/U03.prefab","3638","2026-04-22T03:15:22.0000000Z","f1e4a4f76efe5e395d30b6ab8a248b79ea008a8ecc256941601dd909003c4800"
"Assets/_Game/Art/Prefabs/Units/U03.prefab.meta","154","2026-04-22T03:15:22.0000000Z","811b19159ed62f1485f82ec6d50c86e459dea22277394cd6d0042c0df5985b22"
"Assets/_Game/Art/Prefabs/Units/U04.obj","4071","2026-04-14T13:47:10.0000000Z","36430befcd9246c0ff6f66e16e5ef987005a65c9e0fce16415f7f1510dfa7a9f"
"Assets/_Game/Art/Prefabs/Units/U04.obj.meta","2939","2026-04-14T13:47:10.0000000Z","3f03919b19663531c4388da3de72c1b34aa6417bb3defb3a7d6e7bc9f6253490"
"Assets/_Game/Art/Prefabs/Units/U04.prefab","3632","2026-04-22T03:16:12.0000000Z","3e26daa588ae453ec5b955af85cd1b486b4bb7e116bc2b89630d411b72e09791"
"Assets/_Game/Art/Prefabs/Units/U04.prefab.meta","154","2026-04-22T03:16:12.0000000Z","2008ed42f92be20318acb7d841611038b21b162b8fb000b5c7f765b90edf50cd"
"Assets/_Game/Art/Prefabs/Units/U05.obj","7410","2026-03-25T02:51:02.0000000Z","6d8766fdc6dc274069fa544790b3e7364d412340d50630bb517243f8e8578517"
"Assets/_Game/Art/Prefabs/Units/U05.obj.meta","2830","2026-04-22T04:06:02.0000000Z","a62c0f923eddc5ffd2f5fb468beab30ff64b8b9e4587fd3fbb8820eaecb494b4"
"Assets/_Game/Art/Prefabs/Units/U05.prefab","3622","2026-04-22T03:16:42.0000000Z","45c6c661b8e11ecd0771b7644ed29d153d566df4fe1d056182868abc35d06203"
"Assets/_Game/Art/Prefabs/Units/U05.prefab.meta","154","2026-04-22T03:16:42.0000000Z","4d9ed7a7b006a84081f8687b863257ccdae274cdf383ee22f75e38e4e5ba8c1d"
"Assets/_Game/Art/Prefabs/Units/U06.obj","55232","2026-03-25T02:42:54.0000000Z","d67078953187c4786242c5db2c7c8ee37012adee3ebd306dd48076f3d367fadf"
"Assets/_Game/Art/Prefabs/Units/U06.obj.meta","2830","2026-04-22T04:06:08.0000000Z","e1afa6714423fa4f2068491222272dae3a2445b63177052d6821d3f285c51924"
"Assets/_Game/Art/Prefabs/Units/U06.prefab","3630","2026-04-22T03:17:40.0000000Z","524a9845423db3d88954967cb21234d5dfe5f120dcab6d4231ac023effa9e2fa"
"Assets/_Game/Art/Prefabs/Units/U06.prefab.meta","154","2026-04-22T03:17:40.0000000Z","bf2ddbc50219fb68f5c3ea6833c8f2769ce41764cccf71ab82d0fbd4a8462ad8"
"Assets/_Game/Art/Prefabs/Units/U07.obj","282033","2026-03-25T02:45:34.0000000Z","919f7a55284664345635d3fca6bf25e23990ec71514645ea6df33ef26e26904a"
"Assets/_Game/Art/Prefabs/Units/U07.obj.meta","2830","2026-04-22T04:06:14.0000000Z","0e6da8fb357a9ada2012229d673ba4b555d085d27087985a98d9e35dbac0de3b"
"Assets/_Game/Art/Prefabs/Units/U07.prefab","3636","2026-04-22T03:18:34.0000000Z","1fa9a63792ca1cc0d7c4f0dc3e5fb0e4746fbc7d8e0cb69fd716fe9a8a1c2331"
"Assets/_Game/Art/Prefabs/Units/U07.prefab.meta","154","2026-04-22T03:18:34.0000000Z","3bfa09ccae367c6f305952f3d270a3f66ba6558031ea48ecfab9722ffb8a2988"
"Assets/_Game/Art/Prefabs/Units/U08.obj","10966","2026-03-25T02:41:54.0000000Z","d78d624710276e5c4460cbe8c1330f403910f0f5a8980eebf40768a255521889"
"Assets/_Game/Art/Prefabs/Units/U08.obj.meta","2830","2026-04-22T04:06:20.0000000Z","83b7d32d828f43cf314dec7b891999f19a1c544c9aa3fe1397aef7fc7b99bd6e"
"Assets/_Game/Art/Prefabs/Units/U08.prefab","3634","2026-04-22T03:20:22.0000000Z","380f4fa60a4639721545ee81dcce18ab441792a26e758d828e49529c65782a58"
"Assets/_Game/Art/Prefabs/Units/U08.prefab.meta","154","2026-04-22T03:20:22.0000000Z","f9ff14ffbbedba7a5c10f4eafa5e3cf6bd18b444f87874fe054f93acc687d7d8"
"Assets/_Game/Art/Prefabs/Units/U09.obj","27407","2026-03-25T02:41:26.0000000Z","6f4d6f3082a05c1727c8b227aac1109ed1826821a3e967c2afe431b1439b8cc3"
"Assets/_Game/Art/Prefabs/Units/U09.obj.meta","2830","2026-04-22T04:06:28.0000000Z","0ddf56b241e429e3987b8721845fd8b380e60dd4ddef8fb8abd81a6836dde259"
"Assets/_Game/Art/Prefabs/Units/U09.prefab","3634","2026-04-22T03:21:20.0000000Z","6e27ec81ce7a44fd6281ac6c8450e2086c99ec3876f8344590cf1783ee2bdce7"
"Assets/_Game/Art/Prefabs/Units/U09.prefab.meta","154","2026-04-22T03:21:20.0000000Z","7cd715a6f2d9ac896b86fe7ba1e75da57d7e41f9b52a0a63e1fdf2d60ec96bd4"
"Assets/_Game/Art/Prefabs/Units/U10.obj","3308","2026-03-25T02:40:32.0000000Z","9611f7c878f2f85bd97760e44064f65f2c3876064a285ee3912562d8e2b1cda9"
"Assets/_Game/Art/Prefabs/Units/U10.obj.meta","2830","2026-04-22T04:06:32.0000000Z","89b7c9441d987e3c20add355ea1deaa77812c1c826aa754132a9df7d66813a17"
"Assets/_Game/Art/Prefabs/Units/U10.prefab","3635","2026-04-22T03:21:56.0000000Z","0183799ee62cf30624db35eddfa324349a5305ef7d7fe48284f5e4dcb4aac84d"
"Assets/_Game/Art/Prefabs/Units/U10.prefab.meta","154","2026-04-22T03:21:56.0000000Z","b88e8b14d129974c9bc43fe7de8fbdc0b53b514859c48ec6d0831309afa0e4ac"
"Assets/_Game/Art/Prefabs/Units/U11.obj","3426","2026-04-14T13:47:10.0000000Z","471269bd2e04695be15384bfbf719451af48510c2082d3a1944c1f0a5b042bf4"
"Assets/_Game/Art/Prefabs/Units/U11.obj.meta","2939","2026-04-14T13:47:10.0000000Z","c268852d8d43e7c2babddb41a13dd8226bec2cf31d1b7d58f2f97b90d7f55372"
"Assets/_Game/Art/Prefabs/Units/U11.prefab","3636","2026-04-22T03:25:16.0000000Z","3d023187667438f771b4423cbef03a6383a46d5a25322d2a6f767790e7e68283"
"Assets/_Game/Art/Prefabs/Units/U11.prefab.meta","154","2026-04-22T03:25:16.0000000Z","6e034ebcd415dc53d3abbf057c9d4aa050fd973c579988f25f80f5147f6fa347"
"Assets/_Game/Art/Prefabs/Units/U12.obj","60990","2026-04-14T13:47:10.0000000Z","af5255f816dae5633ac53d55d3282c45224b3d278f80cdf354b6f639ffaf87b7"
"Assets/_Game/Art/Prefabs/Units/U12.obj.meta","2939","2026-04-14T13:47:10.0000000Z","1c86f9a0c8e61e3558952ac3531a7b378c842f5f97deccd9cbb2e3b008f4c53e"
"Assets/_Game/Art/Prefabs/Units/U12.prefab","3635","2026-04-22T03:27:10.0000000Z","7c7ebb2ca5ca3f44b76fcb9246f49fa203851b644b2f25a04d1128c65daa6968"
"Assets/_Game/Art/Prefabs/Units/U12.prefab.meta","154","2026-04-22T03:27:10.0000000Z","cd2b574c984933780cf28539813af88c27c66c1b578bef10f176344e529c4fc8"
"Assets/_Game/Art/Prefabs/Units/U13.obj","1714","2026-05-01T15:52:20.0000000Z","907e89488ad92602d9e70fb50a8228eb8160638c39e578c3210111a2051b9f1e"
"Assets/_Game/Art/Prefabs/Units/U13.obj.meta","2830","2026-05-01T15:57:16.0000000Z","8d2c86dc345397239e9293d08a1197c2ca05d0fe65268ac1a63bf3fbafd419a7"
"Assets/_Game/Art/Prefabs/Units/U14.obj","5323","2026-05-01T15:52:20.0000000Z","328e348a5d95467966435a2c70fbed144c8a674533f181c9dc3ee708fc5e4bc7"
"Assets/_Game/Art/Prefabs/Units/U14.obj.meta","2830","2026-05-01T15:57:16.0000000Z","354578521dec4983c17ace24adc773f1d54d97951bf55560cd1db85e4b355df5"
"Assets/_Game/Art/Prefabs/Units/U15.obj","3351","2026-05-01T15:52:20.0000000Z","f442debfcca65d526257d9fd8246fb60a8e98a8d9416a641ffc1b3817641b963"
"Assets/_Game/Art/Prefabs/Units/U15.obj.meta","2830","2026-05-01T15:57:16.0000000Z","4dc43f699e0897ee50c09acd39c1dbc8c050b449e8ce1e3ef64770818ed1c899"
"Assets/_Game/Art/Prefabs/Units/U16.obj","4655","2026-05-01T15:52:20.0000000Z","a380099a4ec68e77b840437ee3f4b74bb950490b6cff4ea5331961a1290998d3"
"Assets/_Game/Art/Prefabs/Units/U16.obj.meta","2830","2026-05-01T15:57:16.0000000Z","4020e3620acb79950db22694bd4ad9640648111d4191d35711c5672b7f90c136"
"Assets/_Game/Art/Prefabs/Units/U17.obj","86909","2026-05-01T15:52:22.0000000Z","d0c07bd35c36d23916fdfa3fe277c27b16c6e642075eae65ea793680c8fc644f"
"Assets/_Game/Art/Prefabs/Units/U17.obj.meta","2830","2026-05-01T15:57:16.0000000Z","26f02fb897dbd7759371566053a33b62b9adaccd379129e1f6d68c7bc9dfde9f"
"Assets/_Game/Art/Prefabs/Units/U18.obj","89056","2026-05-01T15:52:22.0000000Z","62a38530a303ce350fd040dd9f46e5c8b59c5f5f3a6f4544f44ed8e96921f65b"
"Assets/_Game/Art/Prefabs/Units/U18.obj.meta","2830","2026-05-01T15:57:16.0000000Z","0ffa704db5247fe676f5671d5d41f2adfd4729c2dd2e57ebfb070e2a20435acb"
"Assets/_Game/Art/Prefabs/Units/U19.obj","124096","2026-05-01T15:52:22.0000000Z","0e8c8d74889957bbdf1b99b6ee8e7465a3d4c445f263ed8fadf087c06b3c7665"
"Assets/_Game/Art/Prefabs/Units/U19.obj.meta","2830","2026-05-01T15:57:16.0000000Z","1aced158fed1e2276687f84bf7a7cba3994f19b882a7b9f1d3b875202dec8e9f"
"Assets/_Game/Art/Prefabs/Units/U20.obj","165986","2026-05-01T15:52:22.0000000Z","b9deff779deb3c5708a61bd4f7ae9ba08a32002a2b738e05e3bb892db32981c5"
"Assets/_Game/Art/Prefabs/Units/U20.obj.meta","2830","2026-05-01T15:57:16.0000000Z","fcabd79b9664c4b963fc1b50551bb9a37c2707561d82523f85c2e2c7ea37dca3"
"Assets/_Game/Art/Prefabs/Units/U21.obj","61289","2026-05-01T15:52:22.0000000Z","f643a33ad81ed7bc01d3088efe83fa70db47c4ba7d169fc48d043fb655119842"
"Assets/_Game/Art/Prefabs/Units/U21.obj.meta","2830","2026-05-01T15:57:16.0000000Z","605d302ea9d16aa2188092fd570c365a5835c4774ccaea4e0a932c971dd21651"
"Assets/_Game/Art/Prefabs/Units/U22.obj","4891","2026-05-01T15:52:24.0000000Z","dc4bdaa7b1824107d67c5cec9f7ad28d65af2326c1db8b0023accd5a228fb69e"
"Assets/_Game/Art/Prefabs/Units/U22.obj.meta","2830","2026-05-01T15:57:16.0000000Z","935be2f0950ac90c66e235353300d09587333f01cfe7751e9f03b4311add84f5"
"Assets/_Game/Art/Prefabs/Units/U23.obj","8321","2026-05-01T15:52:24.0000000Z","40ef66d523d27b949894634424427b01343c5f3a574238ca61c114656454a1e7"
"Assets/_Game/Art/Prefabs/Units/U23.obj.meta","2830","2026-05-01T15:57:16.0000000Z","61c8447cd10a40b10d8dd95602ebb9a0e136af44f8aaeeaf7a55e003f20de308"
"Assets/_Game/Art/Prefabs/Units/U24.obj","64490","2026-05-01T15:52:24.0000000Z","49ae02495404b89b7b893dae91a009a03b389de825900c9960f4f964552ffbd3"
"Assets/_Game/Art/Prefabs/Units/U24.obj.meta","2830","2026-05-01T15:57:16.0000000Z","3198551065ec546dc0903f14655aa34e884c456b6167f6fbaedd5b3ecd214349"
"Assets/_Game/Art/VFX.meta","180","2026-04-14T13:47:10.0000000Z","149321d228f9ab374ed6a3c7f4d727430e164bb1d815fe8f8e2606dcfb0da377"
"Assets/_Game/Art/VFX/Materials.meta","180","2026-04-14T13:47:10.0000000Z","9055826ed9eebf56d948b4c2a81ae1427cca73e3076f0c9d0334842b97a4ac54"
"Assets/_Game/Art/VFX/Prefabs.meta","180","2026-04-14T13:47:10.0000000Z","677a52abc2d84c23893c676367f9202f9e2c76a42b03082a0d6bfdfff647e76c"
"Assets/_Game/Art/VFX/Textures.meta","180","2026-04-14T13:47:10.0000000Z","870043735d0e0cd0372834637caf7cbc8271707bc125aba752cc059eb847cf87"
"Assets/_Game/Configs.meta","180","2026-04-14T13:47:10.0000000Z","dd7b3c813162798c2a70a7539b1edcd7cceabe2a2875c80b108f59c166a944a2"
"Assets/_Game/Configs/AuthorizationStages.json","1136","2026-04-22T17:36:12.0000000Z","3b18bde2b097cafa4e6e92e1893f57aa07ce63d52267fb618a61c6d4e106194b"
"Assets/_Game/Configs/AuthorizationStages.json.meta","158","2026-04-18T15:37:58.0000000Z","52c39b33e2f306e57d494e7a77da65307bc1e49a1b37f9ed64694567721fea11"
"Assets/_Game/Configs/CorporateCorridorTheme_Default.asset","1546","2026-05-20T12:25:13.0921139Z","35eb3d6a7e0de61108cd2252870732b623e49dbc6f64af3d2776abdd59800823"
"Assets/_Game/Configs/CorporateCorridorTheme_Default.asset.meta","189","2026-04-18T04:05:04.0000000Z","42021c1f29d4eb2a605b725bbbc93b22b2872501fcb297789158db15cd6947ce"
"Assets/_Game/Configs/Enemies.json","2485","2026-05-20T12:25:13.0921139Z","d30c6e03f6a9c2418680577a47c4693cdeeef598b43d1df14716bf7d9267ebee"
"Assets/_Game/Configs/Enemies.json.meta","165","2026-04-14T13:47:10.0000000Z","d731db96745780ff548776e9240ad32d42b7f59418d909f9c6f5fc99d5627520"
"Assets/_Game/Configs/Levels.meta","180","2026-04-14T13:47:10.0000000Z","26886cc63f9276be57fafc81dc2ccd99df7e836d85396015210d31f8302e22af"
"Assets/_Game/Configs/Levels/L00.json","395","2026-05-20T11:42:40.4366654Z","2e0c4f3da9c4cb761b914133fc3d59d0a5d8a7fe1719917d5b54ad7a0dd681a2"
"Assets/_Game/Configs/Levels/L00.json.meta","165","2026-04-14T13:47:10.0000000Z","b814557c1adc74baafd16ccb1f7d364342965b46c8444a1da22def4ac2bf9143"
"Assets/_Game/Configs/Levels/L01.json","445","2026-05-20T11:42:40.4379116Z","92dfc23f7a3da223abcfd67015265f2e80eb7b68799a8ba2ea805e5514519ae5"
"Assets/_Game/Configs/Levels/L01.json.meta","165","2026-04-14T13:47:10.0000000Z","c9a858c4409cdddc7a3f5ff6673b2308de143b096b8d6bc14eb7f04de0b8ba1b"
"Assets/_Game/Configs/Levels/L02.json","548","2026-05-20T11:42:40.4379116Z","8e21c91c3302ac54409e8fc0a44510456c3f250c47adcdacc06bec2b62231b90"
"Assets/_Game/Configs/Levels/L02.json.meta","165","2026-04-14T13:47:10.0000000Z","aabfa9cdbb227218a110d4fab20a488c07efdc144515bd1e19521628348659f8"
"Assets/_Game/Configs/Levels/L03.json","640","2026-05-20T11:42:40.4390644Z","b0740ded5545745c73ddbd57717bb41b5d418d6dea2c70c4d77eb726f6391236"
"Assets/_Game/Configs/Levels/L03.json.meta","165","2026-04-14T13:47:10.0000000Z","3aac61de7b32d04c753ea28d416bfd6d013ac9168ed928c001dd4c0acd90f4bb"
"Assets/_Game/Configs/Levels/L04.json","741","2026-05-20T11:42:40.4400668Z","b625f47a8705c8ecadcc55f56d186e604b628e0ea09183ed7647c3cb6dc9daeb"
"Assets/_Game/Configs/Levels/L04.json.meta","165","2026-04-14T13:47:10.0000000Z","1ba8e4d412c6f0280012c19bad48bcb30a8701ef8ff2d69ed49a7bb8911e450d"
"Assets/_Game/Configs/Levels/L05.json","882","2026-05-20T11:42:40.4400668Z","665e00eeabd3adadb7e02b9c1f6bb4b3cebbc93713230aa279b7196cdabbc6a2"
"Assets/_Game/Configs/Levels/L05.json.meta","165","2026-04-14T13:47:10.0000000Z","d6fec6fcda2869f8c3c7816ec636ecf22fe59beb602877474d0a0df7d53032b2"
"Assets/_Game/Configs/SpawnSchedules.json","1270","2026-04-19T17:43:22.0000000Z","318e662451d2da73d6fc83d4cf41b12ea81b8c1858855ce257035097c81d6f08"
"Assets/_Game/Configs/SpawnSchedules.json.meta","165","2026-04-14T13:47:10.0000000Z","8da2f72489ebebe7a083b9880a5b87e24bf8c0ded4542964a4eba73f40a0bd8a"
"Assets/_Game/Configs/Units.json","6516","2026-04-24T12:41:52.0000000Z","8c156a406d6e54e551745ebd6bd2451efd38bfc575120d7c9d641b0cd3a696db"
"Assets/_Game/Configs/Units.json.meta","165","2026-04-14T13:47:10.0000000Z","62e71e3c1eca77b40373db8672f92477a71287274774ea83751b4620f804ddcc"
"Assets/_Game/Docs.meta","180","2026-04-14T13:46:48.0000000Z","f73c50bd27b57daf43e6e89471649eebe654225fd15dca8dd861a9a610e3b545"
"Assets/_Game/Docs/Architecture.md","19084","2026-08-03T04:05:26.4344319Z","2ed24528367c2ab52e86958340de733fbf133aacecc5d5a9da7915448e6aee2b"
"Assets/_Game/Docs/Architecture.md.meta","165","2026-04-14T13:46:48.0000000Z","7de738c718447bfa67611d54cb2858e529efed51451f715f97847ec8dfbfb39e"
"Assets/_Game/Docs/Checklist.md","6498","2026-08-03T04:05:26.4344319Z","2c3fbe7520e2719df3ba46755ca7af9e8f2fb363f596406fa28418310168742e"
"Assets/_Game/Docs/Checklist.md.meta","165","2026-04-14T13:46:48.0000000Z","d81b7134a8fb7a50609690e5138a046ac473fc94f36baf273a8e62f22201e251"
"Assets/_Game/Docs/EditorTools_Usage.md","21334","2026-08-06T07:34:48.7866054Z","454573a50634e591fa3ddb19e6ba0409b877f390a5601f1fd758f8bf70e80396"
"Assets/_Game/Docs/EditorTools_Usage.md.meta","165","2026-04-14T13:47:10.0000000Z","6b0808a94b622f50406da9d679dce01d25649d5cfa2e15c197bee232df7c3ad1"
"Assets/_Game/Docs/GameDesign.md","9162","2026-07-11T09:51:17.9430967Z","9d3e8cb47df387ddd2d92fb345aec0edad6bb5cdab8b3a4729a3980ccb2794bf"
"Assets/_Game/Docs/GameDesign.md.meta","165","2026-04-14T13:46:48.0000000Z","d76b2870c40359407c549e6bb7f4d91a97e740f3ecfc22fc21af5eb6fb5b6a2c"
"Assets/_Game/Docs/LogicLayer_Usage.md","9148","2026-08-03T04:05:26.4365836Z","21f59f6aadf4f85525d6e71537cda27336dc130b08a27c0f67a727ed9ee828c4"
"Assets/_Game/Docs/LogicLayer_Usage.md.meta","165","2026-04-14T13:47:10.0000000Z","b5031b4a5c714f292e1a9023b6495c7e334f7deb3490144eeb8d140fda07311a"
"Assets/_Game/Docs/TestAndBuild.md","3342","2026-08-03T04:05:26.4365836Z","a7f8e632b0f00bfe66d143b726e3d8a252d2ed6349c0b54e7c082d7e9dd2fb66"
"Assets/_Game/Docs/TestAndBuild.md.meta","158","2026-04-18T03:17:30.0000000Z","24650f145df64477291239e9926b9c16c4e7d6d3b54ee6dd77603372b664c22c"
"Assets/_Game/Editor.meta","180","2026-04-14T13:46:48.0000000Z","88480ffc7ff181fc0e5a62fe0c8ea095852ece120700cd71330422d82846fe42"
"Assets/_Game/Editor/CompanyWarPrototype2DWindow.cs","24909","2026-08-06T07:36:33.1512751Z","92d142f4573fe51a49bea063c17a6dac893e25ebf8b533d928227c156aa8a433"
"Assets/_Game/Editor/CompanyWarPrototype2DWindow.cs.meta","254","2026-04-14T13:47:10.0000000Z","29341ed8238c297d5d6c790cdda1a7c98b4ccacea3822f174ecea34cd4f0d07f"
"Assets/_Game/Editor/CoreTestRunnerWindow.cs","8245","2026-08-03T04:05:26.4365836Z","77517071662a646f30c7ce221eca8147cdace23e3a70a95db82b4b22a820b7b6"
"Assets/_Game/Editor/CoreTestRunnerWindow.cs.meta","254","2026-04-14T13:46:48.0000000Z","3a0554dfde2613acf15375e706eb27b2322b64ffb172726639d6609a16c1438d"
"Assets/_Game/Editor/EnemyCatalogEditorWindow.cs","505","2026-08-03T04:05:26.4365836Z","e787ac4f12ff7e8f85125421196ba228fa97b4a2a135d286b4327054d1db4ab4"
"Assets/_Game/Editor/EnemyCatalogEditorWindow.cs.meta","243","2026-04-18T15:37:54.0000000Z","5f9d410d555b60ada09924b87eb1c3f900dd4cc0ccaf071a6b62cea40d5f0853"
"Assets/_Game/Editor/JsonValidatorWindow.cs","36080","2026-08-06T07:28:34.3710782Z","92bd960fb558b36190fb6d52b96ff8ddb35914a775eb10d0651a2e6ffe00f94a"
"Assets/_Game/Editor/JsonValidatorWindow.cs.meta","254","2026-04-14T13:47:10.0000000Z","548a182362314f535313a343ee1421059d205b60d160674bf4d812d058a909ab"
"Assets/_Game/Editor/LevelGridEditorWindow.cs","25959","2026-08-06T07:31:34.4172176Z","68b29260d934c08649134779f2a714935d146e2b41e46c3a6bee6474ac0216d6"
"Assets/_Game/Editor/LevelGridEditorWindow.cs.meta","254","2026-04-14T13:47:10.0000000Z","2ff5cb723c6e821435cfb805a1bd42c1dfdd887bcdc76db2e3cb5497c82a17bb"
"Assets/_Game/Editor/LevelSelectUIBuilderWindow.cs","3164","2026-08-03T04:05:26.4365836Z","e2ff0dcfe2adb361af267c2eb06b5f77712e4ff274cd49e768ba99515807966a"
"Assets/_Game/Editor/LevelSelectUIBuilderWindow.cs.meta","254","2026-08-03T04:05:26.4425567Z","c11bb233e5d28c7e2b6f49cb6e32beae55ca8d9e22d053eac0d3b7e3dd5ecd5e"
"Assets/_Game/Editor/LoadingScreenUIBuilderWindow.cs","4296","2026-08-03T04:05:26.4425567Z","bf5c5141e5f84f88c012a2e4b175569b4b3bb25d716d12e0d63de606ddb64324"
"Assets/_Game/Editor/LoadingScreenUIBuilderWindow.cs.meta","254","2026-08-03T04:05:26.4425567Z","0fd662c1d7450b0432e58fab5ed9c641a48f9786a0e4eec499269c458d142b42"
"Assets/_Game/Editor/MainMenuUIBuilderWindow.cs","3280","2026-08-03T04:05:26.4425567Z","2618fb3e8e75376e78e7265587542425ca09971df54ed5885d4b6222c5943123"
"Assets/_Game/Editor/MainMenuUIBuilderWindow.cs.meta","254","2026-08-03T04:05:26.4425567Z","b8e626f416e3358dd922d47ed1ba6cb39d8c37699f0a949a016ae8587cca9bac"
"Assets/_Game/Editor/PrefabMaterialGeneratorWindow.cs","23671","2026-08-06T07:29:16.9121737Z","0f4c8b92f6c8df74352f9126d5e1564997a50bbc4eabde42b91a1e71d41a928a"
"Assets/_Game/Editor/PrefabMaterialGeneratorWindow.cs.meta","254","2026-04-14T13:47:10.0000000Z","7c9b0a5e7c94377f48d2192904c176ff73cb3c544dbfe2b1e3faf23c5ac953c7"
"Assets/_Game/Editor/RuntimeConfigBuildSync.cs","3090","2026-08-06T07:37:42.0549347Z","90c310bd4795c35edb2fe90f8e1396a641ea76f369b02961f1a0d3b824361a89"
"Assets/_Game/Editor/RuntimeConfigBuildSync.cs.meta","243","2026-04-26T05:39:40.0000000Z","35bf1cf7a069c7aca1efe89c38fbb8107e542f9046876847604f745d05b31e64"
"Assets/_Game/Editor/SpawnScheduleEditorWindow.cs","20986","2026-08-06T07:27:29.8095071Z","0db550f5192fbf53283d09083e9d1c5ab0f0cc97959080ec1d4647796ae549ae"
"Assets/_Game/Editor/SpawnScheduleEditorWindow.cs.meta","254","2026-04-14T13:47:10.0000000Z","c55b6eeb0d7105f7a110366819563fc47de9246d0c5ccebbd217be9db4429376"
"Assets/_Game/Editor/UnitCatalogEditorWindow.cs","502","2026-08-03T04:05:26.4491116Z","7b2a392a00442401bada82b6e786e894963034c94305bb22896c2da66bd903f4"
"Assets/_Game/Editor/UnitCatalogEditorWindow.cs.meta","243","2026-04-18T15:37:54.0000000Z","d914c2889f902ce4344f97b5e563e9a968e9fbf2d2cc949205acfb5ce4610004"
"Assets/_Game/Editor/UnitEnemyCatalogEditorWindow.cs","26845","2026-08-06T07:26:49.5348902Z","509a8a2197510c6c87f363a19b5a35b95c05cf65d596b893c7e0b4c5a83ff315"
"Assets/_Game/Editor/UnitEnemyCatalogEditorWindow.cs.meta","254","2026-04-14T13:47:10.0000000Z","dd35c6efdea236fcebd607db5e903f2f9e3f0838864b2ab9852d5c32cf8f38ba"
"Assets/_Game/Editor/VisualMappingAutoAssigner.cs","8688","2026-08-06T07:30:07.4799956Z","3b7d0d64cc9f79c55d2cefe1f22f63b9200b016303e2924744d32384373ae985"
"Assets/_Game/Editor/VisualMappingAutoAssigner.cs.meta","243","2026-04-16T19:09:12.0000000Z","28d4f3e284e2a161468b58b75ab96c58dce4ecbacdd3ecbeee49e7b7ae067da4"
"Assets/_Game/Editor/VisualMappingContextMenu.cs","6416","2026-08-03T04:05:26.4521238Z","aed4b2a0f2037ead738ae5f171710abfbfef98accfcfa14234a6160e42aeae9f"
"Assets/_Game/Editor/VisualMappingContextMenu.cs.meta","243","2026-04-17T01:36:16.0000000Z","8e4b378fc579616948bcc94b888a70e6af43299894190373ed153a9eb993e9a5"
"Assets/_Game/Editor/VisualMappingEditorWindow.cs","7034","2026-08-06T07:30:20.6002555Z","f8a5d428be76064082aaca6792a06854ef3844a903b761624bb17af6991248ca"
"Assets/_Game/Editor/VisualMappingEditorWindow.cs.meta","254","2026-04-14T13:47:10.0000000Z","523b9e45210994f6b9e40eac9f92347dded19ba00f427cea9b9b72f86bd3db80"
"Assets/_Game/Resources_moved.meta","180","2026-05-08T00:23:05.1478877Z","cc7338c0f496376c01e3244056bcdfb76f404b65e156b50f70f3bf48308fff9f"
"Assets/_Game/Resources.meta","172","2026-04-26T07:00:48.0000000Z","8de9f2728062d0c34f68819a84e22529f63e443ec1529297d413987d1e74f026"
"Assets/_Game/Resources/11111.meta","180","2026-05-08T00:23:05.1316020Z","b8ea6cc06c3dfd433504627521d121d89b01b4191881ae96eddc9d6ba2392d26"
"Assets/_Game/Resources/11111/1.fbx","27564","2026-05-08T16:10:02.7287088Z","f5897dd987acdaf4f5987a17fba55eaef705837974ef85520a1ac12b7ed694cc"
"Assets/_Game/Resources/11111/1.fbx.meta","2939","2026-05-08T16:10:02.7297087Z","461ac0d16e55a079731520581b15fe7b066c3e3e0d93aaaff922b59c75911365"
"Assets/_Game/Resources/11111/1.glb","3504","2026-05-08T00:23:05.1326029Z","d522eccf53fa3824967b080d52966c2ce557ac0d835c71852666584557f494ad"
"Assets/_Game/Resources/11111/1.glb.meta","162","2026-05-08T00:23:05.1326029Z","4d80f102dc66cad485e54e3a6a2fcc69df87996bf6056e82ac497e1e1a16796b"
"Assets/_Game/Resources/11111/10.fbx","67596","2026-05-08T16:10:02.7307066Z","d87d99413e6008f2ff9e2bab9e33084f703cd0f7d6f60a59863a1fb9ec7da05f"
"Assets/_Game/Resources/11111/10.fbx.meta","2939","2026-05-08T16:10:02.7317084Z","770d8e634229f5541d5c6898a15533457a4200c80f4ef2f3dba294a80edbe3d5"
"Assets/_Game/Resources/11111/10.glb","132672","2026-05-08T00:23:05.1336028Z","dff765ae5ff4fdbc37d0433c41f1774948834fe15ad2955af326709eb4795254"
"Assets/_Game/Resources/11111/10.glb.meta","162","2026-05-08T00:23:05.1346037Z","38a053ce98eb362641406949d6acf58c38427d68cbd99da3c6ecad9d266c01b0"
"Assets/_Game/Resources/11111/11.fbx","101004","2026-05-08T16:10:02.7329874Z","e96b2ab50b66405010afa4af37bdcfc4df771e872794c77077b63839d2b07a4f"
"Assets/_Game/Resources/11111/11.fbx.meta","2939","2026-05-08T16:10:02.7345265Z","b7155db4161d49cae3f05cc428b1a4b55606ba38bb45a722b9a2712b048813a2"
"Assets/_Game/Resources/11111/11.glb","95936","2026-05-08T00:23:05.1346037Z","58a1ade851bf8c17ce0566b4c67f8c86cff307f612a211dc3074e60c8a1a9140"
"Assets/_Game/Resources/11111/11.glb.meta","162","2026-05-08T00:23:05.1356027Z","f12fab20bb01e1659bb98472219b77c04699b145e623a17563c058ad77b98fd0"
"Assets/_Game/Resources/11111/12.fbx","28492","2026-05-08T16:10:02.7355361Z","34cd54915359137c5faa4ab7dd7f78057e31dc8201429efccdbd45dfc3cd3c44"
"Assets/_Game/Resources/11111/12.fbx.meta","2939","2026-05-08T16:10:02.7355361Z","8075d3dbffd810127c470d33a859aaac98088bd6016c157226d031b00f4928fd"
"Assets/_Game/Resources/11111/12.glb","31504","2026-05-08T00:23:05.1356027Z","ffa6896bee7d07bf9911cab8b520f562e5e9a71bb07edb25d40d0c288c6845ac"
"Assets/_Game/Resources/11111/12.glb.meta","162","2026-05-08T00:23:05.1366027Z","ff7ad8e7656607121439fbefb1abefab97e8121c0f3d39815b58cf8df22982bf"
"Assets/_Game/Resources/11111/13.fbx","41772","2026-05-08T16:10:02.7365357Z","e3aa7afffaf5649bdfbb9c295ec87c7caadcf05f6c4a77b46da7c43909322337"
"Assets/_Game/Resources/11111/13.fbx.meta","2939","2026-05-08T16:10:02.7365357Z","5b13047d0fc20f484edf2d81f8e5c35f24b0961a2de99f36918f7e44bb2579b6"
"Assets/_Game/Resources/11111/13.glb","47800","2026-05-08T00:23:05.1366027Z","d0d5b152f057bca4fa122dbbdd30b134e05463c326ff88cb0e495778d0018e33"
"Assets/_Game/Resources/11111/13.glb.meta","162","2026-05-08T00:23:05.1366027Z","c0bebe0dc790a882a9556443defbe63aa6fd8f07add2e22ab85c0a9f8c3cde9e"
"Assets/_Game/Resources/11111/14.fbx","15628","2026-05-08T16:10:02.7375350Z","dba9746b7c10994e70c55beff7a08a1ff7151bc327f48d633ac3de6203ef8b5c"
"Assets/_Game/Resources/11111/14.fbx.meta","2939","2026-05-08T16:10:02.7385353Z","c7391e13fe2ea343e22330a7371d1a3b54b61f1744ec2cbaa43d82a0c142c456"
"Assets/_Game/Resources/11111/14.glb","2732","2026-05-08T00:23:05.1378042Z","61564a4e53127773bab72cfe4a08344b2f6780a6e6f46d814ee13c10bc9b370c"
"Assets/_Game/Resources/11111/14.glb.meta","162","2026-05-08T00:23:05.1378042Z","e5c86c2cdec6a5de2df32d5724421c6b74e6cec6128ecd4e0f55447980d1d2bd"
"Assets/_Game/Resources/11111/15.fbx","100764","2026-05-08T16:10:02.7395351Z","89825cc8fc43c0af7509889af8ec3978ab03d513a46010e7df2c7f95f8a23044"
"Assets/_Game/Resources/11111/15.fbx.meta","2939","2026-05-08T16:10:02.7405346Z","3611de474c12cf8e175db8d51558b346a38fa533760e0d0f891f1f3c272be96c"
"Assets/_Game/Resources/11111/15.glb","108980","2026-05-08T00:23:05.1388043Z","fcd36523fd199fc117e305037b24591a208075fef64651858a85c667ed4ec0d3"
"Assets/_Game/Resources/11111/15.glb.meta","162","2026-05-08T00:23:05.1388043Z","55232a6c5bc8ce6616068f6ee43c96e4ecd34e1674653204d6ff3f39a07cb33f"
"Assets/_Game/Resources/11111/2.fbx","33004","2026-05-08T16:10:02.7405346Z","06be0e9dce83651a31d1590e25aea2aa2edaf780bd35e7d4c03067dfbc407ee9"
"Assets/_Game/Resources/11111/2.fbx.meta","2939","2026-05-08T16:10:02.7415376Z","387dcf17e08b4042eb9dac015f57b217c2c81907a4d5246f82dc6ec8c2e9959a"
"Assets/_Game/Resources/11111/2.glb","5144","2026-05-08T00:23:05.1398048Z","cc3c173372e0832942604ca515d38de4a57c74e517d5f20c8f8ce42b44bbb256"
"Assets/_Game/Resources/11111/2.glb.meta","162","2026-05-08T00:23:05.1398048Z","9e7bfe27f4c29c27e2790e883fdc19a97d6506f1b837fe0fb9fa02beca4eaddb"
"Assets/_Game/Resources/11111/3.fbx","15980","2026-05-08T16:10:02.7415376Z","1932d9cd9b420387fa915fac7d0524fe4cc9bf32d8014a862ab01521fa20b5a2"
"Assets/_Game/Resources/11111/3.fbx.meta","2939","2026-05-08T16:10:02.7428149Z","0347cdccd7e536ce8e1f7386e4b9c8cc4359d328e48dcca2bbae5eec68a6e7db"
"Assets/_Game/Resources/11111/3.glb","3120","2026-05-08T00:23:05.1398048Z","6fa189f5bfed67294686134bae1752d152058b198563f4e0ac5a89d4c15f6c18"
"Assets/_Game/Resources/11111/3.glb.meta","162","2026-05-08T00:23:05.1408030Z","f9e796fb90b68562aa306205881cedd2f893904089f678be84b1af559c24eaa7"
"Assets/_Game/Resources/11111/4.fbx","24876","2026-05-08T16:10:02.7428149Z","72c601157d49abfa9675574d6f1b2bceb49d951e48da933f96909e7d7c358975"
"Assets/_Game/Resources/11111/4.fbx.meta","2939","2026-05-08T16:10:02.7438214Z","15a89c83f55e5c9abab08061314dd01217f52b5864e37cdd1bebd4f9a15c026d"
"Assets/_Game/Resources/11111/4.glb","18492","2026-05-08T00:23:05.1408030Z","91fd90925adbd490614776e326a8c7cc995253fbfdbfdbd2cbad9cbe66ae83e3"
"Assets/_Game/Resources/11111/4.glb.meta","162","2026-05-08T00:23:05.1408030Z","7a89f0407a6b3a9e62a4fc9934c65911546b6e8dab114b6682510db70c58b7e9"
"Assets/_Game/Resources/11111/5.fbx","15500","2026-05-08T16:10:02.7438214Z","7ce625e25011b7a5372e31d19afa0a81026a5a76d10a02db690be220ee1c615e"
"Assets/_Game/Resources/11111/5.fbx.meta","2939","2026-05-08T16:10:02.7449076Z","985328c18c6e22ce89e9435897a1515da8aceaec4fd7c405e9a3e8026786585c"
"Assets/_Game/Resources/11111/5.glb","2140","2026-05-08T00:23:05.1421780Z","3bc98fdec60d892fe125b877b0cf137fb390f90861f56e71328b3f011f545c59"
"Assets/_Game/Resources/11111/5.glb.meta","162","2026-05-08T00:23:05.1421780Z","87ca5c6146b0368d145438912c409d0ffa384f09fe4c40f07e8cbcee4e0c1332"
"Assets/_Game/Resources/11111/6.fbx","39020","2026-05-08T16:10:02.7459054Z","fd74e666ad942da7a69471cb1aad52a13f52ffeb74f6d42a135e55d402a111c7"
"Assets/_Game/Resources/11111/6.fbx.meta","2939","2026-05-08T16:10:02.7459054Z","39ce911b98eba2d2a3ef0f129e4075ec365dc72a6414c13769b3363be7b96170"
"Assets/_Game/Resources/11111/6.glb","26212","2026-05-08T00:23:05.1421780Z","c346b592e9de1b6f55902e61342130aad4a0ab621a9e7983e400f729a8c9f036"
"Assets/_Game/Resources/11111/6.glb.meta","162","2026-05-08T00:23:05.1421780Z","6a51f1e6cc15a4f94238e81dd5f5a705372b694d2b4fdffad9a4ea6ed7aebb35"
"Assets/_Game/Resources/11111/7.fbx","79388","2026-05-08T16:10:02.7479016Z","4187600eb103edf5451acbe3f38a5b9278cc533b34c57b9bfff8e0c57a30f48e"
"Assets/_Game/Resources/11111/7.fbx.meta","2939","2026-05-08T16:10:02.7489020Z","ba4a46120e615c7c8130e6606f8c4bc559660c2cc510ff501528aa904d8a232d"
"Assets/_Game/Resources/11111/7.glb","125308","2026-05-08T00:23:05.1436831Z","636c816e3b7fc44addd0576a465f887727893d20961dd64fc0fb81c3d23225a7"
"Assets/_Game/Resources/11111/7.glb.meta","162","2026-05-08T00:23:05.1446907Z","27efb1a1eab19c80cb7d256061f710d78c47f17accf912fd165bde4306721a47"
"Assets/_Game/Resources/11111/8.fbx","25340","2026-05-08T16:10:02.7499004Z","2357b9ec30e3de293b17937ec5db5308085c664ed6cbc5d211e0e901412876a8"
"Assets/_Game/Resources/11111/8.fbx.meta","2939","2026-05-08T16:10:02.7499004Z","baec9f38f23b832e6c7a35b65a07e65571fe33dbd0ae5acf495807f1475a23e8"
"Assets/_Game/Resources/11111/8.glb","12292","2026-05-08T00:23:05.1446907Z","ec8bfc52833ba74e68e5622a8897f44ccae6e9fc92ea131534b17218b37fa676"
"Assets/_Game/Resources/11111/8.glb.meta","162","2026-05-08T00:23:05.1446907Z","83d227f0897b56c4ad3d709f4299367cf9fc7cc0c3e5455f82003d161a1adfcb"
"Assets/_Game/Resources/11111/9.fbx","21724","2026-05-08T16:10:02.7509045Z","f43938a48613b3050e1307124f61ddca71b67a8abc99214fce69c96e3daba524"
"Assets/_Game/Resources/11111/9.fbx.meta","2939","2026-05-08T16:10:02.7509045Z","edc26bc2f7292c93c30f4b6ee7509b645a794d36e1e655847b98858ac34ce75c"
"Assets/_Game/Resources/11111/9.glb","8112","2026-05-08T00:23:05.1456904Z","6b09eb7b513e6403b5e563bbe17a65c871596f8b66adc047267efe8bdf196569"
"Assets/_Game/Resources/11111/9.glb.meta","162","2026-05-08T00:23:05.1456904Z","748eff44ffb0de8ac0e46f43cf7ddd88dc1508e16fa02153e8da6c55d840ae39"
"Assets/_Game/Resources/BGMs.meta","180","2026-05-08T16:10:02.7519019Z","61a64078264172d5a7961ef5c989249d64d3b59c7875c7cd68099ecdb08ca7c1"
"Assets/_Game/Resources/BGMs/01_07_BattleBGM.mp3","3841089","2026-05-08T16:10:02.7879102Z","d24551b68317c7c7df330e1c7c764697b86ea9b0727199ed88bb9737328090de"
"Assets/_Game/Resources/BGMs/01_07_BattleBGM.mp3.meta","508","2026-05-08T16:10:02.7889103Z","82bf2a295f4286550e8fd448a8cbb3b13e72d1a95b759c965d5816452a834404"
"Assets/_Game/Resources/BGMs/LevelSelectBGM.mp3","3836910","2026-05-08T16:10:02.8265550Z","326f890db862802d3b53763d2371dd143374c3768c3fa51c9441327efe1c36bd"
"Assets/_Game/Resources/BGMs/LevelSelectBGM.mp3.meta","508","2026-05-08T16:10:02.8275543Z","8c1730fd0f6ab3be892167200d91bff1fe81e67d59db86c070411cbbd8087be8"
"Assets/_Game/Resources/BGMs/MenuBGM.mp3","3841089","2026-05-08T16:10:02.8648516Z","573bf83022437e107840d83b8f2113d07cb0c418a768f7e98ecb4cbd50a636a4"
"Assets/_Game/Resources/BGMs/MenuBGM.mp3.meta","508","2026-05-08T16:10:02.8668539Z","131cd7fc93f3014ec3037ce5fa77135f0e478fbed823569d6c042942e0e504b5"
"Assets/_Game/Resources/u25.fbx","16620","2026-05-19T08:46:12.5190436Z","bbcc6f626c1ec3bc93ea43f8681be68e24ee3ffe3d472fd11f4d0f0fee09f6f9"
"Assets/_Game/Resources/u25.fbx.meta","2939","2026-05-19T08:46:12.5200406Z","a77d96934086fe045695ddb08ecca522f2cad52b5c5b2a6623da1d29f9b53f08"
"Assets/_Game/Resources/u26.fbx","22908","2026-05-19T08:46:12.5210413Z","065a360c20490a68fa008df3d2f4f1841398c5590b07bf750595b230f3f58ca8"
"Assets/_Game/Resources/u26.fbx.meta","2939","2026-05-19T08:46:12.5210413Z","5e4e37649b575206fadaccafe37becf7a40aad4595604287e96e13c107b452a8"
"Assets/_Game/Resources/u27.fbx","17180","2026-05-19T08:46:12.5225491Z","eb51956a7a4327e7102f3556fa121e0981e16e589ca5e5b534d7ea761a28f6bb"
"Assets/_Game/Resources/u27.fbx.meta","2939","2026-05-19T08:46:12.5225491Z","8d1c923e09ca02f6a7b83c20b640ead52cf95547f9dc7bef44d062e9767d7f35"
"Assets/_Game/Resources/u28.fbx","239468","2026-05-19T08:46:12.5245584Z","1bcb24c68dab8e4ffefd0e5e54a0dcb67449cdf33a347e9787c7634a9119d248"
"Assets/_Game/Resources/u28.fbx.meta","2939","2026-05-19T08:46:12.5245584Z","3bda718e262b6d4216669eabfccbecc0dea8c8a6c0d59fb96a1e075f4015238d"
"Assets/_Game/Resources/u29.fbx","101260","2026-05-19T08:46:12.5260636Z","1ced3bd0a7fc26c05cf08a84d9738684af8c127f2bc72ecd8157dba39035c0c6"
"Assets/_Game/Resources/u29.fbx.meta","2939","2026-05-19T08:46:12.5270704Z","1248358d39f512a9c629a4ed92214fac7ec1d4c35c34a91c2f064c2d59222dbe"
"Assets/_Game/Resources/u30.fbx","35116","2026-05-19T08:46:12.5280758Z","b2e825435e3f713eb6f482a8b534898027b54733d93c84ad291956ff3e2a8bbd"
"Assets/_Game/Resources/u30.fbx.meta","2939","2026-05-19T08:46:12.5290756Z","c3eafb5285a33b72c87d46860520b07ce91fe06280cc5709e85d4604d4e163de"
"Assets/_Game/Resources/u31fbx.fbx","60492","2026-05-19T08:46:12.5290756Z","d93e43f8cea6934351e86f6c639c2ebe7d0138a71e033ff3be0184a371ed1cb6"
"Assets/_Game/Resources/u31fbx.fbx.meta","2939","2026-05-19T08:46:12.5300752Z","86744fe3c34b8b0ccbc7173253920d9771fb56381e126451b4aca1cd8e332593"
"Assets/_Game/Resources/u32.fbx","20620","2026-05-19T08:46:12.5310761Z","7ac2093a1b8d59026df44e7b31dea9cc24e3b25aa7940ab887c9e5f8ddfe5c71"
"Assets/_Game/Resources/u32.fbx.meta","2939","2026-05-19T08:46:12.5310761Z","311a367c4ba2f9311ed0d9f4124845b9ce433eb52b6e7401a38410c00666525c"
"Assets/_Game/Resources/u33.fbx","51260","2026-05-19T08:46:12.5325848Z","30613d62c2d0bd9981f8ca66ecc8fd9f6eb2fc215f0cec766a321c45f2dd63fd"
"Assets/_Game/Resources/u33.fbx.meta","2939","2026-05-19T08:46:12.5335938Z","34d44bdd082a2dcbc95276edd141940a8dede1ef35981729b92346355bbb5787"
"Assets/_Game/Resources/u34.fbx","81804","2026-05-19T08:46:12.5345962Z","c05fb429302dfff9ad09997c42bb82e684a4584a9c5a84b845a8fefa982ed466"
"Assets/_Game/Resources/u34.fbx.meta","2939","2026-05-19T08:46:12.5345962Z","29bac200a517aefddab17b62b98fc8b5750e777cde5abbd051db5bc75e42ab33"
"Assets/_Game/Resources/u35.fbx","259516","2026-05-19T08:46:12.5369664Z","8506755bf6204e5128e9f6d304d2dcb6dfda14d1b11c22633c2d4fd7cc1b10da"
"Assets/_Game/Resources/u35.fbx.meta","2939","2026-05-19T08:46:12.5369664Z","0a7f53d294e8de04a6c013bb14639968fd7621431364798c33415fd460df30de"
"Assets/_Game/Resources/u36.fbx","129068","2026-05-19T08:46:12.5389649Z","056b08a585a97610b0fa6ccbdc974c46ea7e56bc8de7b8f18f276c49ee5cf1c5"
"Assets/_Game/Resources/u36.fbx.meta","2939","2026-05-19T08:46:12.5389649Z","809d571896ecb568a49a64291a219d0f9f011fa7c612b7b6cbe9c61d59c609df"
"Assets/_Game/Resources/UI.meta","180","2026-05-08T16:10:02.8668539Z","c66b0704fba4015384c6cd2c35c909f7ab36806184ee5fa6ff92fc48a2a22a1f"
"Assets/_Game/Resources/UI/Avatar.png","1067776","2026-05-08T16:10:02.8774334Z","69a0188799dd1f664767cd75be4a313be3633580b60b282a2da856e3ca436ff0"
"Assets/_Game/Resources/UI/Avatar.png.meta","2737","2026-05-08T16:10:02.8784359Z","de95a16f95166ccab3fb1a74a4de8bd679f1ba785ca0ce77899f63dca6e9f6b7"
"Assets/_Game/Resources/VisualMapping.asset","13964","2026-08-06T07:49:26.9189245Z","96cac99fa0fee1cd7f858bf0d578b5e84e80df0f4e06f2350055896e84fbf445"
"Assets/_Game/Resources/VisualMapping.asset.meta","197","2026-04-14T13:47:10.0000000Z","65f1d3b52c699bb9c735e79ed73bc7b2c8bef1afa6cbe30976c326eb5b6cf7be"
"Assets/_Game/Scenes.meta","180","2026-04-14T13:46:48.0000000Z","0e7e56e4392ac8c2f57961ad25865f3fe74ef5b0883d20be2db7a0ab9f0d3972"
"Assets/_Game/Scenes/《管风琴的午夜邪影之战》钟爱圣代 (1).mp3","3836910","2026-05-19T08:46:12.6822605Z","46877656e4c36289b30d4e23ba231ee44b04a07c60a7a92b47ee7fcb8b80728d"
"Assets/_Game/Scenes/《管风琴的午夜邪影之战》钟爱圣代 (1).mp3.meta","508","2026-05-19T08:46:12.6832734Z","45cddce79d53ff02a8b5e3dad72c19288758d9644f33d17458e36dacf5365972"
"Assets/_Game/Scenes/《管风琴的午夜邪影之战》钟爱圣代.mp3","3836910","2026-05-19T08:46:12.7254913Z","46877656e4c36289b30d4e23ba231ee44b04a07c60a7a92b47ee7fcb8b80728d"
"Assets/_Game/Scenes/《管风琴的午夜邪影之战》钟爱圣代.mp3.meta","508","2026-05-19T08:46:12.7259984Z","c4940b24e03edb7f9cad819974097c22cfc4b1f42a00d06bf6c0497e52ff565c"
"Assets/_Game/Scenes/《海雾深处的克系威胁》钟爱圣代 (2).mp3","3841089","2026-05-19T08:46:12.6380223Z","0ca46a873e9fe7b03814b61e576d04511b36134c29f7521e88b7cb6264d79f99"
"Assets/_Game/Scenes/《海雾深处的克系威胁》钟爱圣代 (2).mp3.meta","508","2026-05-19T08:46:12.6390217Z","9006100ec5f1f136b27956df17f19850e548a104f35de03e17186fab4723f588"
"Assets/_Game/Scenes/《黑暗克系的无尽科幻轮回》钟爱圣代.mp3","3836910","2026-05-19T08:46:12.7786260Z","326f890db862802d3b53763d2371dd143374c3768c3fa51c9441327efe1c36bd"
"Assets/_Game/Scenes/《黑暗克系的无尽科幻轮回》钟爱圣代.mp3.meta","508","2026-05-19T08:46:12.7796290Z","b514daf15c0cd2e95c460a14c9cf3dbcd03f05e7efcb546a6472e2a316c4b9e4"
"Assets/_Game/Scenes/《黑暗克系科幻战斗的弦乐交锋》钟爱圣代.mp3","3841089","2026-05-19T08:46:12.8296205Z","d24551b68317c7c7df330e1c7c764697b86ea9b0727199ed88bb9737328090de"
"Assets/_Game/Scenes/《黑暗克系科幻战斗的弦乐交锋》钟爱圣代.mp3.meta","508","2026-05-19T08:46:12.8306189Z","c65a8d6ca06460a7e698519f9c18d5cf4ef20974136fddd563e38505cdd190b9"
"Assets/_Game/Scenes/《克系黑暗科幻的无尽耐力之循环》钟爱圣代.mp3","3841089","2026-05-19T08:46:12.5907982Z","573bf83022437e107840d83b8f2113d07cb0c418a768f7e98ecb4cbd50a636a4"
"Assets/_Game/Scenes/《克系黑暗科幻的无尽耐力之循环》钟爱圣代.mp3.meta","508","2026-05-19T08:46:12.5907982Z","4cad8c7c5ad1791b2112f690bace203c94848c458875fb2652cba4c29df0b1ba"
"Assets/_Game/Scenes/Battle.unity","24169","2026-05-06T04:45:08.0000000Z","9a840972f45e46a5e09d0d4f20b24d4e7fe0846f000cb55dc67be492f582f244"
"Assets/_Game/Scenes/Battle.unity.meta","162","2026-04-14T13:47:10.0000000Z","ffccb23b237491c97b814116c7f56e7714fb051fe5b4e2ae2d67c0562c458059"
"Assets/_Game/Scenes/Battle3D.unity","19690","2026-05-06T04:45:08.0000000Z","f1c7ee13fac670ce80e39e35bf57d06b46a2ab87bf46b3ae85b1ca34a0e190f5"
"Assets/_Game/Scenes/Battle3D.unity.meta","155","2026-04-25T14:29:34.0000000Z","19e7a1c465765821c500bc213a07e85ae7b2194e1e5bc220185ca9e916f8fac0"
"Assets/_Game/Scenes/Boot.unity","13722348","2026-08-03T04:05:26.4949397Z","4f52d79e3dcababc5fe263f977b6f298c3233238fb0206f09c43ceaf57bee249"
"Assets/_Game/Scenes/Boot.unity.meta","162","2026-04-14T13:46:48.0000000Z","87206dbf067cccc2b7516e369dc29144f1f5ac06efad83d4ad2a30bdc811b7b2"
"Assets/_Game/Scenes/companywar.shader","1996","2026-05-08T00:23:05.1522915Z","687ccfe55835f872c87e633c458835ca2a2989c5aabf7a0c28e62593f3396022"
"Assets/_Game/Scenes/companywar.shader.meta","213","2026-05-08T00:23:05.1522915Z","85a3a2844e8e100e5a816bb898111ce21cd64703c40174e037eb8a8444fce9f3"
"Assets/_Game/Scenes/Shader2_CULL.shader","2836","2026-05-08T00:23:05.1488866Z","bc37e8ea113f7cbe00bf94ea90a3ca350d1cbe03818814e088403d2f5e39f12c"
"Assets/_Game/Scenes/Shader2_CULL.shader.meta","213","2026-05-08T00:23:05.1488866Z","c074be94e8506b0367e6d9f8ba09592fac25afbfdf44e3cd5b92fdc9fed45c07"
"Assets/_Game/Scenes/Shader3_ALPHA TEST.shader","1878","2026-05-08T00:23:05.1498910Z","2818b555cdbb2b5719d2e6cf8028c2796b083e362fa46b23577d8981ac82e808"
"Assets/_Game/Scenes/Shader3_ALPHA TEST.shader.meta","213","2026-05-08T00:23:05.1498910Z","497c6611a3b3417c446fd1793926185f0e95019e2df63d694f958bcd90aa63e8"
"Assets/_Game/Scenes/ShaderPractice_02.mat","1486","2026-05-08T00:23:05.1512910Z","a0deb8a2a55913cfcf343a7f9f448371dfc9f060ee77495aafe5accf202ab516"
"Assets/_Game/Scenes/ShaderPractice_02.mat.meta","196","2026-05-08T00:23:05.1512910Z","a82578a10ff34ccc1354d3551b2a9d261f0ae8ff65b17bb80a7a29fe36f5f533"
"Assets/_Game/Scripts.meta","180","2026-04-14T13:46:48.0000000Z","b009694c49ebf795ac60bb1105b4b1de9a7ca5643d7561a0d17842bbeb6b7983"
"Assets/_Game/Scripts/Audio.meta","172","2026-04-18T10:55:46.0000000Z","b442e0cd02782f12ed755e69cfa6023cc64962f7f571c0236e040ddcdcd43527"
"Assets/_Game/Scripts/Audio/AudioManager.cs","6857","2026-08-03T04:05:26.4964480Z","c1bb6c8fe8e8154df4614f41c624a0577396ccde9e0c0d0f474836001d6f8d6b"
"Assets/_Game/Scripts/Audio/AudioManager.cs.meta","243","2026-04-18T10:55:48.0000000Z","8773fa01a2ef6312854bd62e7498bbff36afd6361a9fb4c3a39da208861c5b6f"
"Assets/_Game/Scripts/Commands.meta","172","2026-04-18T15:37:54.0000000Z","33be46d8185b3c2c32911117cb9a84d58a8b23bf09f2b07c895f1ab15f5c215f"
"Assets/_Game/Scripts/Commands/ApplyPollutionCommand.cs","1530","2026-08-03T04:05:26.4964480Z","3f40ebfed888ba1599c4bf8432ee51dd90d8236568b9ec907b35355bc2fce521"
"Assets/_Game/Scripts/Commands/ApplyPollutionCommand.cs.meta","243","2026-04-18T15:37:54.0000000Z","3f0fe047d04f901cf1267b19432bb85df2c5ac9feab2350297d8b98198add902"
"Assets/_Game/Scripts/Commands/DeployUnitCommand.cs","1647","2026-08-03T04:05:26.4978751Z","91e00b714fd4f5de6975a88e1069312a16cde12e2348387c808140d28b1cdac3"
"Assets/_Game/Scripts/Commands/DeployUnitCommand.cs.meta","243","2026-04-18T15:37:54.0000000Z","d9f220268f527bc53d90a6180c4cbe5c845f24cee2ae5e4fe5bd126c76df8bc9"
"Assets/_Game/Scripts/Commands/DestroyBuildingCommand.cs","1306","2026-08-03T04:05:26.4995189Z","23f253cca49806ff4c33bc6191b4b3e75ca389e611f6d1c2be412f8668981b6a"
"Assets/_Game/Scripts/Commands/DestroyBuildingCommand.cs.meta","243","2026-04-18T15:37:54.0000000Z","0eba8ad920e41c05f220cf584be0f77e4af14e7fde90f145bf794045c53450f1"
"Assets/_Game/Scripts/Commands/GainResourceCommand.cs","1254","2026-08-03T04:05:26.4995189Z","1e48fcb05c6a9f451fa2cf8efaa28d788f75906ee6b76a4860e6f415479e9adf"
"Assets/_Game/Scripts/Commands/GainResourceCommand.cs.meta","243","2026-04-18T15:37:54.0000000Z","62a11c26e13768b37a9efba3e136142ea2e6b345ed800ace0561af0adcdcc6d2"
"Assets/_Game/Scripts/Commands/SpendResourceCommand.cs","1214","2026-08-03T04:05:26.5015271Z","43374ba869d7a963ede80c0f1adeb066176a0f6eaced15359007f756f057d37d"
"Assets/_Game/Scripts/Commands/SpendResourceCommand.cs.meta","243","2026-04-18T15:37:54.0000000Z","4c31c341f3c1262c0c6f30ff501c9bff34885f0a80fc37af9edf1991aa6afea6"
"Assets/_Game/Scripts/Commands/UnlockQualificationCommand.cs","1261","2026-08-03T04:05:26.5015271Z","4d38eb33ff506767ce891043226578940ba96e758c6caf8ce501cfc933037471"
"Assets/_Game/Scripts/Commands/UnlockQualificationCommand.cs.meta","243","2026-04-18T15:37:54.0000000Z","e804cde2f1777f2d7c4c7b8a51889e1adc78b94f2f7ceed9e9a974e390f11ab9"
"Assets/_Game/Scripts/Configs.meta","180","2026-04-14T13:46:48.0000000Z","b1d669232175bcf4725284bdd56965e2368d107cbf1b29b0c4d56b4e0d54fd3d"
"Assets/_Game/Scripts/Configs/ConfigModels.cs","12336","2026-08-03T04:05:26.5015271Z","1395fcb2cb1c491da8c86a610bcd4ad8a9d6ee871df895e84b575700882e9016"
"Assets/_Game/Scripts/Configs/ConfigModels.cs.meta","254","2026-04-14T13:46:48.0000000Z","9bba5ba7bc56715c96f47aa8c8d7bca34da74a9ca90c3c5ef38253bf70cceb1d"
"Assets/_Game/Scripts/Configs/VisualMapping.cs","1193","2026-08-03T04:05:26.5035339Z","f6e1f65caf9d2e9243cfc1242a847bd55b6051286774a64408e0109b45445175"
"Assets/_Game/Scripts/Configs/VisualMapping.cs.meta","243","2026-04-18T09:47:24.0000000Z","c179eac142077fa6f1d4b4391e1657e5eb0de980809f06e56b84e1011b009678"
"Assets/_Game/Scripts/Logic.meta","180","2026-04-14T13:47:10.0000000Z","789a718c3d7ffdde11afcfa1556c4f206cf0ec0a906d2d98b5164915bdac26d7"
"Assets/_Game/Scripts/Logic/Adapters.meta","172","2026-04-18T15:37:54.0000000Z","662127cf6eb04713695cf4ed11ec1e6ab22c62231f33745a26a670b0b3962d66"
"Assets/_Game/Scripts/Logic/Adapters/LogicToViewBridge.cs","2685","2026-08-06T08:12:24.7045244Z","2dd0f506f38cb9dbbc6c14f86d76be77bd0eab44eb3c32fb58acd3db34ed35f4"
"Assets/_Game/Scripts/Logic/Adapters/LogicToViewBridge.cs.meta","243","2026-04-18T15:37:54.0000000Z","5e102cea224851508ea2c68da84a9d6234addacc0eba8a94e886268d4b3af809"
"Assets/_Game/Scripts/Logic/Adapters/ViewEventTypes.cs","322","2026-08-06T08:12:24.7019064Z","2183c9a9c4c5547eb1cf62ca6fcc58a51d32d3a53a90fc8973ed518a5bff2a7b"
"Assets/_Game/Scripts/Logic/Adapters/ViewEventTypes.cs.meta","243","2026-04-18T15:37:54.0000000Z","27a8f124e5f2d12aba78627ce6192263ec1c020d301433c6efcff4972a04c789"
"Assets/_Game/Scripts/Logic/Core.meta","180","2026-04-14T13:47:10.0000000Z","323b313aebba60612928c1e716e3fd5a8293a0bb42a0d72c3bdc80b72b59597d"
"Assets/_Game/Scripts/Logic/Core/Abstraction.meta","172","2026-04-18T15:37:54.0000000Z","ae8f318954173ffec83aee9217fde736f8a8e8234868cb9d7fa8ba917705a0fc"
"Assets/_Game/Scripts/Logic/Core/Abstraction/ICommand.cs","446","2026-08-03T04:05:26.5063824Z","0a80c0a323e59eefac3dd4cfbe1005fafe5a1677f3bbd2b179c8871fd51cd1f7"
"Assets/_Game/Scripts/Logic/Core/Abstraction/ICommand.cs.meta","243","2026-04-18T15:37:54.0000000Z","2d7f01976ceda6236d71547cfdae4cdeee29042fabb991e041ca92bc550210cf"
"Assets/_Game/Scripts/Logic/Core/Abstraction/IQuery.cs","396","2026-08-03T04:05:26.5063824Z","125494e2f7d36f421edb410b3f5acf2bf063e783e4e6c10b92840d130e4033ec"
"Assets/_Game/Scripts/Logic/Core/Abstraction/IQuery.cs.meta","243","2026-04-18T15:37:54.0000000Z","f0dc52c4842f6b556add7239d11341eea5ba029e90cd6412aa6114f5f2951adf"
"Assets/_Game/Scripts/Logic/Core/Data.meta","180","2026-04-14T13:47:10.0000000Z","3942fc3f0ed4c1b04dcd8f34dfb6b99b2e24f1aed5e0b001566baccfef04824e"
"Assets/_Game/Scripts/Logic/Core/Data/JsonConfigProvider.cs","10420","2026-08-03T04:05:26.5063824Z","c7c624307f2f5cb1a61b972181c17a912efc159a5caa32c2ac257f7410befcef"
"Assets/_Game/Scripts/Logic/Core/Data/JsonConfigProvider.cs.meta","254","2026-04-14T13:47:10.0000000Z","e4efa09c7d4001cb8f3c4539d6af462ad0091b7a040ebf669d06dda72b69b92c"
"Assets/_Game/Scripts/Logic/Core/Domain.meta","180","2026-04-14T13:47:10.0000000Z","50f64e19dfa6fe3ac9c1f7ef9690b83c39c6812dee3f50318275f0e5dbe9ee43"
"Assets/_Game/Scripts/Logic/Core/Domain/AcceptQualificationCommand.cs","994","2026-08-03T04:05:26.5063824Z","6f0ad34e8119faff42062a7c4fe089de8c9e85be626f6689059d591abe3af3f2"
"Assets/_Game/Scripts/Logic/Core/Domain/AcceptQualificationCommand.cs.meta","254","2026-04-14T13:47:10.0000000Z","984a19f6a80efd7aca68bc3455136f2e2de73e0f97f5dc658e44273e6795b8b0"
"Assets/_Game/Scripts/Logic/Core/Domain/ApplyPollutionCommand.cs","1243","2026-08-03T04:05:26.5097956Z","0d8fca4e00f3c8ba1d573fffa222db9f367808492c0163803519ed720d5b10dd"
"Assets/_Game/Scripts/Logic/Core/Domain/ApplyPollutionCommand.cs.meta","254","2026-04-14T13:47:10.0000000Z","bb3c6e5dc9999b242b2b27d2aeae8dede6485c26921bd957e85badccb698aace"
"Assets/_Game/Scripts/Logic/Core/Domain/AuthorizationEngine.cs","23187","2026-08-03T04:05:26.5097956Z","ef96a877a03b23d65f527ee62b831039067213d9e6421107e048394bcf67f116"
"Assets/_Game/Scripts/Logic/Core/Domain/AuthorizationEngine.cs.meta","254","2026-04-14T13:47:10.0000000Z","d39ed260f2b7ffbd02d8e1f39b6539f7ab0697435d83d545f80350092c18a21f"
"Assets/_Game/Scripts/Logic/Core/Domain/BattleEngine.cs","69514","2026-08-06T08:17:35.3351292Z","1e9fcd05b219df4f7f546c19b57b497944df77ef41e184bd5c117885e00b08c6"
"Assets/_Game/Scripts/Logic/Core/Domain/BattleEngine.cs.meta","254","2026-04-14T13:47:10.0000000Z","dab556d6fb71f644d0c2041ff6c9ddb9f9a6ed294bcbce4648ca004f1abeccab"
"Assets/_Game/Scripts/Logic/Core/Domain/BattleSnapshot.cs","8117","2026-08-03T04:05:26.5154028Z","ac2fb6c4caa8dbd3e1fee0e6f1dbf3281c05162be5905db922d709472c8206de"
"Assets/_Game/Scripts/Logic/Core/Domain/BattleSnapshot.cs.meta","254","2026-04-14T13:47:10.0000000Z","493bcd5626df8a874a6bd2695fbe5456ee09b6c6b088497d1fbe4a0560ca18a3"
"Assets/_Game/Scripts/Logic/Core/Domain/DeploymentRules.cs","7444","2026-08-03T04:05:26.5164084Z","c1d39503eb414a5ae40af8d5390c702ac0cfa0a889d7cfc8bff6ab22f18a7866"
"Assets/_Game/Scripts/Logic/Core/Domain/DeploymentRules.cs.meta","254","2026-04-14T13:47:10.0000000Z","53449b3f1cce66774f022700cff676673c7f42b73dd6b0ece59f9e6e9df81af6"
"Assets/_Game/Scripts/Logic/Core/Domain/DeployUnitCommand.cs","9901","2026-08-03T04:05:26.5164084Z","baf675721c7aceafb6b63e8eebe7b60f5555413c78f740139c74c6e65e3c6361"
"Assets/_Game/Scripts/Logic/Core/Domain/DeployUnitCommand.cs.meta","254","2026-04-14T13:47:10.0000000Z","a8309c291ebce660914fe5350ff22375c93fcf71b26b3caea1670a27473b5f73"
"Assets/_Game/Scripts/Logic/Core/Domain/DestroyBuildingCommand.cs","1356","2026-08-03T04:05:26.5184372Z","faca3a2fbd9429ffee47ac47adca236c96671e8190d29b671b496c38890f4cc6"
"Assets/_Game/Scripts/Logic/Core/Domain/DestroyBuildingCommand.cs.meta","254","2026-04-14T13:47:10.0000000Z","f50373386a32b6a977117f30199a97a6e91c1ed101e1ee06d1df007d7c9debf5"
"Assets/_Game/Scripts/Logic/Core/Domain/GainPointsCommand.cs","1025","2026-08-03T04:05:26.5184372Z","c4c88dda0fcbaddf9c3b9348ae557285845e8e7bf8b4e1c7ade959a49a348939"
"Assets/_Game/Scripts/Logic/Core/Domain/GainPointsCommand.cs.meta","254","2026-04-14T13:47:10.0000000Z","e708086d1dd25507420502710653060845a87060f02259ab1eeee6bd5aef7124"
"Assets/_Game/Scripts/Logic/Core/Domain/GainResourceCommand.cs","1052","2026-08-03T04:05:26.5184372Z","3e76e727def7631df1384f4ef659f054dc1df380093b0ebf3268d68eeb52963e"
"Assets/_Game/Scripts/Logic/Core/Domain/GainResourceCommand.cs.meta","254","2026-04-14T13:47:10.0000000Z","8422fd16a1dc17c4a85314084a254485103fd119b881c0cc71ad94a60e5ee62b"
"Assets/_Game/Scripts/Logic/Core/Domain/GridMap.cs","28658","2026-08-03T04:05:26.5204425Z","49a17115b63bfd79b03dc215cf347bfbb959eecb6566d3fc7ce595fd7f19c884"
"Assets/_Game/Scripts/Logic/Core/Domain/GridMap.cs.meta","254","2026-04-14T13:47:10.0000000Z","4d8a30341317f65e5a1d4e55f21a86de01d9c2e9428d3efe70d2ade3af89c937"
"Assets/_Game/Scripts/Logic/Core/Domain/QueryService.cs","3345","2026-08-03T04:05:26.5204425Z","3d62d5d11a1da2eb795ea52d3c5d750c819277a7f30aa3c127a462266e5e065f"
"Assets/_Game/Scripts/Logic/Core/Domain/QueryService.cs.meta","254","2026-04-14T13:47:10.0000000Z","3358aa8b71dc3698a304332460d49ade212b435ba56e1061ff80438fe6fe60d3"
"Assets/_Game/Scripts/Logic/Core/Domain/ReplaceQualificationCommand.cs","1147","2026-08-03T04:05:26.5224462Z","e3446698e70dcdebc59895e71b75d6e134b5e87e5e4d0fb4be8068878e5b3f1e"
"Assets/_Game/Scripts/Logic/Core/Domain/ReplaceQualificationCommand.cs.meta","254","2026-04-14T13:47:10.0000000Z","17761fd72ec037771c5d2a9c5097b92e37d30ca6845f1bfdc7f61a454c6cc0b2"
"Assets/_Game/Scripts/Logic/Core/Domain/ResourceEngine.cs","8020","2026-08-03T04:05:26.5235181Z","7a85bbac2be2fdfd8b4e6869fd897804fa66506446b56f1e9509d613feb666b5"
"Assets/_Game/Scripts/Logic/Core/Domain/ResourceEngine.cs.meta","254","2026-04-14T13:47:10.0000000Z","b7944605b75a4706715260c5bc8342b940adb972cfad94e8a3a375d69a5debd0"
"Assets/_Game/Scripts/Logic/Core/Domain/SpawnEngine.cs","15800","2026-08-03T04:05:26.5235181Z","4432aa47eed42e5dbbcda71ff9534fb6c69c521548e3e912ca4a74a97405123b"
"Assets/_Game/Scripts/Logic/Core/Domain/SpawnEngine.cs.meta","254","2026-04-14T13:47:10.0000000Z","cb6ed1dc9ee5d45a855f5d279ca63fa807954c74d8d0d5dba14ae4175c5ca37a"
"Assets/_Game/Scripts/Logic/Core/Domain/SpendResourceCommand.cs","997","2026-08-03T04:05:26.5255248Z","690e9edf4a9ae41e037b17177baa715ff09f6d53bd7cea026ea6e3818ddf8312"
"Assets/_Game/Scripts/Logic/Core/Domain/SpendResourceCommand.cs.meta","254","2026-04-14T13:47:10.0000000Z","aadb59cc51c6bc46ce2fe5598becb7c8a7e83e92c8cbec5d1b8b45465c571657"
"Assets/_Game/Scripts/Logic/Core/Domain/Stats.cs","1529","2026-08-03T04:05:26.5265318Z","183792b4b47445cca61de5208df32c057111a61a44f25f10bc8fcd9281aaeb84"
"Assets/_Game/Scripts/Logic/Core/Domain/Stats.cs.meta","254","2026-04-14T13:47:10.0000000Z","5587233a45e53f59c237ce39e6b8f74b12808d7b836e7bb0a70a226daebceb5e"
"Assets/_Game/Scripts/Logic/Core/Domain/SystemTickController.cs","3796","2026-08-03T04:05:26.5265318Z","2a842f5840cc1b962041f2cab5db8c67fd84db8a3c752f7424ee52b0f2b7c824"
"Assets/_Game/Scripts/Logic/Core/Domain/SystemTickController.cs.meta","254","2026-04-14T13:47:10.0000000Z","4faeb6624559104da27687729f9c535cb485c31729d379c694c14ef2289f03b8"
"Assets/_Game/Scripts/Models.meta","172","2026-04-16T13:31:36.0000000Z","e19fe685eeecb8efe238242b2da93211406ecb8409baedbd551442fb8af79b82"
"Assets/_Game/Scripts/Models/ConfigModel.cs","3092","2026-08-03T04:05:26.5265318Z","d3788d23a5c71a66640217468399d88c4f0f8e6b8081025df976537923e9cbcb"
"Assets/_Game/Scripts/Models/ConfigModel.cs.meta","243","2026-04-18T15:37:54.0000000Z","50db87ac2d5f5ea89f24ceed3fc44ad40e1a94b81ad21d5165f54f35e6852015"
"Assets/_Game/Scripts/Models/GameRuntimeModel.cs","1440","2026-08-03T04:05:26.5292365Z","782a7145315656b5ac40c6e6c304169cec7693a4f3cee33155429403df019c88"
"Assets/_Game/Scripts/Models/GameRuntimeModel.cs.meta","243","2026-04-18T15:37:54.0000000Z","cd3ed32d1182716fbbd63aab52cc26fc01759310c5b695cfef96b47089c83978"
"Assets/_Game/Scripts/Models/GridModel.cs","1850","2026-08-03T04:05:26.5292365Z","e56b22f08f47e5d89f2cd2380b1795ff07f4129b6211c52c762fa103ace595de"
"Assets/_Game/Scripts/Models/GridModel.cs.meta","243","2026-04-18T15:37:54.0000000Z","233fb646a3c8e7b8f8f8dc98d8213ba1e9cbcf0f21472fd8b62df0e3dc0c9a8d"
"Assets/_Game/Scripts/Models/IConfigModel.cs","1334","2026-08-03T04:05:26.5309101Z","aeac78c907278b6d9bf2275abfa96adca9861279f5184841eae1f17edffa6706"
"Assets/_Game/Scripts/Models/IConfigModel.cs.meta","243","2026-04-18T15:37:54.0000000Z","6f598c279aec4201db2ae643627d3eb752a60bc91b69e579545935a2e5daa7a4"
"Assets/_Game/Scripts/Models/IGameRuntimeModel.cs","710","2026-08-03T04:05:26.5309101Z","5b40f123e0ee8c147838c3728e3dc154a7de5a104d7812ebfdcaadb184df8c93"
"Assets/_Game/Scripts/Models/IGameRuntimeModel.cs.meta","243","2026-04-18T15:37:54.0000000Z","9ee11b1624b1c817d487bb0ee35f067a1da3f9b26aed361328fc4efbfbe42b24"
"Assets/_Game/Scripts/Models/IGridModel.cs","1118","2026-08-03T04:05:26.5329177Z","994271bdac7be1e4ec5372a1d260f80c8b5707c8bde4928061466459d283100b"
"Assets/_Game/Scripts/Models/IGridModel.cs.meta","243","2026-04-18T15:37:54.0000000Z","338e81c9bf02ba3f5790bec5344cd9818c7afba677dcfacd43aeb1a634fd5332"
"Assets/_Game/Scripts/Procedure.meta","180","2026-04-14T13:46:48.0000000Z","5262e94c88ad64b70218651f89cc9a1a32a9422c2a0b1dd51b2e29d9268b5c4a"
"Assets/_Game/Scripts/Procedure/BattleLaunchContext.cs","1237","2026-08-03T04:05:26.5329177Z","96bec3b131c8476a897b79dd2e46f296f99df4318995b9cbe595d6d038443570"
"Assets/_Game/Scripts/Procedure/BattleLaunchContext.cs.meta","243","2026-04-18T11:56:40.0000000Z","9d8bd9dbcc4957db14abeb84db809a4edac9774b57162aee18ced48fb6dee82e"
"Assets/_Game/Scripts/Procedure/CompanyWarBootstrap.cs","673","2026-08-03T04:05:26.5329177Z","3b7cf0a2d413e17fe58bad5564bee9934bdac1dac5698a56312db5b2f93c5ffc"
"Assets/_Game/Scripts/Procedure/CompanyWarBootstrap.cs.meta","243","2026-04-18T10:21:00.0000000Z","b2941356eab35441fc13657be0f69255f04a11915d1b5c73d0014d07b2c9351f"
"Assets/_Game/Scripts/Procedure/CompanyWarManager.cs","1183","2026-08-03T04:05:26.5329177Z","fdfb6f008d77adbe9f7734a40e27db84e034d681002a18522d86a4cd261a3502"
"Assets/_Game/Scripts/Procedure/CompanyWarManager.cs.meta","254","2026-04-14T13:46:48.0000000Z","2bef2ed9c5837be4d4d4b19d4fedb670396fd15c270e920bbddc345049c130bc"
"Assets/_Game/Scripts/Procedure/LevelCatalog.cs","4342","2026-08-03T04:05:26.5362496Z","3964665c2769e5db5ee35eda0882532ab1041fca453bdb0d5fef2a2631fbe5a3"
"Assets/_Game/Scripts/Procedure/LevelCatalog.cs.meta","243","2026-04-18T11:42:50.0000000Z","4606099d22f98ea1eb4301265749edfce515808f52c5d4dea257675df9af2900"
"Assets/_Game/Scripts/Procedure/ResultContext.cs","1388","2026-08-03T04:05:26.5362496Z","513a9c928735331878219f4f7d9490763589929323b338a918506f57148ee582"
"Assets/_Game/Scripts/Procedure/ResultContext.cs.meta","243","2026-04-17T11:15:26.0000000Z","d4f55c6a34a131f59f572d307de8068f19ca2ff4c9a50354a51b8f8c65682414"
"Assets/_Game/Scripts/Procedure/States.meta","180","2026-04-14T13:46:48.0000000Z","9d4e268f6bdd08ec9266e6d642af812e28deff3017a6cb9b62c1fe57234d1d08"
"Assets/_Game/Scripts/Procedure/States/BattleState.cs","2909","2026-08-03T04:05:26.5362496Z","fe131cc63fece78311a65acab4d088a63aacb788d93920780aeb1e115f4d680f"
"Assets/_Game/Scripts/Procedure/States/BattleState.cs.meta","254","2026-04-14T13:46:48.0000000Z","27e9a5fe7218d87551100fc75b61b9e6661c66d5ee3c89936f74db1f42f75558"
"Assets/_Game/Scripts/Procedure/States/BootState.cs","1513","2026-08-03T04:05:26.5362496Z","5809dc141be9ae8cc22fab4c3d0a565074af2b81f4dab45f09152f08c1bc0c44"
"Assets/_Game/Scripts/Procedure/States/BootState.cs.meta","254","2026-04-14T13:46:48.0000000Z","a7c1fb1dc5cd77b78636c6b769dc1b0826c22ad35ae7baaeed8e33367880c816"
"Assets/_Game/Scripts/Procedure/States/LevelSelectState.cs","1642","2026-08-03T04:05:26.5362496Z","4af93f7f3d241a96f3a7c862ca54b93b30c69dad5296b021c0807420a13382d3"
"Assets/_Game/Scripts/Procedure/States/LevelSelectState.cs.meta","254","2026-04-14T13:47:10.0000000Z","74e4c79d94c4026dc8aeb3e3dfd82395499bfb4564e2cdd5595817e02a977a90"
"Assets/_Game/Scripts/Procedure/States/MenuState.cs","1533","2026-08-03T04:05:26.5399621Z","04036645cab9efc43a1a2a3e5749c4ebeea6afabc4ba97a897910697abce175b"
"Assets/_Game/Scripts/Procedure/States/MenuState.cs.meta","254","2026-04-14T13:46:48.0000000Z","bdc386b1626d10e05ac3c5b8a9e98a4e4f1bed62aeeb470520dde7a6f761cedc"
"Assets/_Game/Scripts/Procedure/States/ResultState.cs","1326","2026-08-03T04:05:26.5399621Z","5ce943a8413774f43f8b1caf01cf1ce3b7c8d255bfa1b0e675bf6dcabf57ea0d"
"Assets/_Game/Scripts/Procedure/States/ResultState.cs.meta","254","2026-04-14T13:46:48.0000000Z","1ff252bb589aa02b949d9f9b9f0273d818d3a947772b6e5b8997c2796886b53e"
"Assets/_Game/Scripts/Prototype3D.meta","180","2026-04-14T13:47:10.0000000Z","9ed7c4c9dd71271448f1fbd25e1240640208fbacd9174f03f7f78ae2e995fd93"
"Assets/_Game/Scripts/Prototype3D/BattleCameraController.cs","6795","2026-08-03T04:05:26.5399621Z","31e8ff37b31dc0681672cd42228f3ea36c4256a6997bbd529bc34561a11dcee1"
"Assets/_Game/Scripts/Prototype3D/BattleCameraController.cs.meta","243","2026-05-02T03:42:28.0000000Z","753f82038b31e337a9c5e9bb0ea4c9a4c59dc5dafdf0ad4814d59578259193ac"
"Assets/_Game/Scripts/Prototype3D/CompanyWarEnvironmentRingRenderer.cs","44782","2026-08-03T04:05:26.5399621Z","518d55928ab21383f7c49087523ae7cb365870676c57195f0888b1989921b6cb"
"Assets/_Game/Scripts/Prototype3D/CompanyWarEnvironmentRingRenderer.cs.meta","254","2026-05-20T11:42:40.4445766Z","f742b6c1367ff16a15dea14aeccbe423bbd9940d029f579a095d6e6ee3c43b8c"
"Assets/_Game/Scripts/Prototype3D/CompanyWarGrid3DRenderer.cs","38199","2026-08-03T04:05:26.5399621Z","b0747aecf36e7f240eaf70cbe27ad4f7d4060873bb2d9503167d7afb5c34cbce"
"Assets/_Game/Scripts/Prototype3D/CompanyWarGrid3DRenderer.cs.meta","254","2026-04-14T13:47:10.0000000Z","d8e195b4145619c0bec6ada99e3fbac90a20c3391030a355d25133fc31b02197"
"Assets/_Game/Scripts/Prototype3D/CompanyWarGridCell3D.cs","5073","2026-08-03T04:05:26.5453751Z","a613532baa80f9dcc2f55152f50a06e4cd693c6b3e489eb6b55a8678fbe726d3"
"Assets/_Game/Scripts/Prototype3D/CompanyWarGridCell3D.cs.meta","254","2026-04-14T13:47:10.0000000Z","f5004e5c833764d56eb865537ba18624ef984fd27edbe15e0ebb3a460ecc9c70"
"Assets/_Game/Scripts/Prototype3D/CompanyWarPrototype3DRuntime.cs","160811","2026-08-03T04:05:26.5463892Z","fb75493f71c03a7c3733bd2f142b11980de3fa8186125f1d04bac59cf21bab0b"
"Assets/_Game/Scripts/Prototype3D/CompanyWarPrototype3DRuntime.cs.meta","254","2026-04-14T13:47:10.0000000Z","4574471faa902aaae4c939261dd27ade5f9da1288f2537b613a543df8677ffef"
"Assets/_Game/Scripts/Prototype3D/CompanyWarPrototype3DSimple.cs","28907","2026-08-03T04:05:26.5463892Z","4a0a131a8844db6960519eeb837fe9be0b5600098dcc20af605bd6f51f2f70a9"
"Assets/_Game/Scripts/Prototype3D/CompanyWarPrototype3DSimple.cs.meta","243","2026-04-16T16:19:56.0000000Z","e5acf356a94ce01b394db035f3bd536d57f82cbe1f39079d1df4e29f35d37be1"
"Assets/_Game/Scripts/Prototype3D/CompanyWarPrototype3DSimpleV2.cs","30896","2026-08-03T04:05:26.5484217Z","969764a734075a27e31299ce1f929f4c3ba7ce2cf2ce866bcd5e9c9ff2d686f0"
"Assets/_Game/Scripts/Prototype3D/CompanyWarPrototype3DSimpleV2.cs.meta","243","2026-04-16T19:13:36.0000000Z","9ad6267302bd6f6782d2435c4032afb99ecc560c79adaf20e3bcd6722a53a87b"
"Assets/_Game/Scripts/Prototype3D/CompanyWarScenePropRegistry.cs","1705","2026-08-03T04:05:26.5484217Z","abfb14f20d88a9575789bd94ae4af23e07b6c3f2fa2e9855f3659529cd65080c"
"Assets/_Game/Scripts/Prototype3D/CompanyWarScenePropRegistry.cs.meta","254","2026-05-20T11:42:40.4470811Z","7cfe363158e149da4ef76caa08b3dfd5b36cded8d38055ee13f6cb5d4674a101"
"Assets/_Game/Scripts/Prototype3D/CorporateWarCorridorFloor.cs","24051","2026-08-03T04:05:26.5484217Z","4b284a989d339340dc7a0ea0948c4be221058c38f4eece07e91b43bee81757d4"
"Assets/_Game/Scripts/Prototype3D/CorporateWarCorridorFloor.cs.meta","243","2026-04-18T03:59:22.0000000Z","73d602eee6e8b560206e96958a864830a7926fa2f71f95bf78744ce0b0c2f7f8"
"Assets/_Game/Scripts/Prototype3D/CorporateWarCorridorTheme.cs","2437","2026-08-03T04:05:26.5484217Z","22e2c8db3f7e9cf5500e5d8d5b4464cad6f6797df6a8e352a78831e5ad99402e"
"Assets/_Game/Scripts/Prototype3D/CorporateWarCorridorTheme.cs.meta","243","2026-04-18T04:02:36.0000000Z","a7a7d9e57fee8cc38dd3b1c5b25f92da3db9db3e64622cff4898566ee5de0fd3"
"Assets/_Game/Scripts/Prototype3D/SimpleTest.cs","2215","2026-08-03T04:05:26.5484217Z","6d8ad699fce01c53c0a8b77771f4a7ff70bebb8c2ed3d368e7e788700e0fb961"
"Assets/_Game/Scripts/Prototype3D/SimpleTest.cs.meta","243","2026-04-16T19:13:36.0000000Z","d527cb81ed2db659adf14abf92c41d109c4546992831826c269084941477d348"
"Assets/_Game/Scripts/Queries.meta","172","2026-04-18T15:37:54.0000000Z","9ccbb7352d522c3f18613cab4994d8d4df83784085834a3ca27d66195fcded4a"
"Assets/_Game/Scripts/Queries/GetAuthorizationProgressQuery.cs","1240","2026-08-03T04:05:26.5532755Z","584020d2c8614270f8bd6f310156bd7e50904682db8f37a10f786027f1546157"
"Assets/_Game/Scripts/Queries/GetAuthorizationProgressQuery.cs.meta","243","2026-04-18T15:37:54.0000000Z","f409dfb06821c4c854f5a6a282ff645a00de6c1e405157ab743c9a663f0ce03e"
"Assets/_Game/Scripts/Queries/GetDeployableListQuery.cs","1051","2026-08-03T04:05:26.5542843Z","e71f25735475275f37a1199471c12e2ea4e52fb163a3789b65edff97210de66b"
"Assets/_Game/Scripts/Queries/GetDeployableListQuery.cs.meta","243","2026-04-18T15:37:54.0000000Z","2621ce3e41fbfce6cf74cf33def7748467a70986a58ce499d3de97b816216d77"
"Assets/_Game/Scripts/Queries/GetEnemyStatsQuery.cs","1132","2026-08-03T04:05:26.5542843Z","19737b2eeef6c7126c1f7b1d3850784a262e6eb1082818b3bafd90f58d21724e"
"Assets/_Game/Scripts/Queries/GetEnemyStatsQuery.cs.meta","243","2026-04-18T15:37:54.0000000Z","732f27839c3da678f80efb2c07d60e0d0e497737c517a6ba1508ab887ee351da"
"Assets/_Game/Scripts/Queries/GetGridCellQuery.cs","1228","2026-08-03T04:05:26.5542843Z","8ff2c5e50486311ba071cfaae742a98651e11e910b09a0def798268980418e2a"
"Assets/_Game/Scripts/Queries/GetGridCellQuery.cs.meta","243","2026-04-18T15:37:54.0000000Z","90a68ca9fbe29f6d2b001bb1bc50d7ac1d1d9440c50f0582f5811ec4ebbee86d"
"Assets/_Game/Scripts/Queries/GetMapOwnershipQuery.cs","1452","2026-08-03T04:05:26.5563224Z","29a4304486129a1763660bf0b03d7144ecfd0cb0c1fc7a2591763a630578cf71"
"Assets/_Game/Scripts/Queries/GetMapOwnershipQuery.cs.meta","243","2026-04-18T15:37:54.0000000Z","51273c40ddf75f280d3ade1d91a3adfc63736d3e8e5a36408753332f858eb95d"
"Assets/_Game/Scripts/Queries/GetResourceQuery.cs","945","2026-08-03T04:05:26.5563224Z","02de1eb487db8bf773d85d4608466aedcc45bbf145beb58538e911a2eeabe2c1"
"Assets/_Game/Scripts/Queries/GetResourceQuery.cs.meta","243","2026-04-18T15:37:54.0000000Z","6a318067bd204a52dc8be3a58c82671127d9c88a5ac87fecfd4343e7cbbb5f89"
"Assets/_Game/Scripts/Queries/GetUnitStatsQuery.cs","1119","2026-08-03T04:05:26.5563224Z","24b53cfa3aa274dc2ed464c9ff1555fe35207af136e2991fd2eb7f1a34fb04a5"
"Assets/_Game/Scripts/Queries/GetUnitStatsQuery.cs.meta","243","2026-04-18T15:37:54.0000000Z","ad1e34e9936f4054c57424703c2eeba380a8fb6a069f424607e0e88c2588296f"
"Assets/_Game/Scripts/Systems.meta","180","2026-04-14T13:47:10.0000000Z","437b72197f584a979e1daffe8af55e09ee467853352dadc7bed7c5b659c08748"
"Assets/_Game/Scripts/Systems/ILevelSystem.cs","920","2026-08-03T04:05:26.5583534Z","7a30bdc86650a8b931e7ab3c9ee31071f0998be636d95254fdcf740d645490a1"
"Assets/_Game/Scripts/Systems/ILevelSystem.cs.meta","254","2026-04-14T13:47:10.0000000Z","6a84b6417bbb850746bb8d5bae94edeb3bd518e861027076d934420504e13fe9"
"Assets/_Game/Scripts/Systems/ISpawnSystem.cs","612","2026-08-03T04:05:26.5583534Z","46549b4495d90989c8450d5cda578f47671a51525c95a2cee5ea5f4e4753f612"
"Assets/_Game/Scripts/Systems/ISpawnSystem.cs.meta","243","2026-04-18T15:37:54.0000000Z","03a9a6131f5f85b03f1b302c9b7436604d01c91fe8395402852ba807de3a66d5"
"Assets/_Game/Scripts/Systems/LevelSystem.cs","2755","2026-08-03T04:05:26.5583534Z","41aac108670dbe78c90a40b97b415c1efc96fa79f2fa2da415ad62811fe39d1b"
"Assets/_Game/Scripts/Systems/LevelSystem.cs.meta","254","2026-04-14T13:47:10.0000000Z","2b48eab20ebd0f84c6cc7a3f2b849e329266a56a62a1a3d563d302062fcb9fb4"
"Assets/_Game/Scripts/Systems/SpawnSystem.cs","1603","2026-08-03T04:05:26.5603617Z","f7bb790a6b4a4565d341dbf3432a8b1af32c286997c45c7f8ac21c4dafb1ce4f"
"Assets/_Game/Scripts/Systems/SpawnSystem.cs.meta","243","2026-04-18T15:37:54.0000000Z","f3eaa718bbd1b6f61d37eeaf221db1c78503e5ad368a909b59965de2a451cfae"
"Assets/_Game/Scripts/Tests.meta","172","2026-04-24T12:47:30.0000000Z","b5fb6683bc3f59ec0ba96f48ee029d35d471b92ef0a27d3140413c801580fc3b"
"Assets/_Game/Scripts/UI.meta","180","2026-04-14T13:47:10.0000000Z","60a35770cc7c200cb97fcb322add082de68a1ead5d74ed8f2b15d361fd3d91ce"
"Assets/_Game/Scripts/UI/ActorAnimator.cs","5788","2026-08-03T04:05:26.5603617Z","eab3bc7c1a9ce50e801094a56261a3895e2a0c5bf4b4ec81be7ad6114b28d95f"
"Assets/_Game/Scripts/UI/ActorAnimator.cs.meta","254","2026-04-14T13:47:10.0000000Z","d61d361a95339bd551210a7ff57185c82ccf78ceb5043c6f5bb020689e98c2d0"
"Assets/_Game/Scripts/UI/ActorWorldHealthBar.cs","9757","2026-08-03T04:05:26.5603617Z","84c2f41a0a5db5eca3cc3ecc35e4690f792f1b10c3e2e3067ed38d63a510fcf8"
"Assets/_Game/Scripts/UI/ActorWorldHealthBar.cs.meta","243","2026-04-27T16:22:18.0000000Z","a8651d01687ac8e7d930098fbb3f2e948e1b17c1d197096f5eea4fa5523b796e"
"Assets/_Game/Scripts/UI/BattleCardPanel.cs","18190","2026-08-03T04:05:26.5603617Z","13038f85dc89c27742550b8d637ac00ec8220add7f17c6e6038266858dfc66c6"
"Assets/_Game/Scripts/UI/BattleCardPanel.cs.meta","243","2026-04-18T13:18:14.0000000Z","32178c3fb13c9e0ab1e49affbe010e8abe6605e765cc8dee2db0d53f6e73d322"
"Assets/_Game/Scripts/UI/BattleCardUI.cs","7609","2026-08-03T04:05:26.5638410Z","a5172d0afeee28209300629549654f9b1781dbf5f17c27ab21c89050c4962dd1"
"Assets/_Game/Scripts/UI/BattleCardUI.cs.meta","243","2026-04-18T13:18:14.0000000Z","c7cb929fcd130cf19eda1a830d5404fb55abebe917ac91e830a698e28e2e8bd5"
"Assets/_Game/Scripts/UI/BattlePanel.cs","534","2026-08-03T04:05:26.5638410Z","98ee63622cd10941ccc7e50ee991a7cbc4e499fcbbb619b654d84825c5bcf52b"
"Assets/_Game/Scripts/UI/BattlePanel.cs.meta","254","2026-04-14T13:47:10.0000000Z","5e2560064a105b8d1beb50c0f7f7ffc676795c0fc35beea391ebcbeccc274e17"
"Assets/_Game/Scripts/UI/BattlePanel.prefab","19424","2026-04-14T13:47:10.0000000Z","bf0246feaaec7f1a14a9d9031e93de728cbcc9bd5cd8c8dfdb583121f7255014"
"Assets/_Game/Scripts/UI/BattlePanel.prefab.meta","161","2026-04-14T13:47:10.0000000Z","00e964ecc102bb52b7df8870b53f512dc24e9beccbe80d8e00eeffb71d2fa6e4"
"Assets/_Game/Scripts/UI/BattleResultData.cs","2954","2026-08-03T04:05:26.5638410Z","519f6635323fce171470e86e8eb19f85782f7bcb79a7656593f44aa0dccd6ac7"
"Assets/_Game/Scripts/UI/BattleResultData.cs.meta","243","2026-05-06T17:01:26.0000000Z","cb92986f1863d2cf4079a8cf5d590273c3795c53deeabcb3a4eac2e65a30b77d"
"Assets/_Game/Scripts/UI/BattleSelectableActor.cs","1157","2026-08-03T04:05:26.5663935Z","903c506e5adb6f8f149fb39d2f305ac9aa948cbe0f45a02b5a64805d41478c02"
"Assets/_Game/Scripts/UI/BattleSelectableActor.cs.meta","243","2026-05-02T03:42:28.0000000Z","202d388900fa6e28da51aa38db406c39738b1dd06aa06e955de91c347ba0ae28"
"Assets/_Game/Scripts/UI/BattleUIController.cs","101048","2026-08-03T04:05:26.5685128Z","2dabcbe0ed151840e8b6eaedff43e13092154c68b353b3954574bdd6881ee0f8"
"Assets/_Game/Scripts/UI/BattleUIController.cs.meta","243","2026-05-02T03:42:28.0000000Z","fa56b48ff1111b7bc362765074d89dc9678b765d9a331c6f9ca1fa89ea089c65"
"Assets/_Game/Scripts/UI/BootPanel.cs","2536","2026-08-03T04:05:26.5690194Z","7327a7bbbbfef83df07636915bf32d29f446bf907d9b3c3546737df154e63af6"
"Assets/_Game/Scripts/UI/BootPanel.cs.meta","254","2026-04-14T13:47:10.0000000Z","449689dee97418bae846f248cfffb23e6d3a33ba3f41cce976b08df4aa740496"
"Assets/_Game/Scripts/UI/CompanyWarPresentationCatalog.cs","23926","2026-08-03T04:05:26.5690194Z","15b1b694b2976cd247b2d5b8771b74a0fe0731c3419399a97a4eb1bee1bf8f59"
"Assets/_Game/Scripts/UI/CompanyWarPresentationCatalog.cs.meta","243","2026-05-02T03:42:28.0000000Z","53a48a91b59ff5ea554c6a095c2addeb3f283ec4d3262fe6a059384e0bc8c0e1"
"Assets/_Game/Scripts/UI/CompanyWarTMPFontProvider.cs","11309","2026-08-03T04:05:26.5710298Z","fa0423f597d478bede2d3726cf7d02488e103e124b74153df1477a669f883d0d"
"Assets/_Game/Scripts/UI/CompanyWarTMPFontProvider.cs.meta","243","2026-05-02T03:42:28.0000000Z","51b42017a7f126e3f4ce6483c739dfd5439782f2f8fc19d44d3928139d246874"
"Assets/_Game/Scripts/UI/CompanyWarUIFactory.cs","10052","2026-08-03T04:05:26.5724289Z","60e40bcbe706e00c0a6e1e88580d006926fd207cf52eca22030e123c90eed3b6"
"Assets/_Game/Scripts/UI/CompanyWarUIFactory.cs.meta","243","2026-05-02T03:42:28.0000000Z","ee8c0064b1a7541d3085ef8120586ef9826f8a8689ababf4ed36d15c03b7e745"
"Assets/_Game/Scripts/UI/CompanyWarUIPressDepth.cs","3963","2026-08-03T04:05:26.5736519Z","08ea4c55c4426116280f6c11c65e523c319d1fd5a32828d6f4373ad80efeb36c"
"Assets/_Game/Scripts/UI/CompanyWarUIPressDepth.cs.meta","254","2026-05-20T12:25:13.1001350Z","f70de0a67f167546a8edb3ac42efd760f9df70c44e39f5a471f5cd9dbbe0e62f"
"Assets/_Game/Scripts/UI/HudNewsTicker.cs","1428","2026-08-03T04:05:26.5736519Z","5d27b69991ae3f630ecb8c67f2dc16242b56663c564739cafef394a3a36d4dc9"
"Assets/_Game/Scripts/UI/HudNewsTicker.cs.meta","243","2026-05-02T03:42:28.0000000Z","34b513be93188002d3af786f7ef33352f2c702f8045f496211fc482a05ee407d"
"Assets/_Game/Scripts/UI/LevelSelectPanel.cs","3543","2026-08-03T04:05:26.5736519Z","63d46b6ad6772801882be98d699021ed22a910a65330bfd58f2d7c504b884895"
"Assets/_Game/Scripts/UI/LevelSelectPanel.cs.meta","254","2026-04-14T13:47:10.0000000Z","6c6d577c1e417326e69e0ab10a510d3b3b81e5e289c22b126af1d6e8175e5fdc"
"Assets/_Game/Scripts/UI/LevelSelectPanel.prefab","51033","2026-04-14T13:47:10.0000000Z","213bd7b0cea09ee58f96cf792c1182d09826e0c76e07d35136a83d4d86eeb97c"
"Assets/_Game/Scripts/UI/LevelSelectPanel.prefab.meta","161","2026-04-14T13:47:10.0000000Z","60fc013886e589f230563a063608150b10a87a5cb553f6914fa327a64732246d"
"Assets/_Game/Scripts/UI/LevelSelectRuntimeUIController.cs","716","2026-08-03T04:05:26.5756629Z","69673f5f248dacebba986432b8ca80239635ca8612dc0486fa45f0498605beb6"
"Assets/_Game/Scripts/UI/LevelSelectRuntimeUIController.cs.meta","243","2026-04-18T10:36:28.0000000Z","fe2010a635693da5e3aa7e7763fec8efd44da1f60550994fce366126b8f37ec7"
"Assets/_Game/Scripts/UI/LevelSelectUIController.cs","37224","2026-08-03T04:05:26.5766693Z","0e591c2220f7afa1f7ee8d280533da4f6ac2018226a45b62e55514b15ec0d2bc"
"Assets/_Game/Scripts/UI/LevelSelectUIController.cs.meta","243","2026-05-02T03:42:28.0000000Z","a1c9344435e8bbb3b66b7e694dfc101709b7ea4ed27bd8e062d3bff7a082fe67"
"Assets/_Game/Scripts/UI/LevelSelectUIHierarchyBuilder.cs","58817","2026-08-03T04:05:26.5766693Z","ead6222b87990a0477e00ba99a354d86bb268d6c53fefb3c269db473bba4de92"
"Assets/_Game/Scripts/UI/LevelSelectUIHierarchyBuilder.cs.meta","254","2026-08-03T04:05:26.5786988Z","0c8285518dad779704dec0702e23a8e249c23d59106d39a202680ee90c8cd122"
"Assets/_Game/Scripts/UI/LoadingScreenController.cs","10244","2026-08-03T04:05:26.5786988Z","8f4e86fe9e821d9624d247e9150dc48fde161720fe9c50489807dc7553a22938"
"Assets/_Game/Scripts/UI/LoadingScreenController.cs.meta","243","2026-05-06T17:41:24.0000000Z","e7eb32dfd7dd4a3a41f15a1615f0e97890938d17d448fb4b95f30bd2dd442144"
"Assets/_Game/Scripts/UI/LoadingScreenUIHierarchyBuilder.cs","22126","2026-08-03T04:05:26.5786988Z","dd0f0f5642b045e93e041e9da5a4a1d80d9f18d55876a5297fe734113f772482"
"Assets/_Game/Scripts/UI/LoadingScreenUIHierarchyBuilder.cs.meta","254","2026-08-03T04:05:26.5786988Z","b3d228756f243de9432f5a1ec6417dcc9ea6308d682fff692c9dde4d6e30b7fb"
"Assets/_Game/Scripts/UI/MainMenuUIController.cs","7628","2026-08-03T04:05:26.5811131Z","695e6f6b9aeacbd09e602fb9547c803e52e43cad9028e918828178ffaacc030c"
"Assets/_Game/Scripts/UI/MainMenuUIController.cs.meta","243","2026-05-02T03:42:28.0000000Z","aba4803d1d3bdc76f4f7a5f4d0b1ed43c784cb50f1588907bfec7a14cb46b114"
"Assets/_Game/Scripts/UI/MainMenuUIHierarchyBuilder.cs","33259","2026-08-03T04:05:26.5811131Z","9de228eb333048f14d4e2e20f79c12ce5ac807d55624cff60156bb7bc30dc0c6"
"Assets/_Game/Scripts/UI/MainMenuUIHierarchyBuilder.cs.meta","254","2026-08-03T04:05:26.5831261Z","5d05e32767175535ee94761d34b2f24429c311c59bed0444464d24ea9714f660"
"Assets/_Game/Scripts/UI/Menu.prefab","11131","2026-04-14T13:47:10.0000000Z","e455edce7728fd68c4181612c8885988d1a39b3f3902a90c4be01519a2dac768"
"Assets/_Game/Scripts/UI/Menu.prefab.meta","161","2026-04-14T13:47:10.0000000Z","fede106a6e92aa5c2cca88e6b99f141733b0090c81229be70f9ad3ad91bf7f22"
"Assets/_Game/Scripts/UI/MenuPanel.cs","2906","2026-08-03T04:05:26.5831261Z","8f6bbfdc69d0c4a3ab2529d4a454dc64e31d1ada0d7cdfcd7bcb5fd357ab215c"
"Assets/_Game/Scripts/UI/MenuPanel.cs.meta","254","2026-04-14T13:47:10.0000000Z","fe766fabc11fcfd246daa0f77c9c528324861aa5f6903cba88168239596405b9"
"Assets/_Game/Scripts/UI/MenuRuntimeUIController.cs","696","2026-08-03T04:05:26.5851363Z","ca47b2afcddc385939458a741c0a5be0f720488b953b478dae12e59e1aa4b1e0"
"Assets/_Game/Scripts/UI/MenuRuntimeUIController.cs.meta","243","2026-04-18T10:36:28.0000000Z","f5a04c9dc55768a699a37b083ec4dcaec72906c3cfc82d11673dbadea074341a"
"Assets/_Game/Scripts/UI/PausePanelController.cs","3774","2026-08-03T04:05:26.5851363Z","1e91403df57c40f3ec67d9cd7f0d8edd6b273c743a5f35c17fa95d17da94b6e6"
"Assets/_Game/Scripts/UI/PausePanelController.cs.meta","243","2026-05-02T03:42:28.0000000Z","625e7467dd2667c1c0f9c7750b7fe05c1e71d551aa10d54745f710a25f46c9fd"
"Assets/_Game/Scripts/UI/PhaseUpgradeController.cs","29625","2026-08-03T04:05:26.5866458Z","35750df27c67c4cd551059120674d910fb2b14e18633766a08c4115f346ed222"
"Assets/_Game/Scripts/UI/PhaseUpgradeController.cs.meta","243","2026-05-02T03:42:28.0000000Z","018b6ee6552f2a767ffebc79bbdf0a8341b61bcf1045a5ea23e4be8df3efb8c3"
"Assets/_Game/Scripts/UI/ResultScreenController.cs","33333","2026-08-03T04:05:26.5866458Z","3d2c66368dbab90b258b45fac0361cd1fd5a731a85ea57ae2979554635d14a6e"
"Assets/_Game/Scripts/UI/ResultScreenController.cs.meta","243","2026-04-17T11:15:26.0000000Z","eaa5e6bbc1992b85262521937d6dffed6ce082c613ff7f5e63f7df5f2458ba78"
"Assets/_Game/Scripts/UI/SceneTransitionManager.cs","15814","2026-08-03T04:05:26.5866458Z","767656928606c22d16848e7fd0b6354cd37f5b33117869d4c66b483ab002d2b0"
"Assets/_Game/Scripts/UI/SceneTransitionManager.cs.meta","243","2026-05-06T17:41:24.0000000Z","07778026dedc6e530535673c9cfd6f8bafa8dd22fde543f09d7fc39ab5e49ea0"
"Assets/_Game/Scripts/UI/SimpleLevelSelectUI.cs","7737","2026-08-03T04:05:26.5894206Z","813a0869f43fc44a296e5a568c9a476e80aa388c43020b8bfffc0f2c9bda24e6"
"Assets/_Game/Scripts/UI/SimpleLevelSelectUI.cs.meta","243","2026-04-18T11:08:24.0000000Z","0b5f37b620578b6559859e351f0dbda267b9a0abc3d14b28aca43cf178a4c4bc"
"Assets/_Game/Scripts/UI/SimpleMenuUI.cs","677","2026-08-03T04:05:26.5899255Z","fa68c5a4226fcf80fd4895df4a73a93ae4948e89515210a009c06ad0a71becaf"
"Assets/_Game/Scripts/UI/SimpleMenuUI.cs.meta","243","2026-04-18T11:08:24.0000000Z","a2ddb3d3320097fcea0f75a5e29f10a4ba3d1625938412610f4a48688015c4a1"
"Assets/_Game/Scripts/UI/UIChineseFontBinder.cs","5784","2026-08-03T04:05:26.5899255Z","cc46fd8ed81c82eccb11ba7aeebe27b389c528684e147055f43f32e690c1634f"
"Assets/_Game/Scripts/UI/UIChineseFontBinder.cs.meta","243","2026-05-02T06:19:36.0000000Z","2b04a260dcf92f3cb25f136d96d50f5b44be9c75c1a4596d997bf608f8a5495a"
"Assets/_Game/Scripts/UI/UnitCardBarController.cs","16558","2026-08-03T04:05:26.5899255Z","762778d85649779a302253214830de8b3d2a1d06e597ce74431519ba38c6c99e"
"Assets/_Game/Scripts/UI/UnitCardBarController.cs.meta","243","2026-05-02T03:42:28.0000000Z","0a6569fb50a71526cdd214d687b78c6925d4b43cc80ac0bf48e11696082b3681"
"Assets/_Game/Scripts/UI/UnitInfoPanelController.cs","13628","2026-08-03T04:05:26.5928011Z","8ec1884370f625a8f8ac7d648a59aa4ebd3d23a1210fe8b5c866f92eb1bea17f"
"Assets/_Game/Scripts/UI/UnitInfoPanelController.cs.meta","243","2026-05-02T03:42:28.0000000Z","b6f1a592a8f110e78050bb60657b0d8efe32056e8706574668ab118a86357006"
"Assets/_Game/Scripts/Utils.meta","180","2026-04-14T13:46:48.0000000Z","a4b1ccb7f1b9d09faa6f8fb0d2db1c6dd1eecddbd9cda4814386919247147e23"
"Assets/_Game/Scripts/Utils/BattleSimUtil.cs","1258","2026-08-03T04:05:26.5928011Z","3dfd2126669a5d84b3ebd612e3ff5195add8f7c73dc49b67ac09181789e437ac"
"Assets/_Game/Scripts/Utils/BattleSimUtil.cs.meta","243","2026-04-18T15:37:54.0000000Z","26aa1e5b497f4a60f02137c409c52be7ce4b403a48223ace70d8a7f2c33aa293"
"Assets/_Game/Scripts/Utils/ConfigUtil.cs","6691","2026-08-03T04:05:26.5948125Z","acca2b4ae12c345325db0fb9d1c6f3ce5aec595cafa257a9d14ab39d23594f43"
"Assets/_Game/Scripts/Utils/ConfigUtil.cs.meta","243","2026-04-18T15:37:54.0000000Z","b1a15d7f1d9cec690590d8e9f17e1a29f60608975090a24a4aa63f8838d2d0aa"
"Assets/_Game/Scripts/Utils/ConfigValidator.cs","7216","2026-08-03T04:05:26.5948125Z","f963562ca33237994b5cade1c64c4e181745345d9e9f51ffa53d0ac75cddc3a8"
"Assets/_Game/Scripts/Utils/ConfigValidator.cs.meta","254","2026-04-14T13:46:48.0000000Z","4a9eee58ab46202bdba033480ed6e190bb852f7198c494a82d7087a6cb2a36b8"
"Assets/_Game/Scripts/Utils/JsonConfigUtil.cs","4430","2026-08-03T04:05:26.5963182Z","5e61432d475d90d1a0ffa251b28dafb886ea3563d3b4075d71298c25a6a2833e"
"Assets/_Game/Scripts/Utils/JsonConfigUtil.cs.meta","254","2026-04-14T13:46:48.0000000Z","f206184dd606c3a989fc430a55d9905b2c98b89aea920c98628b195f8a843468"
"Assets/_Game/Scripts/Utils/ObjectPoolManager.cs","4795","2026-08-03T04:05:26.5978321Z","f02e279b506be6943c433a8272d696d37c2b36dbf6d38ef5a46ab167d2fe6d8d"
"Assets/_Game/Scripts/Utils/ObjectPoolManager.cs.meta","254","2026-04-14T13:47:10.0000000Z","f6e82ecc9d0b32292ae7ca11d8fd07d0d576793074b869073df269ee7696d487"
"Assets/_Game/Tests.meta","180","2026-04-14T13:46:48.0000000Z","7f5ddc74346b8089a5e469f91b586b97a992d84a9bb1ff219c49689be3d3997c"
"Assets/_Game/Tests/Cases.meta","180","2026-04-14T13:46:48.0000000Z","9f85a4304feaa5cce03738d974dba094c06ae609cf49538f7787ac34aed7b608"
"Assets/_Game/Tests/Cases/CW_Core_01_ResourceProductionTests.cs","1607","2026-08-03T04:05:26.6014814Z","28674cea98c2c6763fa9e071151575b3f0fdde7e4f0aa998a3777aa873e7bd6d"
"Assets/_Game/Tests/Cases/CW_Core_01_ResourceProductionTests.cs.meta","254","2026-04-14T13:47:10.0000000Z","3f6b00e93adb22844da302082db7762c918ee754349dd5eb33739be122abb7b2"
"Assets/_Game/Tests/Cases/CW_Core_02_AuthorizationUnlockTests.cs","4605","2026-08-03T04:05:26.6014814Z","8ca52cc9e4846bcf352f6ae295ee517a074fe870684b577db81159b9194e70df"
"Assets/_Game/Tests/Cases/CW_Core_02_AuthorizationUnlockTests.cs.meta","254","2026-04-14T13:47:10.0000000Z","a9284d688cddd3711dce5cc4eba24dddf7f7a2dae83b87d2f1a82b814f7eaa08"
"Assets/_Game/Tests/Cases/CW_Core_03_SpawnPointRetreatTests.cs","2281","2026-08-03T04:05:26.6014814Z","857d714c6f095aaa4850d31607d4ec10294fb72ae6be3650f205bd29164dcfa9"
"Assets/_Game/Tests/Cases/CW_Core_03_SpawnPointRetreatTests.cs.meta","254","2026-04-14T13:47:10.0000000Z","11c1b8c4471b890f78abfe2106df9d52dad98d56ff2806dddff4d4407d7360a8"
"Assets/_Game/Tests/Cases/CW_Core_04_CombatRotationAndDeathTests.cs","5190","2026-08-03T04:05:26.6034903Z","ade54f90e504aa677c72d7d1f2d62a6bad22401c16cc6418ab0af3f5a7ff80ce"
"Assets/_Game/Tests/Cases/CW_Core_04_CombatRotationAndDeathTests.cs.meta","254","2026-04-14T13:47:10.0000000Z","7d9455971a23fde24050ef94796474c6486db2fe6220b4ac8f14c7de1915cedb"
"Assets/_Game/Tests/Cases/CW_Core_05_PollutionAndLossConditionTests.cs","2196","2026-08-03T04:05:26.6034903Z","9cacac59d0a94315b95e807d705007ed6a3b544700233891d99c085e42fa8652"
"Assets/_Game/Tests/Cases/CW_Core_05_PollutionAndLossConditionTests.cs.meta","254","2026-04-14T13:47:10.0000000Z","7fc5f5c1b56591a34b0e04aa525cc74eddbc6ed2fcf28f984af690e415b8396b"
"Assets/_Game/Tests/Cases/CW_Core_06_StageScheduleTimingTests.cs","3211","2026-08-03T04:05:26.6055002Z","c1a917a1fd0af011a6d974b5bb32e5b828a7dd1867ef809a2a9c754fe1994bc3"
"Assets/_Game/Tests/Cases/CW_Core_06_StageScheduleTimingTests.cs.meta","254","2026-04-14T13:47:10.0000000Z","7f7e60ac58eb86c0806e695d5d41f71be4d50d3c28554053df7496aceb269b13"
"Assets/_Game/Tests/Cases/CW_Core_07_SpawnPointColumnLossTests.cs","4984","2026-08-03T04:05:26.6065071Z","bde25787e000b2690b0b4c4936fbdb8c13d7eca2542cc670892e9e97b3c06f2f"
"Assets/_Game/Tests/Cases/CW_Core_07_SpawnPointColumnLossTests.cs.meta","254","2026-04-14T13:47:10.0000000Z","e5fad34fd498f8e06e2769968c0d32147396f6cc71996b04dcbdbfe453265ccc"
"Assets/_Game/Tests/Cases/CW_Core_08_VictoryByPointsTests.cs","3191","2026-08-03T04:05:26.6065071Z","126e6b52ab3347ecd3983bacdadf035c0557ddad75abb26ce4cbef2eaf1c88df"
"Assets/_Game/Tests/Cases/CW_Core_08_VictoryByPointsTests.cs.meta","254","2026-04-14T13:47:10.0000000Z","b7f4114d54104203ef5495e50cacbcf0c92da9f9b36be5f723b691a73f2f70a9"
"Assets/_Game/Tests/Cases/CW_TEST_U01_VS_E02_Detailed.cs","4830","2026-08-03T04:05:26.6065071Z","ed12d3161f6b56516071d2426d9214cb06f13fbd5dfb3b4ffc7cfc7c9dbbd372"
"Assets/_Game/Tests/Cases/CW_TEST_U01_VS_E02_Detailed.cs.meta","243","2026-04-24T12:50:48.0000000Z","fb3f441c64ec78d1f10ccda39e82ae35cd0ee347b59f2036c4db2ef082e59ee8"
"Assets/_Game/Tests/Cases/CW_UNIT_0101_GridMap.cs","2021","2026-08-03T04:05:26.6085325Z","6955636148fb1783f0179a4e29b9fc4f76618e1a4b9fd7e6272fc48d8b9117cc"
"Assets/_Game/Tests/Cases/CW_UNIT_0101_GridMap.cs.meta","254","2026-04-14T13:47:10.0000000Z","00d01189fa12b074d914d08c8c309f28dd6829f7d0bf477a2a6673842752a6f1"
"Assets/_Game/Tests/Cases/CW_UNIT_0102_ConfigProvider.cs","2250","2026-08-03T04:05:26.6085325Z","23ded5b22f3c3dc0785caeb18bd88cd6bc76abb823c8233a81af74ef0588efa8"
"Assets/_Game/Tests/Cases/CW_UNIT_0102_ConfigProvider.cs.meta","254","2026-04-14T13:47:10.0000000Z","cd03ba78581d1c5d03e410ca8d5548146d2e7cec16dbf3a4bfb38a75238f8415"
"Assets/_Game/Tests/Cases/CW_UNIT_0103_BattleEngine.cs","5198","2026-08-03T04:05:26.6085325Z","d45fbd264586f68f18f11fc5daedaa8be942184a122a423908f234ac24ed1d7d"
"Assets/_Game/Tests/Cases/CW_UNIT_0103_BattleEngine.cs.meta","254","2026-04-14T13:47:10.0000000Z","e40c980ae2c026a5cad78c7b9c90d98f07139fd91661e90f5cad21d7a0da860b"
"Assets/_Game/Tests/Cases/CW_UNIT_0104_SpawnEngine.cs","2380","2026-08-03T04:05:26.6105395Z","62b4d21d91871b3d0bf326af69e2e8a25d6d072faef88e0835192504ba210944"
"Assets/_Game/Tests/Cases/CW_UNIT_0104_SpawnEngine.cs.meta","254","2026-04-14T13:47:10.0000000Z","76f7f652980ada9a06db6dd756a53c6743d78316997eac3f3dad46cad3572075"
"Assets/_Game/Tests/Cases/CW_UNIT_0105_AuthorizationEngine.cs","2787","2026-08-03T04:05:26.6105395Z","87bac77bbce87339fc2516405f77d144b70f8d6b96741d255095812705ca7400"
"Assets/_Game/Tests/Cases/CW_UNIT_0105_AuthorizationEngine.cs.meta","254","2026-04-14T13:47:10.0000000Z","dd8edad28e03e33ca464c1d312e5a868508bbf592387a4262100fa8e3df00757"
"Assets/_Game/Tests/Cases/CW_UNIT_0106_ResourceEngine.cs","1811","2026-08-03T04:05:26.6105395Z","5129c864b7908010d37bf662cbc9c12185c8389cf84321d57c5a970f85ad8321"
"Assets/_Game/Tests/Cases/CW_UNIT_0106_ResourceEngine.cs.meta","254","2026-04-14T13:47:10.0000000Z","990e709b7555882b2651dd315050ec3880968dfcba3bcf5840b46ece90f8c495"
"Assets/_Game/Tests/Cases/CW_UNIT_0107_DeploymentRules.cs","4926","2026-08-03T04:05:26.6125481Z","01a06b4a0c84c7b8fa758072cd2fa669e30c2b9e8ebeb4eaea6c84363ecd1c1a"
"Assets/_Game/Tests/Cases/CW_UNIT_0107_DeploymentRules.cs.meta","254","2026-04-14T13:47:10.0000000Z","1aebca6818699c509663badad003a8f0f70359692b1d85d1ca834cea0d880c3b"
"Assets/_Game/Tests/Cases/CW_UNIT_0108_BattleSpeed.cs","379","2026-08-03T04:05:26.6135537Z","24fae1356b3ba65f4669dac26144f8a36ac4eb81a32e9045a85728741f581a7f"
"Assets/_Game/Tests/Cases/CW_UNIT_0108_BattleSpeed.cs.meta","243","2026-04-17T10:53:24.0000000Z","0fc3d797d7daea7a605bcfb90859757f4b43809d6697ee804928a55a2949680a"
"Assets/_Game/Tests/Cases/CW_UNIT_0109_ControlBlockEncounter.cs","11508","2026-08-06T08:15:27.9736994Z","785d3f2caa82db5e1f160eec0ad25d70b74b0b019847a2ba69eeedc7c8249145"
"Assets/_Game/Tests/Cases/CW_UNIT_0109_ControlBlockEncounter.cs.meta","254","2026-08-03T04:05:26.6135537Z","c509d2d03986738ed6b0fb7ea96de0cf2bf0a7b0fa336eb7ef2cf569619fc85b"
"Assets/_Game/Tests/Cases/CW_UNIT_0201_Commands.cs","6705","2026-08-03T04:05:26.6164731Z","b232c6e87ffc0bbbe9ad2fd4f2866bb59c6a01b1f77e0fc99f0289736bb2a256"
"Assets/_Game/Tests/Cases/CW_UNIT_0201_Commands.cs.meta","254","2026-04-14T13:47:10.0000000Z","1a30b86ba017f3f3c2c0e71e9850080630f15ee101ee583d09619694649f9554"
"Assets/_Game/Tests/Cases/CW_UNIT_0202_QueryService.cs","2507","2026-08-03T04:05:26.6164731Z","bd634ef1767e1dcdcfbf58ef02c4a21cc451a84dfe117a704ba6cfdf833dc078"
"Assets/_Game/Tests/Cases/CW_UNIT_0202_QueryService.cs.meta","254","2026-04-14T13:47:10.0000000Z","adcbdc12f7bf7f7c46a5f975d52cc188a7e169af4c053355fb0da72d67d5614f"
"Assets/_Game/Tests/Cases/CW_UNIT_0203_SystemTickController.cs","2420","2026-08-03T04:05:26.6164731Z","827cc083163959e0cbcb9376cfbade448c793d8c6bef8730bbb9b2de9a975b26"
"Assets/_Game/Tests/Cases/CW_UNIT_0203_SystemTickController.cs.meta","254","2026-04-14T13:47:10.0000000Z","e76d87038ba045c8c87d132717426e537564a197aeaf36884e7ce8bfd1f8f8b8"
"Assets/_Game/Tests/Cases/CW0401_CoreUseCases.cs","4795","2026-08-03T04:05:26.5988386Z","01d2781756938889368cc0757766344e11a864845f7fa8161eb67fe0ce20c1b8"
"Assets/_Game/Tests/Cases/CW0401_CoreUseCases.cs.meta","254","2026-04-14T13:47:10.0000000Z","db60b47c968c67b4fec6a107addff0592839bee710aa6b89ddf100a2637349b6"
"Assets/_Game/Tests/Cases/CW0402_PerformanceAndStability.cs","7476","2026-08-03T04:05:26.5994669Z","1e12d97c253ccac710bbc07e1efd71c2da128026ab3bd79db4d90ffa83ef0965"
"Assets/_Game/Tests/Cases/CW0402_PerformanceAndStability.cs.meta","254","2026-04-14T13:47:10.0000000Z","0a47e803a9fd67ce9a54b23db2a08494de22b33eafb48281e6acc7f44208149e"
"Assets/_Game/Tests/Cases/CW0403_BoundaryAndErrorHandling.cs","13494","2026-08-03T04:05:26.5994669Z","3248cc1ee28f59e41afe349021ca2a609aa1d3ceeff42f2f9c005cbee9dac050"
"Assets/_Game/Tests/Cases/CW0403_BoundaryAndErrorHandling.cs.meta","254","2026-04-14T13:47:10.0000000Z","fa469d63bd7d9c4ea292ef31ac19608031decc692a7ed8a4b05173f9e42ba339"
"Assets/_Game/Tests/Cases/DemoCase.cs","1010","2026-08-03T04:05:26.6206977Z","730fd229a3fa640485ca6e94b732fedea8a53f03dc02ea72ff567c899ee77da5"
"Assets/_Game/Tests/Cases/DemoCase.cs.meta","254","2026-04-14T13:46:48.0000000Z","de96e53f2327995dae8517f12af7c15af0ebda44e69067f44281defc911762f1"
"Assets/_Game/Tests/Framework.meta","180","2026-04-14T13:46:48.0000000Z","179018c4ad8e5b1080c616af0a67c22215b1b5de52b3c0049d2a22360d36bbc2"
"Assets/_Game/Tests/Framework/Assert.cs","3901","2026-08-03T04:05:26.6217156Z","0d3a665cb75c77008f98dc0653db8967ff61274b9ddac15abe1a600c1e4aa92e"
"Assets/_Game/Tests/Framework/Assert.cs.meta","254","2026-04-14T13:46:48.0000000Z","c7440e8668e045c80c4f78476ea4db724bba6ae5cb94d9c2ce8c0842f442db28"
"Assets/_Game/Tests/Framework/CoreTestRunner.cs","7230","2026-08-03T04:05:26.6229481Z","fccc19e961841ff2a4ff6de0f76cf73c5e550f8ad25c27799ebf91abe44b9b50"
"Assets/_Game/Tests/Framework/CoreTestRunner.cs.meta","254","2026-04-14T13:46:48.0000000Z","878ebf7b1436eebc62aafef6706e58922e08ea973fb12afec42a290dc995d270"
"Assets/_Game/Tests/Framework/ITestCase.cs","722","2026-08-03T04:05:26.6229481Z","f8ca4b8f109043c7ce8129958a8929e0c54a409db70e39935d2e9dea48b284bb"
"Assets/_Game/Tests/Framework/ITestCase.cs.meta","254","2026-04-14T13:46:48.0000000Z","a552622ec46dc68e18f63fea4bb352cf068a713a1ffa790722f21f20a73495cf"
"Assets/_YFanFramework.meta","180","2026-04-14T13:46:48.0000000Z","bbf664e60ae22cc8bc2830acbbe0740d5b5832f63d7a3f21192529cdc2360809"
"Assets/_YFanFramework/Docs.meta","180","2026-04-14T13:46:48.0000000Z","3a4c032e94c7beb926dd52fe1ae595a97ef41ffc69d28ae36f2c5972b33451a5"
"Assets/_YFanFramework/Docs/架构优化计划表.md","2359","2026-04-14T13:46:48.0000000Z","853ab17aa46b59f98ad13cd97875510030e5703ad5edf019621fd7bec4794dbe"
"Assets/_YFanFramework/Docs/架构优化计划表.md.meta","165","2026-04-14T13:46:48.0000000Z","35f308557121c7d80cd446dab58230d2c33bdf080196e1a7a694f9fe000b089e"
"Assets/_YFanFramework/Docs/Architecture_MSUPCQ_Usage.md","6367","2026-04-14T13:46:48.0000000Z","f59d8d5c9aeb5cfc0b08527941002d2f16f31e2b847c01892e1a9a6bc6556b79"
"Assets/_YFanFramework/Docs/Architecture_MSUPCQ_Usage.md.meta","165","2026-04-14T13:46:48.0000000Z","69c6fe1b1ae653e3df56de86f276ce52423b94503f26ec681da2f4cabccf2568"
"Assets/_YFanFramework/Docs/AudioSystem_Usage.md","5400","2026-04-14T13:46:48.0000000Z","9ea490bd1e92b82628401cea5ad046c49365bc602d74e99ad0833cda83e82d93"
"Assets/_YFanFramework/Docs/AudioSystem_Usage.md.meta","165","2026-04-14T13:46:48.0000000Z","76169be5011b559aeb11a5cf3f9a962abdbc455ea620308c248c08b4c04e1a24"
"Assets/_YFanFramework/Docs/AutoRegister_Usage.md","4123","2026-04-14T13:46:48.0000000Z","86018a8da2dd3e50f1515ef0a8ef9147656092e038f889723801a7bf2c535a41"
"Assets/_YFanFramework/Docs/AutoRegister_Usage.md.meta","165","2026-04-14T13:46:48.0000000Z","bd5eb2797fa9fa3933aa4d8551338d7f14bd54335c6dc335a8de5f1cf7d6832b"
"Assets/_YFanFramework/Docs/ConfigUtil_Usage.md","8579","2026-04-14T13:46:48.0000000Z","e3e6a5747050f7071770fba03bb22214f83d2900f1ee9c2121fe99c11b642832"
"Assets/_YFanFramework/Docs/ConfigUtil_Usage.md.meta","165","2026-04-14T13:46:48.0000000Z","3056892cceecc540bb7f673c07012198f557cd6eaa02ae7694dd60c92b89209c"
"Assets/_YFanFramework/Docs/EncryptionUtil_Usage.md","2516","2026-04-14T13:46:48.0000000Z","512a8354fc3b446c7a942704fd5ee861f38a7d56adb38926ace50b7719f0a24d"
"Assets/_YFanFramework/Docs/EncryptionUtil_Usage.md.meta","165","2026-04-14T13:46:48.0000000Z","5d219a13182209fae45702b35b52f6684892c440fe50021381ba381dff8cc858"
"Assets/_YFanFramework/Docs/FileIOUtil_Usage.md","3611","2026-04-14T13:46:48.0000000Z","cd5cf942267991739630eefd1875585d3f83c429fe4ffc896d6fbd2d88451c31"
"Assets/_YFanFramework/Docs/FileIOUtil_Usage.md.meta","165","2026-04-14T13:46:48.0000000Z","64b1e4c0ef0bd2330353b3644b30bbc1f93a1ddcaefa6d2f3c218c1152513b2e"
"Assets/_YFanFramework/Docs/FloatingTextSystem_Usage.md","5998","2026-04-14T13:46:48.0000000Z","1ed125bbf8925a9c6da0414405c06bd57f7412095198669d9b5ab8d405653f43"
"Assets/_YFanFramework/Docs/FloatingTextSystem_Usage.md.meta","165","2026-04-14T13:46:48.0000000Z","27297c0c881b6b839f976c1ecce3f8ca7acc386d9310f9868cf9eb7386bf2a42"
"Assets/_YFanFramework/Docs/FSMUtil_Usage.md","3740","2026-04-14T13:46:48.0000000Z","76caf966d9b7cd7ed250a090bd2932d2609b5a9b757eeaec1b781e379f047e42"
"Assets/_YFanFramework/Docs/FSMUtil_Usage.md.meta","165","2026-04-14T13:46:48.0000000Z","4cb05e6748ff38d2a700a120d144f3d0fc09ddf9363540d87713d759c2944702"
"Assets/_YFanFramework/Docs/GameDesign_UIHero.md","17356","2026-04-14T13:46:48.0000000Z","1200647fde2408fcbf2ad68def139f60b9b529f7cdcfda194ad3f50040155219"
"Assets/_YFanFramework/Docs/GameDesign_UIHero.md.meta","165","2026-04-14T13:46:48.0000000Z","ca7dc42f919206a66bc0c41123a59e6251c3d31010e55d21db403251003e851d"
"Assets/_YFanFramework/Docs/InputSystem_Usage.md","5831","2026-04-14T13:46:48.0000000Z","544c5e658eec7f6b573251572b8aad800e4c3d1e7dca21f13e0b955912694dda"
"Assets/_YFanFramework/Docs/InputSystem_Usage.md.meta","165","2026-04-14T13:46:48.0000000Z","ac6296ea705c28a59c5af08c550681eaf5f0e04b2d6e0cbf8249839da66cf17a"
"Assets/_YFanFramework/Docs/LogUtil_Usage.md","3924","2026-04-14T13:46:48.0000000Z","6c4f291b94fde29b7f5d5d6a27fc778dd44d2f54b341b4ce847a1fecf4b052de"
"Assets/_YFanFramework/Docs/LogUtil_Usage.md.meta","165","2026-04-14T13:46:48.0000000Z","c89d86bd98c02c5908ead0b9937779559ab287dfbb035d67eb678f25d25bea8f"
"Assets/_YFanFramework/Docs/MonoUtil_Usage.md","4091","2026-04-14T13:46:48.0000000Z","66aa10d2e985753c4404a44f8d536787935c5e54df9ab89b016e4327d1639993"
"Assets/_YFanFramework/Docs/MonoUtil_Usage.md.meta","165","2026-04-14T13:46:48.0000000Z","c97b4c5b4b270bc04bd3d5f4b87bf0a18773646f6de8bef352713754a5b8121c"
"Assets/_YFanFramework/Docs/PoolUtil_Usage.md","5192","2026-04-14T13:46:48.0000000Z","932b4ac268afd50e2ff39fc466a81e919bbba5b4217eee4cf3c305b8e681a033"
"Assets/_YFanFramework/Docs/PoolUtil_Usage.md.meta","165","2026-04-14T13:46:48.0000000Z","8d9c207da8ecc635330667400ba608022d7bfe00142e18735eae910abb54c3a4"
"Assets/_YFanFramework/Docs/Procedure_GameFlow_Usage.md","5379","2026-04-14T13:46:48.0000000Z","1430a2c64e64baff0e8e45ff96aa5f3ffa61b397d86059f4c121d1f0c6c76573"
"Assets/_YFanFramework/Docs/Procedure_GameFlow_Usage.md.meta","165","2026-04-14T13:46:48.0000000Z","8b457823d23e7c09b2030cb7eb438404209061f469ed3e8e28d0891a38527cab"
"Assets/_YFanFramework/Docs/ResUtil_Usage.md","4601","2026-04-14T13:46:48.0000000Z","020358b0374e8eeb5fbca216d65601cf841d6e0d233aa9bce8c1dae96a1b1633"
"Assets/_YFanFramework/Docs/ResUtil_Usage.md.meta","165","2026-04-14T13:46:48.0000000Z","0e8eaabf3946002873361058995b7e6628dd22331b158c8162bb9a6671301802"
"Assets/_YFanFramework/Docs/SaveUtil_Usage.md","6246","2026-04-14T13:46:48.0000000Z","db7811e6e04db37f1af7396b18d077a3b07ab02e024b8629746fff0f8cbfd300"
"Assets/_YFanFramework/Docs/SaveUtil_Usage.md.meta","165","2026-04-14T13:46:48.0000000Z","e73292d2cf08dc28c2bef7ccf511e8453ec2b8285d09581fde3f80f00b76125d"
"Assets/_YFanFramework/Docs/TaskUtil_Usage.md","5933","2026-04-14T13:46:48.0000000Z","9ba211f2f8213b5e1b691a3502fa28dd8fd4365b244bba33ab8d8b87b7be5074"
"Assets/_YFanFramework/Docs/TaskUtil_Usage.md.meta","165","2026-04-14T13:46:48.0000000Z","0fc702212ea3521203eae59960390c0026dd1abc87a47fd99553bf228aa13e88"
"Assets/_YFanFramework/Docs/TimerUtil_Usage.md","3439","2026-04-14T13:46:48.0000000Z","8d8f93e02c366f2e93b87c5956d85e164fcc0ae9db4e18809201e9e16b0d468d"
"Assets/_YFanFramework/Docs/TimerUtil_Usage.md.meta","165","2026-04-14T13:46:48.0000000Z","689f864b3b8511a5a7e9be9a5d850799d7ad300095d2b90905ca9d970e7ef372"
"Assets/_YFanFramework/Docs/TweenUtil_Usage.md","10629","2026-04-14T13:46:48.0000000Z","341019d0521da0878e02cd3ba47ada350454313a2d5ea9117c2fa82dbeae3701"
"Assets/_YFanFramework/Docs/TweenUtil_Usage.md.meta","165","2026-04-14T13:46:48.0000000Z","f58d08b47a2a6a8b59d5625cfe76e71a2794e9b5e8bb7d433a7e65e6c8bf727b"
"Assets/_YFanFramework/Docs/UIAttributes_Usage.md","4824","2026-04-14T13:46:48.0000000Z","0771a930f303914828ee6ae8f6ce544feabd4f4b16eaa24fd9703dd63f760143"
"Assets/_YFanFramework/Docs/UIAttributes_Usage.md.meta","165","2026-04-14T13:46:48.0000000Z","2288ee5bbb21c335d901e7133fc164c0c5f81d09a29645140c13280edd1b1304"
"Assets/_YFanFramework/Docs/UIFramework_Usage.md","7028","2026-04-14T13:46:48.0000000Z","1d86249147b70cabdd5079717c2649f382747a2e9b01d18caad43f204fc0a602"
"Assets/_YFanFramework/Docs/UIFramework_Usage.md.meta","165","2026-04-14T13:46:48.0000000Z","a80c650c7eb902c9027a6bf8e632d062e4528728ae22726590fefdaea7949edb"
"Assets/_YFanFramework/Docs/YLog_Usage.md","2890","2026-04-14T13:46:48.0000000Z","2683d62b12e1a31f692643c9c07f4b33ff9f3cb7354649d599cb58da3c8401bb"
"Assets/_YFanFramework/Docs/YLog_Usage.md.meta","165","2026-04-14T13:46:48.0000000Z","8e1b306eaa160c7d1c54a70e5e6fe7d9ddf5d387cdf9d4cbf53b9420211ccd7c"
"Assets/_YFanFramework/Prefabs.meta","180","2026-04-14T13:46:48.0000000Z","dba56c38f14623c25b7381264590b1bcb82990cd4eaf7ffcbd2b00e39f3648f4"
"Assets/_YFanFramework/Prefabs/AudioSourceItem.prefab","3137","2026-04-14T13:46:48.0000000Z","95f69fe2423af7ca30cbaadec01aec7d37611bfa95d8f3a3399c8504e26b486e"
"Assets/_YFanFramework/Prefabs/AudioSourceItem.prefab.meta","161","2026-04-14T13:46:48.0000000Z","a79751febbffeb40a3f6f88bb58211d8f62eb43e94aa83d8eafc931e1a0c6f32"
"Assets/_YFanFramework/Prefabs/FloatingTextItem.prefab","4891","2026-04-14T13:46:48.0000000Z","1c01856236c9c8b46508dceab321fcaa429487537c504ed010b3fff540ded5ee"
"Assets/_YFanFramework/Prefabs/FloatingTextItem.prefab.meta","161","2026-04-14T13:46:48.0000000Z","e83d7ced8f0c35b128a05befc9100be495500d9399ffdc2f4561841f7f72c6d8"
"Assets/_YFanFramework/Scripts.meta","180","2026-04-14T13:46:48.0000000Z","c77f8ace388e9d6f359fe6ff5f8d593a6cb7c0c95cda373b92d8b65c41971520"
"Assets/_YFanFramework/Scripts/Core.meta","180","2026-04-14T13:46:48.0000000Z","2a48b3b1367b0195870ad18f4a5de71e6e67d38154fc42be4822145572d43721"
"Assets/_YFanFramework/Scripts/Core/Abstract.meta","180","2026-04-14T13:46:48.0000000Z","db5e122c820ec04b36afd442550e348ec76ee65f928b39afd2242f3b34e26582"
"Assets/_YFanFramework/Scripts/Core/Abstract/AbstractController.cs","790","2026-04-14T13:46:48.0000000Z","c780ba937b1cbdbeb1696cd9c324e27f078d8fe1211bc1c286ee8ad8acb5b3ca"
"Assets/_YFanFramework/Scripts/Core/Abstract/AbstractController.cs.meta","254","2026-04-14T13:46:48.0000000Z","6db9d8e11cbd82f0eded4d1a684776b79c8a62918bf6466519603db165ad39a1"
"Assets/_YFanFramework/Scripts/Core/Attributes.meta","180","2026-04-14T13:46:48.0000000Z","af675e96c2cda8e8bcc87bc568c5b047086eaf2a6c01b4a1a56eace648e7ba1e"
"Assets/_YFanFramework/Scripts/Core/Attributes/AutoRegisterAttribute.cs","2403","2026-04-14T13:46:48.0000000Z","9cc066a5921abf63ef3e7dc12723ec0be43175fbe9cd0cd01eb31221af99964a"
"Assets/_YFanFramework/Scripts/Core/Attributes/AutoRegisterAttribute.cs.meta","254","2026-04-14T13:46:48.0000000Z","510d26636a7f6e52a01b3e9793761e4279cdbcb8c39575f475390b691e5c62a4"
"Assets/_YFanFramework/Scripts/Core/Attributes/UIAttributes.cs","4218","2026-04-14T13:46:48.0000000Z","b2c9c61b2abc7f5a30e4670e9e54ab951e9b1cd954b2c8eeaee8d91993e3e3a9"
"Assets/_YFanFramework/Scripts/Core/Attributes/UIAttributes.cs.meta","254","2026-04-14T13:46:48.0000000Z","bb0c1bd2d3298b52a54a22e904775ff70b130dba8bfb0ac654d486f22b91a93e"
"Assets/_YFanFramework/Scripts/Core/AutoModuleRegisterer.cs","17641","2026-08-03T04:05:26.6249569Z","b4959489a1901b4a258414c863d4ad54742d4b7a28ae16e1f5f703a474b2553e"
"Assets/_YFanFramework/Scripts/Core/AutoModuleRegisterer.cs.meta","254","2026-04-14T13:46:48.0000000Z","49330fc7a3a31ac2994e66ced313bbe98b293e70487378936bed26b18f9ada89"
"Assets/_YFanFramework/Scripts/Core/AutoUIBinder.cs","15396","2026-08-03T04:05:26.6249569Z","4bbbea40aa0355591f91cadd6bde9314b97023a43558abb4d678a93c755116ba"
"Assets/_YFanFramework/Scripts/Core/AutoUIBinder.cs.meta","254","2026-04-14T13:46:48.0000000Z","079fb1515ff2e8c99ea2fd6af1e712ae236cd098733de1daf48b694db47669f0"
"Assets/_YFanFramework/Scripts/Core/YFanApp.cs","1998","2026-04-14T13:46:48.0000000Z","89fbdce76f5d9e813edb86fa280b3285e5c610d212d3b533fcd9cbbc8badf4fe"
"Assets/_YFanFramework/Scripts/Core/YFanApp.cs.meta","254","2026-04-14T13:46:48.0000000Z","aa9b5f2694894133d0c2774ba1fd1554ced2b6a824857fdb441ada7ab8bea905"
"Assets/_YFanFramework/Scripts/Editor.meta","180","2026-04-14T13:46:48.0000000Z","715303805e45149938168e9fa5c30d1e36e97913d3a55ccb383dce19c552107d"
"Assets/_YFanFramework/Scripts/Procedure.meta","180","2026-04-14T13:46:48.0000000Z","5d8570f1342f2c31ab1e15536caa2e503f69a2d73813228e2cf34af0a9353e49"
"Assets/_YFanFramework/Scripts/Procedure/GameFlowManager.cs","5562","2026-08-03T04:05:26.6264673Z","f470380144d67d188db5915f25e5747a8a397d78b49e33e0ad01c0b66b9271c7"
"Assets/_YFanFramework/Scripts/Procedure/GameFlowManager.cs.meta","254","2026-04-14T13:46:48.0000000Z","07b07b13c2c0efd619eba7aea24e5023baeff88841a3fec6022d5a0b64c0a731"
"Assets/_YFanFramework/Scripts/Systems.meta","180","2026-04-14T13:46:48.0000000Z","1a856127ffa9e53a31400e4194f559e1a986cbbb63caca21d11f0605ad4aac6f"
"Assets/_YFanFramework/Scripts/Systems/ActorViewSystem.meta","180","2026-04-14T13:47:10.0000000Z","b1354a863997bb1bbffdecb50aefa19ba89f2f8de6f5d51debe72d31e0448f08"
"Assets/_YFanFramework/Scripts/Systems/ActorViewSystem/ActorViewSystem.cs","39479","2026-08-03T04:05:26.6285781Z","909c9e8d35410f37f22e2a7fddb765b5c4f1494a4dca3db0c0b655602f263efa"
"Assets/_YFanFramework/Scripts/Systems/ActorViewSystem/ActorViewSystem.cs.meta","243","2026-04-18T03:32:52.0000000Z","270be6141097dd3ea3dc8b74c985d7897763d2abdbdf0d9ecb736e18692aba34"
"Assets/_YFanFramework/Scripts/Systems/ActorViewSystem/IActorViewSystem.cs","3595","2026-08-03T04:05:26.6285781Z","5612b590608b2e5b80b8d1f6b17696598276b36f8661fc8267ed6aeb5a45e449"
"Assets/_YFanFramework/Scripts/Systems/ActorViewSystem/IActorViewSystem.cs.meta","254","2026-04-14T13:47:10.0000000Z","0f18b52afcea05551a37afc1418f4c9dfbb05efe1b4bf229757b2ba504b922dd"
"Assets/_YFanFramework/Scripts/Systems/AudioSystem.meta","180","2026-04-14T13:46:48.0000000Z","9c8565305a7766d66f53bdad8b0527f5043ffa50029d2934293c426da6801a65"
"Assets/_YFanFramework/Scripts/Systems/AudioSystem/AudioDefines.cs","2090","2026-04-14T13:46:48.0000000Z","73328af124f991f9ac9d479574105f923a976479270d634271ad92e7954f4eed"
"Assets/_YFanFramework/Scripts/Systems/AudioSystem/AudioDefines.cs.meta","254","2026-04-14T13:46:48.0000000Z","339714c4869b2be52c4cd0285f9770b2407932552188ce3137ed6270bd6482d7"
"Assets/_YFanFramework/Scripts/Systems/AudioSystem/AudioSystem.cs","19794","2026-08-03T04:05:26.6300862Z","8506e5c70aab1c6e2d5ad542a9e1c4c2b8c780341b5ef6a47349275c5a7860c4"
"Assets/_YFanFramework/Scripts/Systems/AudioSystem/AudioSystem.cs.meta","254","2026-04-14T13:46:48.0000000Z","d7b7cded77f806d305c9c4128641e2179a56ce77a1555135e1a034f5636ca5db"
"Assets/_YFanFramework/Scripts/Systems/AuthorizationSystem.meta","180","2026-04-14T13:47:10.0000000Z","47cb43e484fda5c94ceb4e76071cae3b1e4a773aa899791cf485eb61afefd7ac"
"Assets/_YFanFramework/Scripts/Systems/AuthorizationSystem/AuthorizationSystem.cs","2874","2026-08-03T04:05:26.6300862Z","cc2295724cb34e880e785c030b7d9bf2246002f938ee1d4defc9801d3e0c7f0a"
"Assets/_YFanFramework/Scripts/Systems/AuthorizationSystem/AuthorizationSystem.cs.meta","254","2026-04-14T13:47:10.0000000Z","66f6d434b9a25b83f6f10a0a9374a67e16c369474d2e1ba2df4271f24eb5789d"
"Assets/_YFanFramework/Scripts/Systems/AuthorizationSystem/IAuthorizationSystem.cs","1614","2026-08-03T04:05:26.6321035Z","659b16b3f0fddfd33ea104f9cde926ad2a04231324a50377ae979af5107d787b"
"Assets/_YFanFramework/Scripts/Systems/AuthorizationSystem/IAuthorizationSystem.cs.meta","254","2026-04-14T13:47:10.0000000Z","8c631f002f4fd8e76fbae04a0b8abeae06546a058ec4e525b5b665853c190a52"
"Assets/_YFanFramework/Scripts/Systems/BattleSystem.meta","180","2026-04-14T13:47:10.0000000Z","d62c2a160741696797591c1ff2c1b0dcbf4b35a814e983cbcd36716995a541c6"
"Assets/_YFanFramework/Scripts/Systems/BattleSystem/BattleSystem.cs","9733","2026-08-03T04:05:26.6321035Z","17d759442f10d59be2a0b2e6a86c27f2d3016ac04d3a187a80602f33dbfcc35f"
"Assets/_YFanFramework/Scripts/Systems/BattleSystem/BattleSystem.cs.meta","254","2026-04-14T13:47:10.0000000Z","b4517220672701a5de387cb87dc5c7eed0b8fec7c438836b48ae6046a8a39db4"
"Assets/_YFanFramework/Scripts/Systems/BattleSystem/IBattleSystem.cs","6279","2026-08-03T04:05:26.6341167Z","7fd1a2f45ab5898857ad791d42606ba5560b2f10c558a50140eb013f34336960"
"Assets/_YFanFramework/Scripts/Systems/BattleSystem/IBattleSystem.cs.meta","254","2026-04-14T13:47:10.0000000Z","558f01c9d6d1565191a2643d9fb6d938f8cda97d7491a46d835f72c6679f0b59"
"Assets/_YFanFramework/Scripts/Systems/FloatingTextSystem.meta","180","2026-04-14T13:46:48.0000000Z","57e3164d8a7f380f2aaae74a39272707a1fb2b335f74d3ce9a596995ef81704d"
"Assets/_YFanFramework/Scripts/Systems/FloatingTextSystem/FloatingTextDefines.cs","5905","2026-04-14T13:46:48.0000000Z","446dd9f4b8a0a82f3106cbd67f063545ce040caba290c1073147644442707630"
"Assets/_YFanFramework/Scripts/Systems/FloatingTextSystem/FloatingTextDefines.cs.meta","254","2026-04-14T13:46:48.0000000Z","654424705afcb1823dc00f1d44b53f78adfc52a4a9b403c8f2c67b243c4ba381"
"Assets/_YFanFramework/Scripts/Systems/FloatingTextSystem/FloatingTextItem.cs","11600","2026-04-14T13:46:48.0000000Z","6d23193dead2ab99d5814c63792e6527728138440f3ae0de59008a9e61aa71d4"
"Assets/_YFanFramework/Scripts/Systems/FloatingTextSystem/FloatingTextItem.cs.meta","254","2026-04-14T13:46:48.0000000Z","798a8cec96cca0fc9cd7ac753f5d4e822747433703c7fe7a954404ad731fbd39"
"Assets/_YFanFramework/Scripts/Systems/FloatingTextSystem/FloatingTextSystem.cs","9589","2026-08-03T04:05:26.6341167Z","173597eaabd99b47db7eac6ea467a944d335ec1b6bf3c3cdf657c7d23f8de3da"
"Assets/_YFanFramework/Scripts/Systems/FloatingTextSystem/FloatingTextSystem.cs.meta","254","2026-04-14T13:46:48.0000000Z","f18acab94924e353ae8b42ff34ec9abdf6a9567d8ed7247d15a4a1e89aaff37b"
"Assets/_YFanFramework/Scripts/Systems/GuideSystem.meta","180","2026-04-14T13:46:48.0000000Z","3dd189c4ee7eb31674f9beff7c075e76d9109ae95a3741ed5495d7c9d9a2976d"
"Assets/_YFanFramework/Scripts/Systems/GuideSystem/GuideDefines.cs","2880","2026-04-14T13:46:48.0000000Z","258d10ceba7cb0f3a01bb9687ccd56adc05d002d13d62fcde5882751bf8420bf"
"Assets/_YFanFramework/Scripts/Systems/GuideSystem/GuideDefines.cs.meta","254","2026-04-14T13:46:48.0000000Z","68fd9662915998d9bc1bdaf73f97783024c2b714c4f02c4c1d6fbef150fe426c"
"Assets/_YFanFramework/Scripts/Systems/GuideSystem/GuideOverlayPanel.cs","5401","2026-04-14T13:46:48.0000000Z","d270bf7e1ba47efa83a41b8f18f8706a2b6d7b25aaed570c2f5a41451e756b5f"
"Assets/_YFanFramework/Scripts/Systems/GuideSystem/GuideOverlayPanel.cs.meta","254","2026-04-14T13:46:48.0000000Z","745bd271cb18b94ebd8ede5870a0a406cde9e1b90a1fde9055a983ac460a592b"
"Assets/_YFanFramework/Scripts/Systems/GuideSystem/GuideSystem.cs","17454","2026-08-03T04:05:26.6366262Z","eca3e2c7298b8a036b4510352a0d12e8c266239bafbfba52615de892bc47b1c0"
"Assets/_YFanFramework/Scripts/Systems/GuideSystem/GuideSystem.cs.meta","254","2026-04-14T13:46:48.0000000Z","aa4c3de1dfbf5c3bf32c1b9fccfead9aff1de02fcee94cd0b7a8598ce05737a5"
"Assets/_YFanFramework/Scripts/Systems/InputSystem.meta","180","2026-04-14T13:46:48.0000000Z","c22f22a942259ace5715dee77314b2dc59b3e278efc5ce35b0494fb344af4bee"
"Assets/_YFanFramework/Scripts/Systems/InputSystem/InputDefines.cs","909","2026-04-14T13:46:48.0000000Z","6a25c8f268860f4cfcec6e3ea34b1c15afdd980493839c2b5d5cddc59da971d5"
"Assets/_YFanFramework/Scripts/Systems/InputSystem/InputDefines.cs.meta","254","2026-04-14T13:46:48.0000000Z","80d162c699a98747eec24d6e1b7ef57d0395a786c8422449a13df6bbdf61190a"
"Assets/_YFanFramework/Scripts/Systems/InputSystem/InputSystem.cs","15301","2026-04-14T13:46:48.0000000Z","31d9e8084ac528ab1650c80121fc85bedf212689f5061adf2e85e4c556216e41"
"Assets/_YFanFramework/Scripts/Systems/InputSystem/InputSystem.cs.meta","254","2026-04-14T13:46:48.0000000Z","98631109f92920078f4ade9616c17abf1e3571685e1194fbb9b16bcf91476c68"
"Assets/_YFanFramework/Scripts/Systems/ResourceSystem.meta","180","2026-04-14T13:47:10.0000000Z","d967e9f71d4624d623ece7917bcb3bccc35c2fffc315d4c304d63f03800c7277"
"Assets/_YFanFramework/Scripts/Systems/ResourceSystem/IResourceSystem.cs","1867","2026-08-03T04:05:26.6366262Z","c78240a65d6f1918826cc5e7947d01134775bdf2691b9b77872355cb846a65d7"
"Assets/_YFanFramework/Scripts/Systems/ResourceSystem/IResourceSystem.cs.meta","254","2026-04-14T13:47:10.0000000Z","16a045f98dd53a7afa256e1da1b2ac102cd8913c0e1b832ffc6b768c3fd905ba"
"Assets/_YFanFramework/Scripts/Systems/ResourceSystem/ResourceSystem.cs","3959","2026-08-03T04:05:26.6366262Z","1b06acde16b4cabe895de4c76c41dedd3f2b206725df0c5e9c04f739898e86a8"
"Assets/_YFanFramework/Scripts/Systems/ResourceSystem/ResourceSystem.cs.meta","254","2026-04-14T13:47:10.0000000Z","8901e794ee5fc899af3fc857cf5e1e945bcba6272a0cc5666b555534e8a64cad"
"Assets/_YFanFramework/Scripts/Systems/UIManager.meta","180","2026-04-14T13:46:48.0000000Z","9e47eebba45a8191c400f58a5f5cc4041d53787cff3778380514007a4b7ed36f"
"Assets/_YFanFramework/Scripts/Systems/UIManager/UIDefines.cs","702","2026-04-14T13:46:48.0000000Z","066468f123890fb72b17578384f2d5af83be9f1f4766e53776f38dfa4f659a32"
"Assets/_YFanFramework/Scripts/Systems/UIManager/UIDefines.cs.meta","254","2026-04-14T13:46:48.0000000Z","4b34a7aa70dfb4f76d94a156065a9e2fc4f42573bd3ffeb23b8ae088470e82e1"
"Assets/_YFanFramework/Scripts/Systems/UIManager/UIManager.cs","19601","2026-08-03T04:05:26.6386551Z","f278d0e4803ac45bba14d69e842e93c2da53d41e2e217c155dc1ac9324c6ffb5"
"Assets/_YFanFramework/Scripts/Systems/UIManager/UIManager.cs.meta","254","2026-04-14T13:46:48.0000000Z","7535fc6167b73f8c268682fb20468cc12af1fc6a55d9a2b6499b1692f3446590"
"Assets/_YFanFramework/Scripts/Systems/UIManager/UIPanel.cs","3211","2026-04-14T13:46:48.0000000Z","7344c1a2965da984af470783c22cef414afb5c20ad1f6886e138b5264d8871e5"
"Assets/_YFanFramework/Scripts/Systems/UIManager/UIPanel.cs.meta","254","2026-04-14T13:46:48.0000000Z","d3d0df6c4cca4457ded69ffeb62aaa785f759b781e2ff92cb98db71372585b2f"
"Assets/_YFanFramework/Scripts/Systems/VFXSystem.meta","180","2026-04-14T13:47:10.0000000Z","7cac762ff20e7050f8c156418557991486b432417d70df910382c3ddd54f5f3f"
"Assets/_YFanFramework/Scripts/Systems/VFXSystem/IVFXSystem.cs","2952","2026-08-03T04:05:26.6386551Z","6330196cedf65ced85bd3e19eeff07974b9b113dd09ffe65f5fafb0e7a679f01"
"Assets/_YFanFramework/Scripts/Systems/VFXSystem/IVFXSystem.cs.meta","254","2026-04-14T13:47:10.0000000Z","f38a2e8fa5748be44539333fbb7331ed74a9825b15d8498acba87f0bf198c5a8"
"Assets/_YFanFramework/Scripts/Systems/VFXSystem/VFXSystem.cs","6713","2026-08-03T04:05:26.6386551Z","bc83db428d2ddba351bcdb106227e71ddf45535e8941cbeab45a087bcf1016bb"
"Assets/_YFanFramework/Scripts/Systems/VFXSystem/VFXSystem.cs.meta","254","2026-04-14T13:47:10.0000000Z","da3da8536596b2a1b4a1a7c76c6f713127cc142cae1c1e6d8a7aa4a6fceacde8"
"Assets/_YFanFramework/Scripts/Utils.meta","180","2026-04-14T13:46:48.0000000Z","3eb266d24909f977b2fe9ff24bae46fb0b733b6d74a750bc4defecf60f7b2b7b"
"Assets/_YFanFramework/Scripts/Utils/EncryptionUtil.cs","5421","2026-08-03T04:05:26.6386551Z","c982fbfd5a06363789fb1fa38a1e01d3c837653bff28ee9527548027b34f7de0"
"Assets/_YFanFramework/Scripts/Utils/EncryptionUtil.cs.meta","254","2026-04-14T13:46:48.0000000Z","77446f22c1147b0efb8b03650b29afd1ed6e4fc84b4b06d2ae225a616f92a826"
"Assets/_YFanFramework/Scripts/Utils/FileIOUtil.cs","10306","2026-08-03T04:05:26.6386551Z","37598960ff2dacdb0c4c003859cfd29d137ebcf2ed35ed5764fbbe66cd48e5bc"
"Assets/_YFanFramework/Scripts/Utils/FileIOUtil.cs.meta","254","2026-04-14T13:46:48.0000000Z","6417099a687dfc46f5027e76529fb15aec32ba1a5a5d5abd931d6b9625c24193"
"Assets/_YFanFramework/Scripts/Utils/FSMUtil.cs","10248","2026-04-14T13:46:48.0000000Z","4d45fad0a93bd5e8c54fb64b1b254d929f5f311e7f5c29e23530ec6d9b8b86a0"
"Assets/_YFanFramework/Scripts/Utils/FSMUtil.cs.meta","254","2026-04-14T13:46:48.0000000Z","5763d785defe7391509ea4d5520c7e1a1508f0ee389c376e8da7a142d8ff5841"
"Assets/_YFanFramework/Scripts/Utils/LogUtil.cs","15797","2026-08-03T04:05:26.6443470Z","82e27fe11e12fb971c65a008f1bc41dfa42de7cb8dfc4840bd77348803ff46c2"
"Assets/_YFanFramework/Scripts/Utils/LogUtil.cs.meta","254","2026-04-14T13:46:48.0000000Z","edeadc14a8e3459609669b93fa4c47b7f76b71f1a4be13351a3c030741145d15"
"Assets/_YFanFramework/Scripts/Utils/MonoUtil.cs","16532","2026-08-03T04:05:26.6463552Z","fc8497077e3fbde8ed54fe6ec8168e510b4fbcc13b1ec8884ecd7a7b1084fb63"
"Assets/_YFanFramework/Scripts/Utils/MonoUtil.cs.meta","254","2026-04-14T13:46:48.0000000Z","50208563b692b7b49f062ef424aa4ec0e8eb8cee53830303b669dc26419fb9b5"
"Assets/_YFanFramework/Scripts/Utils/PoolUtil.cs","34563","2026-08-03T04:05:26.6463552Z","3f2cafdfe326b3c6b504e2488b34df606f85773c8960dec5717b422197ee6a37"
"Assets/_YFanFramework/Scripts/Utils/PoolUtil.cs.meta","254","2026-04-14T13:46:48.0000000Z","ee2e9964600ee9fcc92ac4a2fbf8cf365f4c8e8eebb139887c1090fb601c315c"
"Assets/_YFanFramework/Scripts/Utils/ResUtil.cs","17111","2026-08-03T04:05:26.6484294Z","c375677b719f4959293f89138af6d1ae197cc2e14dbd339f91e6f308054ea233"
"Assets/_YFanFramework/Scripts/Utils/ResUtil.cs.meta","254","2026-04-14T13:46:48.0000000Z","7b0c79b42fef0c6bb053450f9e569eb0a69db650fffd5c40cc278af49f88e2f8"
"Assets/_YFanFramework/Scripts/Utils/SaveUtil.cs","15819","2026-04-14T13:46:48.0000000Z","8746011d42b28cba0dd948a2cac457110406230b4c962df48c3cd804767aa1f3"
"Assets/_YFanFramework/Scripts/Utils/SaveUtil.cs.meta","254","2026-04-14T13:46:48.0000000Z","a2953c38c77c19ec935ab637d00a2168e05aff5819be9f514d68b1cfbcf6486a"
"Assets/_YFanFramework/Scripts/Utils/TaskUtil.cs","19603","2026-08-03T04:05:26.6504433Z","1fb16a6fb9acc05b595fb0b37cde1348ccd29b4f98a9e248085b001cc9821aa8"
"Assets/_YFanFramework/Scripts/Utils/TaskUtil.cs.meta","254","2026-04-14T13:46:48.0000000Z","fff54b83d504d614b5eda00fea90f92c0516666eed8929e08a6eb6dfde519e72"
"Assets/_YFanFramework/Scripts/Utils/TimerUtil.cs","14745","2026-04-14T13:46:48.0000000Z","61eae24858b03658e44be404c4218ffd13bb60252fb054d7711971592f8dc1b6"
"Assets/_YFanFramework/Scripts/Utils/TimerUtil.cs.meta","254","2026-04-14T13:46:48.0000000Z","4f9dfce2f589376e344b21bbc5541ea2beb253b66979b2cbba64caa06c4ebab2"
"Assets/_YFanFramework/Scripts/Utils/TweenUtil.cs","35656","2026-08-03T04:05:26.6504433Z","22fd4f8fc0d1cb2bc29ad7d93490a4ea096f5566a33b3784306b17ca3ea7662b"
"Assets/_YFanFramework/Scripts/Utils/TweenUtil.cs.meta","254","2026-04-14T13:46:48.0000000Z","7522f578fff9c9a6697598644e5cbdf20294de9bbd57094b9380b759faca88bb"
"Assets/_YFanFramework/Scripts/Utils/YLog.cs","4431","2026-04-14T13:46:48.0000000Z","4e2723cc6b8bd9c38c53fbcc1b12f791c8894e459b163087f40c265971c7c8b6"
"Assets/_YFanFramework/Scripts/Utils/YLog.cs.meta","254","2026-04-14T13:46:48.0000000Z","5c04b1360144ddb661dbec48c10ef7821e824f75e33d53f7cf1b8c8f63cb4034"
"Assets/AddressableAssetsData.meta","180","2026-04-14T13:46:48.0000000Z","50f6a42d5edb7575fb03a93f151066e1314264dd29e92f71e76a767bdb0333f8"
"Assets/AddressableAssetsData/AddressableAssetSettings.asset","4015","2026-05-08T16:10:02.7181243Z","91555854a219ae5c4e1d32af14c8696f26a99c29f1b1bade5f1390a1afd1bb48"
"Assets/AddressableAssetsData/AddressableAssetSettings.asset.meta","197","2026-04-14T13:46:48.0000000Z","0b8c017e067ebfef16f2d28752f1b41ce4b707ac27b31cfbb6e13eeb353ca9cf"
"Assets/AddressableAssetsData/Android.meta","180","2026-04-14T13:46:48.0000000Z","254c7173dd47578c4f4e6d868682766575483785f4a7bd0a5d70f10738eed5d0"
"Assets/AddressableAssetsData/AssetGroups.meta","180","2026-04-14T13:46:48.0000000Z","85c4bac4c91c8cb6cfc6ba230011431f2d8b1dc482800c024c19c5359aeb2230"
"Assets/AddressableAssetsData/AssetGroups/Built In Data.asset","1053","2026-04-14T13:46:48.0000000Z","4058ce811662a76aae1d19a944eefda5e5b6f72a6da51ced0c6d650e265f7b97"
"Assets/AddressableAssetsData/AssetGroups/Built In Data.asset.meta","197","2026-04-14T13:46:48.0000000Z","0cb8c48cb0a723e30eace0426ce3e779868a02e57d751f7477696b7aa66235e1"
"Assets/AddressableAssetsData/AssetGroups/Default Local Group.asset","1910","2026-05-08T00:23:05.1265768Z","7548bd55f7715bf7c5e2207bcc726834b1eef7eeb510821585381c44867588d7"
"Assets/AddressableAssetsData/AssetGroups/Default Local Group.asset.meta","197","2026-04-14T13:46:48.0000000Z","f9a56d83fdc7b2aadd01feca2eabac35c5c43f3f3b5b8f299cee282a29c595e8"
"Assets/AddressableAssetsData/AssetGroups/Schemas.meta","180","2026-04-14T13:46:48.0000000Z","3fc55de2c346a5c1fd657b9eaa28dfa0fd55f2e895d47279255547c7ad3a9d46"
"Assets/AddressableAssetsData/AssetGroups/Schemas/Built In Data_PlayerDataGroupSchema.asset","585","2026-04-14T13:46:48.0000000Z","a68069db0fc1253b54a17ef7e1ea2d37ea37c7c2194055cbded96d599397bc72"
"Assets/AddressableAssetsData/AssetGroups/Schemas/Built In Data_PlayerDataGroupSchema.asset.meta","197","2026-04-14T13:46:48.0000000Z","817b21c021c3f00e5c17b1c5c7758b675bf4bbdb3364ca86d58ae9659b628a83"
"Assets/AddressableAssetsData/AssetGroups/Schemas/Default Local Group_BundledAssetGroupSchema.asset","1595","2026-04-14T13:46:48.0000000Z","ef87c1480158b282d1ee1a0c891e59a710c9d20a72f5905c05d00c900f3a03ac"
"Assets/AddressableAssetsData/AssetGroups/Schemas/Default Local Group_BundledAssetGroupSchema.asset.meta","197","2026-04-14T13:46:48.0000000Z","6b46b34ce8e8d405a3ad9f909caa709d834670fc4e3fbcdf4a965f7f3e52d8b2"
"Assets/AddressableAssetsData/AssetGroups/Schemas/Default Local Group_ContentUpdateGroupSchema.asset","549","2026-04-14T13:46:48.0000000Z","1b63ac0034ec3091c3d95e2ad9297fbfca6ef25d76ed0a25a9f04dbb4a38d13f"
"Assets/AddressableAssetsData/AssetGroups/Schemas/Default Local Group_ContentUpdateGroupSchema.asset.meta","197","2026-04-14T13:46:48.0000000Z","e876aaf2b4131f6098b44a00a4bf8e5fd11e221e998465966e2f2b10c911ff99"
"Assets/AddressableAssetsData/AssetGroupTemplates.meta","180","2026-04-14T13:46:48.0000000Z","adac899b25e32dcd6a5f0be73f2dec25e121e05ad4e96a2747fdaf365d9b788a"
"Assets/AddressableAssetsData/AssetGroupTemplates/Packed Assets.asset","2216","2026-04-14T13:46:48.0000000Z","3843170a716ffb636c546135bd95192d2450efdfc220df97f2f9c916845719ab"
"Assets/AddressableAssetsData/AssetGroupTemplates/Packed Assets.asset.meta","197","2026-04-14T13:46:48.0000000Z","7e85bd1e16b0c34212f5ae7770fea94ee50ccd52cfb060abf3a38c797915bcd7"
"Assets/AddressableAssetsData/DataBuilders.meta","180","2026-04-14T13:46:48.0000000Z","e1510c338f617ddbf074ba2d611eff5a7c7817aa80708506968af1139b68eea4"
"Assets/AddressableAssetsData/DataBuilders/BuildScriptFastMode.asset","830","2026-04-14T13:46:48.0000000Z","74e0d0b02d12be099213b5712cdba1d485c37f34c4d39acd35faf79632ed3f16"
"Assets/AddressableAssetsData/DataBuilders/BuildScriptFastMode.asset.meta","197","2026-04-14T13:46:48.0000000Z","c4e1de49247776901bb250c09bd12d8075a97e678af4da12145497d19bce410a"
"Assets/AddressableAssetsData/DataBuilders/BuildScriptPackedMode.asset","832","2026-04-14T13:46:48.0000000Z","0098281401aef175fc4541b56d836098a95962ca6bcf68c19114236ff69d549c"
"Assets/AddressableAssetsData/DataBuilders/BuildScriptPackedMode.asset.meta","197","2026-04-14T13:46:48.0000000Z","6c6a0cd57e93af0ab65dcb22fa67548cf01bbe0598ff59e2338f343842b01387"
"Assets/AddressableAssetsData/DataBuilders/BuildScriptPackedPlayMode.asset","836","2026-04-14T13:46:48.0000000Z","c8ff955069915bb7dd4bddf377cb9ce0e8603571de95d7adb06227c7b1136721"
"Assets/AddressableAssetsData/DataBuilders/BuildScriptPackedPlayMode.asset.meta","197","2026-04-14T13:46:48.0000000Z","15a3f8ff15e35c91bcf2febfb21d0b6016d4135971903073edf056841de2f46e"
"Assets/AddressableAssetsData/DataBuilders/BuildScriptVirtualMode.asset","833","2026-04-14T13:46:48.0000000Z","fce803d7ac634104f8016c365c23dfd35722ecaf56692b2bfcb80226428ce453"
"Assets/AddressableAssetsData/DataBuilders/BuildScriptVirtualMode.asset.meta","197","2026-04-14T13:46:48.0000000Z","92ca697dc597b3a942ebafbe51a4430a5c1973ede1d536f7bd1402e54394f7ce"
"Assets/AddressableAssetsData/DefaultObject.asset","484","2026-04-14T13:46:48.0000000Z","f8c6b1564d807ab9104da0b794e1bbc1236d26fe332dbca4e58543cd174c9a71"
"Assets/AddressableAssetsData/DefaultObject.asset.meta","197","2026-04-14T13:46:48.0000000Z","e9f2b01f96f0a5c4acaecfa214e7e0989924d666bbd45b16b07abc1a01b84d34"
"Assets/AddressableAssetsData/link.xml","4716","2026-08-10T06:34:32.4085895Z","6753fedb4d8baf1b9bb77faaa5e6aa26f3b97e1752095cc6a872a48ac751aa30"
"Assets/AddressableAssetsData/link.xml.meta","158","2026-08-10T06:34:32.7729718Z","87b7e8c1c1310487c953c3fcf448572effeffc3f58ea604ae53ed75f50e060da"
"Assets/AddressableAssetsData/ProfileDataSourceSettings.asset","1067","2026-04-14T13:47:10.0000000Z","519a53e05fac356f11aed5bf9a44a4be8fa8ad4c05b81aeaf807fe696812c2f3"
"Assets/AddressableAssetsData/ProfileDataSourceSettings.asset.meta","197","2026-04-14T13:47:10.0000000Z","435b81e69e345a8fcaf6e8cf783191ee1650724a2bc3889fc6c836d39a6df178"
"Assets/AddressableAssetsData/WebGL.meta","180","2026-04-14T13:46:48.0000000Z","2f9d222eee7c3b7e86a513788cbed90315e339e3c32f93e4ff55a1f73d8d5ff8"
"Assets/AddressableAssetsData/Windows.meta","180","2026-04-14T13:46:48.0000000Z","04d8bd1de4a097e90b2b11a6e9af7d0d062d6a3345485ac539052f056026492b"
"Assets/AddressableAssetsData/Windows/addressables_content_state.bin","1807","2026-08-10T06:34:32.4134882Z","2f171e16c83a01ed9abc5c98c5f6327d525caa5c043c15438700679853dc5753"
"Assets/AddressableAssetsData/Windows/addressables_content_state.bin.meta","155","2026-04-25T14:19:00.0000000Z","b6ca1f11fcf3ab000e149b4dd72c0b8fa2d1712171f869dd0ca36e7c58861d15"
"Assets/HDRPDefaultResources.meta","180","2026-04-14T13:46:48.0000000Z","b99ccd72a7df60320d2ddd6048b9b84e356689fbdc808291af57f2fc7c490c95"
"Assets/HDRPDefaultResources/DefaultSettingsVolumeProfile.asset","17510","2026-04-14T13:47:10.0000000Z","72ac800c555f1342357c079cfc7db9fc12455ceb1689a7620ee0cd66c2b67670"
"Assets/HDRPDefaultResources/DefaultSettingsVolumeProfile.asset.meta","197","2026-04-14T13:47:10.0000000Z","72556e0ca331b6134b090662a5d5ad4d780cbf8e7bfd50bd383065ae56a915b9"
"Assets/HDRPDefaultResources/HDRenderPipelineAsset.asset","14494","2026-04-14T13:46:48.0000000Z","5f998709296fdcc72c8d2e707e7c882888d720f99849db174f7331873335aef1"
"Assets/HDRPDefaultResources/HDRenderPipelineAsset.asset.meta","197","2026-04-14T13:46:48.0000000Z","605ccafe1b7ada119507c7279dc28ea6d07c3002b70b3e92752ed24413c9a879"
"Assets/HDRPDefaultResources/HDRenderPipelineGlobalSettings.asset","3251","2026-04-14T13:47:10.0000000Z","319d4f38e26ec9d0ba06c401bf349a798d0f10b0477108c460081faa4223d1ce"
"Assets/HDRPDefaultResources/HDRenderPipelineGlobalSettings.asset.meta","197","2026-04-14T13:46:48.0000000Z","df2f738ebcff1525cf26a2e92bc4ccefaecbf91dd07e8170b160048b0d47df8d"
"Assets/Plugins.meta","180","2026-04-14T13:46:48.0000000Z","dffc752969ea11a29d3569dcc459c58aafe30dc47d3f03fc456143b665a77aec"
"Assets/Plugins/DOTween.meta","180","2026-04-14T13:46:48.0000000Z","71831e6ea8754b369f28e1a33b07061779707af794a7b72fd696299faa357425"
"Assets/Plugins/DOTween/DOTween.dll","177664","2026-04-14T13:46:48.0000000Z","d48a4a4a962d929a33f83136b58e58e48168a3d92fef6a09fb04a8ee50ffd9c8"
"Assets/Plugins/DOTween/DOTween.dll.meta","678","2026-04-14T13:46:48.0000000Z","3a0614079c829f39e15644cb13dfbff51efbe83debbf47da0ea3b6591d3f84a6"
"Assets/Plugins/DOTween/DOTween.XML","234735","2026-04-14T13:46:48.0000000Z","fcc00f425967e04c71043cf4aa1b87233988bfb3b45333cea97c281ebd866cf5"
"Assets/Plugins/DOTween/DOTween.XML.meta","165","2026-04-14T13:46:48.0000000Z","666b88e1c129649fd4e1b32630bd57c65f419179b89832993fc6757ae384cfe3"
"Assets/Plugins/DOTween/Editor.meta","180","2026-04-14T13:46:48.0000000Z","74e101826e19d8e770f37eb8aa3d6ab48980bec75fb4218b34c4dbd7d2006b87"
"Assets/Plugins/DOTween/Editor/DOTweenEditor.dll","70656","2026-04-14T13:46:48.0000000Z","a960f9292813faefcf00aaaa6dabaf9082e64a58e59952dee3a341c632ca5672"
"Assets/Plugins/DOTween/Editor/DOTweenEditor.dll.meta","678","2026-04-14T13:46:48.0000000Z","fbd982eab5c84f859ec40f3626bd770873d94f8fe8b7cbe55e84e0422b8a3c78"
"Assets/Plugins/DOTween/Editor/DOTweenEditor.XML","7956","2026-04-14T13:46:48.0000000Z","64ebabaaa68e3b371350bb7c0b647448b1b79c0ab9039c80565ecbe4c3845cd6"
"Assets/Plugins/DOTween/Editor/DOTweenEditor.XML.meta","165","2026-04-14T13:46:48.0000000Z","6c884e93cf59c90833de7f5654864e0a5ed20eae2884f929fb8c0fa8ce8df8fe"
"Assets/Plugins/DOTween/Editor/Imgs.meta","180","2026-04-14T13:46:48.0000000Z","32203af014505401615fcdc8277295f50262770e9f5d726cbcb63d93e8d146dd"
"Assets/Plugins/DOTween/Editor/Imgs/DOTweenIcon.png","1565","2026-04-14T13:46:48.0000000Z","6e6ca81af7b3fdbecc7069b8644047713af97c8e311cd3da97e75eff0b973faa"
"Assets/Plugins/DOTween/Editor/Imgs/DOTweenIcon.png.meta","2705","2026-04-14T13:46:48.0000000Z","414d91f04a73c91a436875fe01d8bcb25b34999eca9ff7b892f5e6434d2694d9"
"Assets/Plugins/DOTween/Editor/Imgs/DOTweenMiniIcon.png","319","2026-04-14T13:46:48.0000000Z","29cd2e4bf91e3fe91a2485ac1608d2ba6ae338d04c82fd8d343ae4336684e644"
"Assets/Plugins/DOTween/Editor/Imgs/DOTweenMiniIcon.png.meta","2705","2026-04-14T13:46:48.0000000Z","7980da4ecf46d4ca7d400932a86460d625312d3eaf7725378391163b98db91e1"
"Assets/Plugins/DOTween/Editor/Imgs/Footer_dark.png","4429","2026-04-14T13:46:48.0000000Z","2bc04d9700e60b53aa4741c4580d61e490b1192d3ea4f98f4437a2e776057a5a"
"Assets/Plugins/DOTween/Editor/Imgs/Footer_dark.png.meta","2705","2026-04-14T13:46:48.0000000Z","9abee6aa1a37743124ce4f1814b657e5cde960d34f2e5259c20a6b14e5731ffd"
"Assets/Plugins/DOTween/Editor/Imgs/Footer.png","4409","2026-04-14T13:46:48.0000000Z","b1bccfb25ef58988d123ade538e28637da988dfaf33272067b641f34582e7b89"
"Assets/Plugins/DOTween/Editor/Imgs/Footer.png.meta","2704","2026-04-14T13:46:48.0000000Z","31d854b5fad0ce036a03cf05ae0f91c33f99e080e4ee9295d9ec2895f9d747a0"
"Assets/Plugins/DOTween/Editor/Imgs/Header.jpg","22787","2026-04-14T13:46:48.0000000Z","80652902491d99fe580056ed204d204d9ecaccf810e7ec546bd949ccff8d67fd"
"Assets/Plugins/DOTween/Editor/Imgs/Header.jpg.meta","2704","2026-04-14T13:46:48.0000000Z","1c2bdfe1e8f1e2923c16a3daf0ca6de8d1db653c4d9f6b182bab7023c948ad50"
"Assets/Plugins/DOTween/Modules.meta","180","2026-04-14T13:46:48.0000000Z","24454e8e7753f73388d983fad9c67b65116c59f08f6492d5261f95342ecb48a8"
"Assets/Plugins/DOTween/Modules/DOTweenModuleAudio.cs","8943","2026-04-14T13:46:48.0000000Z","72671c591110372c239622d551131fd7698e8fbb4596580811ab8e0248b45093"
"Assets/Plugins/DOTween/Modules/DOTweenModuleAudio.cs.meta","254","2026-04-14T13:46:48.0000000Z","95b558b692c7fd0a9c49aa0b4ad93d1c5bca68251ea1353c1094deb876ff1de3"
"Assets/Plugins/DOTween/Modules/DOTweenModuleEPOOutline.cs","6855","2026-04-14T13:46:48.0000000Z","f20e26d35f1013148baf520b0ba91982e73204859ab1110d5f19f7f60cac730d"
"Assets/Plugins/DOTween/Modules/DOTweenModuleEPOOutline.cs.meta","254","2026-04-14T13:46:48.0000000Z","7e6a7700053403e26824c7745a3fc86098213814e694d42ae1040578dc7cf115"
"Assets/Plugins/DOTween/Modules/DOTweenModulePhysics.cs","13989","2026-04-14T13:46:48.0000000Z","e4a3478813a970fc4a5152a9b014d47900fcf96523b6645243d6a75de8e36b10"
"Assets/Plugins/DOTween/Modules/DOTweenModulePhysics.cs.meta","254","2026-04-14T13:46:48.0000000Z","3f08f5d0a976a8f095c7cb3ab0b286085d30ba0064b3962598bbe22ff63d0cde"
"Assets/Plugins/DOTween/Modules/DOTweenModulePhysics2D.cs","12125","2026-04-14T13:46:48.0000000Z","d82bd5ceae8233f9808a2588e9fe0a956e4ba6c7931ddb85c7fe1e1dd4deb105"
"Assets/Plugins/DOTween/Modules/DOTweenModulePhysics2D.cs.meta","254","2026-04-14T13:46:48.0000000Z","0db7c75d6634586ce1287e970858ad9db5c0bb729a2327dcf706d5df6d4e2c95"
"Assets/Plugins/DOTween/Modules/DOTweenModuleSprite.cs","4166","2026-04-14T13:46:48.0000000Z","7a5669ebe2164aefe161c8801b34a6e9457855d88e56d46e5d8640c3dd9f0623"
"Assets/Plugins/DOTween/Modules/DOTweenModuleSprite.cs.meta","254","2026-04-14T13:46:48.0000000Z","256e38a85da6b86221f6cf3f8b0bae62fe59fa1bba4d37a368626545d1f8f61c"
"Assets/Plugins/DOTween/Modules/DOTweenModuleUI.cs","43245","2026-04-14T13:46:48.0000000Z","e6d6e9b2ae6010add7a3809419441abe762e41bdb0081006352b74e5a35ade91"
"Assets/Plugins/DOTween/Modules/DOTweenModuleUI.cs.meta","254","2026-04-14T13:46:48.0000000Z","f48749788f0943dfa157a9e0f9e4ae3aba86d4762556050a3c6bc4068ce0f735"
"Assets/Plugins/DOTween/Modules/DOTweenModuleUnityVersion.cs","18321","2026-04-14T13:46:48.0000000Z","26126010ad8b836b74ebe7524baccd6d4cc04da4064cd840e92d4060194cf71d"
"Assets/Plugins/DOTween/Modules/DOTweenModuleUnityVersion.cs.meta","254","2026-04-14T13:46:48.0000000Z","13576a2e47b54737f6565dd6274c8051fb368034c1603bfc8812f2d9049b5f11"
"Assets/Plugins/DOTween/Modules/DOTweenModuleUtils.cs","6719","2026-04-14T13:46:48.0000000Z","6e972f0918e588952061aee6dfab9d1250434b3b28bf5beba41d53628470c100"
"Assets/Plugins/DOTween/Modules/DOTweenModuleUtils.cs.meta","254","2026-04-14T13:46:48.0000000Z","dec94554a24c5f30549e15e0218361923cb77b587a66b148bf52c2b86dc01520"
"Assets/Plugins/DOTween/readme.txt","2190","2026-04-14T13:46:48.0000000Z","37b99ffdbb8b01b159d807b1fe77db664ae5b3b201734a5ad602c7c7f83941f0"
"Assets/Plugins/DOTween/readme.txt.meta","165","2026-04-14T13:46:48.0000000Z","2c0bc5eef308de109bd16d1b0467435c7330084795828bce041338ebd7322946"
"Assets/Plugins/QFramework.meta","180","2026-04-14T13:46:48.0000000Z","64f2f0c3c156981ba3dc49606d7fc9e8a1d436d27917e72797c7cacf41a72045"
"Assets/Plugins/QFramework/QFramework.cs","29001","2026-04-14T13:46:48.0000000Z","c4676b31a0a3876bdd7935499b7ef26f8f56e65f937f98a9c63d6a1395287dc9"
"Assets/Plugins/QFramework/QFramework.cs.meta","254","2026-04-14T13:46:48.0000000Z","4fce8ad47f120023c03ea81f9540cd5cd4eb10fd653f37fbf9b35c8cc449cc26"
"Assets/Plugins/UniTask.meta","180","2026-04-14T13:46:48.0000000Z","a3e99e80152a5a8e31b9302be9f70a0102cfaf49b48dc5f71385127b91f67863"
"Assets/Plugins/UniTask/Editor.meta","180","2026-04-14T13:46:48.0000000Z","50242ffb236ab9d45cf2b89eac501087c0d900009d30c577303cb4ccd20c415a"
"Assets/Plugins/UniTask/Editor/SplitterGUILayout.cs","2414","2026-04-14T13:46:48.0000000Z","f4bca5daf71fec695bbff4886bb21720d316ca3c40f93b17a7da7eb007867bd0"
"Assets/Plugins/UniTask/Editor/SplitterGUILayout.cs.meta","254","2026-04-14T13:46:48.0000000Z","b29d49cca6f16d864d1072ed1ae6f5a517afc7f156a062ce8615429e12737ec7"
"Assets/Plugins/UniTask/Editor/UniTask.Editor.asmdef","384","2026-04-14T13:46:48.0000000Z","575826b369d5196fd00d9a8fcd7a8ef11ddc26955d638abba60ee3270c97dcfe"
"Assets/Plugins/UniTask/Editor/UniTask.Editor.asmdef.meta","173","2026-04-14T13:46:48.0000000Z","f33eef8e71bc113ecedc4651749cc1b877270f89ef92905c20debf3994cb3983"
"Assets/Plugins/UniTask/Editor/UniTaskTrackerTreeView.cs","6939","2026-04-14T13:46:48.0000000Z","a79c017a711753226ad16efcd578d4750ff1a26325cba013c4c424eee098e984"
"Assets/Plugins/UniTask/Editor/UniTaskTrackerTreeView.cs.meta","254","2026-04-14T13:46:48.0000000Z","8d433861b733c6d0fc6c74661686ed4576b8a37bd29768d4b78bcd61c4b58eb9"
"Assets/Plugins/UniTask/Editor/UniTaskTrackerWindow.cs","7730","2026-04-14T13:46:48.0000000Z","e74fbe323058c960acd4afc37f47eae161e879dd768803cb406f84b7afe81fe4"
"Assets/Plugins/UniTask/Editor/UniTaskTrackerWindow.cs.meta","254","2026-04-14T13:46:48.0000000Z","7062516b716715f325cb04daf8f75fd314380e63cc47d0ae572e101fa6ac1d88"
"Assets/Plugins/UniTask/package.json","418","2026-04-14T13:46:48.0000000Z","d06eb9060792acffb48d160ccc54e705a91be764c261af74a212433663946417"
"Assets/Plugins/UniTask/package.json.meta","165","2026-04-14T13:46:48.0000000Z","cdf7bc052d01d93471ac5084199a7ee4a8cbb767e6f1a014f3830973bdd03876"
"Assets/Plugins/UniTask/Runtime.meta","180","2026-04-14T13:46:48.0000000Z","b0032c1c349a77bf0a06c40a9eab061eb84f0eacc290901a9248cb4f7fbd61b6"
"Assets/Plugins/UniTask/Runtime/_InternalVisibleTo.cs","253","2026-04-14T13:46:48.0000000Z","67d7aacdc5b9d7c1d1b74dbab627b7cb2c152859116478b950333f48e27844b1"
"Assets/Plugins/UniTask/Runtime/_InternalVisibleTo.cs.meta","254","2026-04-14T13:46:48.0000000Z","ce28be76dba5e273e34e826563c6600ff9e0d8e00449e8e1d7be7ae11229b6e8"
"Assets/Plugins/UniTask/Runtime/AsyncLazy.cs","6875","2026-04-14T13:46:48.0000000Z","02fb54687ad47c133090c087b82a592dcb98ae0aa1ba154e0c2525b7b53a8877"
"Assets/Plugins/UniTask/Runtime/AsyncLazy.cs.meta","254","2026-04-14T13:46:48.0000000Z","d3aec18a0de391726ea2d7aee8c1abb5d01796c37d91f3c224f76b64e5efb733"
"Assets/Plugins/UniTask/Runtime/AsyncReactiveProperty.cs","20968","2026-04-14T13:46:48.0000000Z","43add1477bebb8273332d7fa35336bde8ad4c4c1094f1293f469a639b1120c8b"
"Assets/Plugins/UniTask/Runtime/AsyncReactiveProperty.cs.meta","254","2026-04-14T13:46:48.0000000Z","d56bd4ce318ab9816a81f0149b6b12becda087766c30ec53e395c8d63beb9e33"
"Assets/Plugins/UniTask/Runtime/AsyncUnit.cs","571","2026-04-14T13:46:48.0000000Z","cb2e150a9f752d4569461a5247a4f6e01205098ec39afedbd6922cdcbc980eab"
"Assets/Plugins/UniTask/Runtime/AsyncUnit.cs.meta","254","2026-04-14T13:46:48.0000000Z","fa40783248e09c3c0ddcb7fa07a2f48d73f7a3b67de91be90e0fb33e07b584cd"
"Assets/Plugins/UniTask/Runtime/CancellationTokenEqualityComparer.cs","671","2026-04-14T13:46:48.0000000Z","f188954761761939f125ade43ad58e83ab367bff2d540d85c024056649d094f7"
"Assets/Plugins/UniTask/Runtime/CancellationTokenEqualityComparer.cs.meta","254","2026-04-14T13:46:48.0000000Z","5039b705bedba584869d10ecd29fe54a090d5e5319938cb861f133d043e6b764"
"Assets/Plugins/UniTask/Runtime/CancellationTokenExtensions.cs","5877","2026-04-14T13:46:48.0000000Z","532a61b40d4c753759823ac64eccbfa2e82665861e40fa9f4418fd6c84e42356"
"Assets/Plugins/UniTask/Runtime/CancellationTokenExtensions.cs.meta","254","2026-04-14T13:46:48.0000000Z","4859b8758010620a91ffd9554d1644cfec7929cbdbca607c2215b295194c127b"
"Assets/Plugins/UniTask/Runtime/CancellationTokenSourceExtensions.cs","1946","2026-04-14T13:46:48.0000000Z","31c357a827a9e9b860664f4cd595943acf5b42dc4e490a437d48c4ef001bf631"
"Assets/Plugins/UniTask/Runtime/CancellationTokenSourceExtensions.cs.meta","254","2026-04-14T13:46:48.0000000Z","02c746204d62ec0ff30f5a07a0b23b01b04be4eec4f34c8888aa50e646896819"
"Assets/Plugins/UniTask/Runtime/Channel.cs","16148","2026-04-14T13:46:48.0000000Z","9798fea436bbf684b0d733f01d00be24003eae81674bbad805ffa93f4a8587ae"
"Assets/Plugins/UniTask/Runtime/Channel.cs.meta","254","2026-04-14T13:46:48.0000000Z","e0cc9aca3d0e952c402db77e256925d426d1f25fe0898640c965e9f709f87977"
"Assets/Plugins/UniTask/Runtime/CompilerServices.meta","180","2026-04-14T13:46:48.0000000Z","cf5b2f59855c7d4bfe3a95a274796373a97ccf0d89eb488fdbf06e2a8dc229bd"
"Assets/Plugins/UniTask/Runtime/CompilerServices/AsyncMethodBuilderAttribute.cs","430","2026-04-14T13:46:48.0000000Z","155e9a9656761a437870d45adf2c044cf2151d51223d47e8870d6be0880f4151"
"Assets/Plugins/UniTask/Runtime/CompilerServices/AsyncMethodBuilderAttribute.cs.meta","254","2026-04-14T13:46:48.0000000Z","05fc2f4ab386deb47378e5ab2a445a9be352504800fcfb55cdab09835cbc42c7"
"Assets/Plugins/UniTask/Runtime/CompilerServices/AsyncUniTaskMethodBuilder.cs","8087","2026-04-14T13:46:48.0000000Z","1a3eebcf1868ae00a4e8c6bcb6653e27b24141441d2ad9a93ca0146f8014bd14"
"Assets/Plugins/UniTask/Runtime/CompilerServices/AsyncUniTaskMethodBuilder.cs.meta","254","2026-04-14T13:46:48.0000000Z","0a7f0e6ae860953cac29f72c9fdcc2046b630a7f49a4760a5a1ba68432263898"
"Assets/Plugins/UniTask/Runtime/CompilerServices/AsyncUniTaskVoidMethodBuilder.cs","4156","2026-04-14T13:46:48.0000000Z","744e88314c4f24504e56840b3fcdf3de40d631eb7a59baadcf04d141f7a2565f"
"Assets/Plugins/UniTask/Runtime/CompilerServices/AsyncUniTaskVoidMethodBuilder.cs.meta","254","2026-04-14T13:46:48.0000000Z","3c0af39f0fceeca03091b3bf6fba75363eb9e087a8111ef7fdd12b9ace7175db"
"Assets/Plugins/UniTask/Runtime/CompilerServices/StateMachineRunner.cs","10908","2026-04-14T13:46:48.0000000Z","a9d05edaf047a7defb3b510fef5aa629c9aa6c8cb84440ea7a09537e5c551bda"
"Assets/Plugins/UniTask/Runtime/CompilerServices/StateMachineRunner.cs.meta","254","2026-04-14T13:46:48.0000000Z","4dff525616448f74630f38652ccda179c4d44a3c03cac7240776d24eedb87f97"
"Assets/Plugins/UniTask/Runtime/EnumerableAsyncExtensions.cs","1182","2026-04-14T13:46:48.0000000Z","39b044f4b27ca19565bdee092ba7f75303fcfe0e5772064730ecd0bb9e9c932e"
"Assets/Plugins/UniTask/Runtime/EnumerableAsyncExtensions.cs.meta","254","2026-04-14T13:46:48.0000000Z","b053cca7e5942118fc5f955cbb1b033c93a39a2fd44e9986172b3a29ba71d78e"
"Assets/Plugins/UniTask/Runtime/EnumeratorAsyncExtensions.cs","10355","2026-04-14T13:46:48.0000000Z","7762aab55d76dec79dc9cea11bf6ba946d6cb653498babd7a43a70a60b86fca0"
"Assets/Plugins/UniTask/Runtime/EnumeratorAsyncExtensions.cs.meta","254","2026-04-14T13:46:48.0000000Z","28e91b0aa8a96da6d6e3cc1adbc154e793da994bc6eeec3dc13d131ddab2326c"
"Assets/Plugins/UniTask/Runtime/ExceptionExtensions.cs","290","2026-04-14T13:46:48.0000000Z","726ec432ce681ddaaf39ea5d4e1d36e49b05ece573df17344a3e2efd89318864"
"Assets/Plugins/UniTask/Runtime/ExceptionExtensions.cs.meta","254","2026-04-14T13:46:48.0000000Z","b6df30d804a75c22fbe755126f4b45b30e43e8131497c8aa7d3c4b4693aaf795"
"Assets/Plugins/UniTask/Runtime/External.meta","180","2026-04-14T13:46:48.0000000Z","508cb27ff08253a2f9c68ba3426b9ab913716c917aa5617dc98a91a6b47220cb"
"Assets/Plugins/UniTask/Runtime/External/Addressables.meta","180","2026-04-14T13:46:48.0000000Z","460af0e84890066515c0e8ecc0f8fbb48440ba9ba293d371cf5973345af9ee6f"
"Assets/Plugins/UniTask/Runtime/External/Addressables/AddressablesAsyncExtensions.cs","18203","2026-04-14T13:46:48.0000000Z","c1e7824d82ae3502a21084b77ae8619fac0111ba5998a0bb2b6d60ed4d375331"
"Assets/Plugins/UniTask/Runtime/External/Addressables/AddressablesAsyncExtensions.cs.meta","254","2026-04-14T13:46:48.0000000Z","1d93c02f0d62e690932fc38682366ce77f9c614b6549b4bcdac26e99503ac8e7"
"Assets/Plugins/UniTask/Runtime/External/Addressables/UniTask.Addressables.asmdef","741","2026-04-14T13:46:48.0000000Z","1859708fb0ee5d35adec78e39791c050b6ea497f056a81b30534be39bd5dff59"
"Assets/Plugins/UniTask/Runtime/External/Addressables/UniTask.Addressables.asmdef.meta","173","2026-04-14T13:46:48.0000000Z","03ed710d00a1e75dded7b7c6b6f9ebd354ff8e5964fd56efcd0d243498bde29b"
"Assets/Plugins/UniTask/Runtime/External/DOTween.meta","180","2026-04-14T13:46:48.0000000Z","a22a38de0db7bf19755808039826dc439d0bb6ed40b398a99c6d5f9fd16469f5"
"Assets/Plugins/UniTask/Runtime/External/DOTween/DOTweenAsyncExtensions.cs","17537","2026-04-14T13:46:48.0000000Z","f5704a6019c1c4237094891c0c31acb5ee9b2600c1a93fa0dacf8ae6b46de456"
"Assets/Plugins/UniTask/Runtime/External/DOTween/DOTweenAsyncExtensions.cs.meta","254","2026-04-14T13:46:48.0000000Z","18fd4002054e906adcac1bc4ab8bfefc77743b036f6b5b23e2f6cf1d5b1688d1"
"Assets/Plugins/UniTask/Runtime/External/DOTween/UniTask.DOTween.asmdef","507","2026-04-14T13:46:48.0000000Z","3ded1442b2304beec4ccd0c27c321a8da0b4b7bf207784b69639c9c734e8349d"
"Assets/Plugins/UniTask/Runtime/External/DOTween/UniTask.DOTween.asmdef.meta","173","2026-04-14T13:46:48.0000000Z","45cec0e29d3e937f7879a354dcc161d153379f9e75a981a03a5120b9c3ddee5a"
"Assets/Plugins/UniTask/Runtime/External/TextMeshPro.meta","180","2026-04-14T13:46:48.0000000Z","12178a3ed66f64bedd856a8e6016948facae8be1aae1594f7e01c2813a4a83e3"
"Assets/Plugins/UniTask/Runtime/External/TextMeshPro/TextMeshProAsyncExtensions.cs","4305","2026-04-14T13:46:48.0000000Z","26c7bf263f24a3efe2c1d80417c286f9db11f2a088317c07dda0958d33e89f5b"
"Assets/Plugins/UniTask/Runtime/External/TextMeshPro/TextMeshProAsyncExtensions.cs.meta","254","2026-04-14T13:46:48.0000000Z","66d52e8dc48a87f2bda2d67c337ca9f62df3e0e98a8c6c7bb695df2cbb4edae1"
"Assets/Plugins/UniTask/Runtime/External/TextMeshPro/TextMeshProAsyncExtensions.InputField.cs","12535","2026-04-14T13:46:48.0000000Z","0bf650925ec7a922576ff4bb192729938e29f6a1b66c541ce2ddebc70396ac61"
"Assets/Plugins/UniTask/Runtime/External/TextMeshPro/TextMeshProAsyncExtensions.InputField.cs.meta","254","2026-04-14T13:46:48.0000000Z","0cc7b9859db96035025197cebac46749c716bbb0b32096016fae25876ddd6919"
"Assets/Plugins/UniTask/Runtime/External/TextMeshPro/UniTask.TextMeshPro.asmdef","705","2026-04-14T13:46:48.0000000Z","d7898b9c441a76cbb66bf991f2b03414d64cf29f31a7fa5f285c2aaf8f7b88a1"
"Assets/Plugins/UniTask/Runtime/External/TextMeshPro/UniTask.TextMeshPro.asmdef.meta","173","2026-04-14T13:46:48.0000000Z","4f94ec202c52ed86e768c66c100100de534d383e35886d73fe21f989cf887a0f"
"Assets/Plugins/UniTask/Runtime/Internal.meta","180","2026-04-14T13:46:48.0000000Z","d5091c24bda72702ddf157e45d43036891e463aa53a0279387eeb8c7d0066744"
"Assets/Plugins/UniTask/Runtime/Internal/ArrayPool.cs","4222","2026-04-14T13:46:48.0000000Z","5ead0420d50a99d085bbe52b85e5403a119e3638576e00c5943e33485802e3df"
"Assets/Plugins/UniTask/Runtime/Internal/ArrayPool.cs.meta","275","2026-04-14T13:46:48.0000000Z","5df303bdb6902e66a6fe164f6fddc949cfd94a7cc8ca314e88d003084c59edc8"
"Assets/Plugins/UniTask/Runtime/Internal/ArrayPoolUtil.cs","3627","2026-04-14T13:46:48.0000000Z","4c3bd618c7d82f17b2e0d28f5fccd0bbc94975591159f6c8349eb35e2bcd032a"
"Assets/Plugins/UniTask/Runtime/Internal/ArrayPoolUtil.cs.meta","275","2026-04-14T13:46:48.0000000Z","9315c647ed3f5236073b91a9b4472f32af1c15c2db24a9108d74fc9bd2fe897e"
"Assets/Plugins/UniTask/Runtime/Internal/ArrayUtil.cs","2214","2026-04-14T13:46:48.0000000Z","6755fe29a4e2e741666a72dd6dcc70c8f299e07d73461b19826695ac0286ae05"
"Assets/Plugins/UniTask/Runtime/Internal/ArrayUtil.cs.meta","275","2026-04-14T13:46:48.0000000Z","56eda3ae87cbae5a7145a7ed84023b2776742b6d2c2735cf69ee24a1ba48365d"
"Assets/Plugins/UniTask/Runtime/Internal/ContinuationQueue.cs","7188","2026-04-14T13:46:48.0000000Z","84d93d92406dcc73f7ca5695ac3d6ec8a4662245f83449f9753615ab737bb69f"
"Assets/Plugins/UniTask/Runtime/Internal/ContinuationQueue.cs.meta","254","2026-04-14T13:46:48.0000000Z","9756258f9667a3dfaf3806797c8a233b85670d6faed6777eb627f006329524ed"
"Assets/Plugins/UniTask/Runtime/Internal/DiagnosticsExtensions.cs","9159","2026-04-14T13:46:48.0000000Z","36ec74820bab6f470693d20a19e0849f55559ddd3e844f14d152c7cd5b23348f"
"Assets/Plugins/UniTask/Runtime/Internal/DiagnosticsExtensions.cs.meta","254","2026-04-14T13:46:48.0000000Z","47c8eea94772cbb34a0c23848739a60f4cc2a520162d3d5a782c6ae7a4ee93be"
"Assets/Plugins/UniTask/Runtime/Internal/Error.cs","2725","2026-04-14T13:46:48.0000000Z","95c217b1e89ac94add9f7454de8cdef638021df2582c23116ffac8ab9f8810b4"
"Assets/Plugins/UniTask/Runtime/Internal/Error.cs.meta","275","2026-04-14T13:46:48.0000000Z","c9c4bbd848d92e15137888a59ab58de6eb78e1a6698aa4ffd5c7c38a7511df12"
"Assets/Plugins/UniTask/Runtime/Internal/MinimumQueue.cs","3004","2026-04-14T13:46:48.0000000Z","cd048c1083318d5da839de301b1641a05d549cf6b61b9cbaef208cc564572cf7"
"Assets/Plugins/UniTask/Runtime/Internal/MinimumQueue.cs.meta","254","2026-04-14T13:46:48.0000000Z","17ab019cbd50f3c01bbef31e63639740a5bb4c2b44575e1bdeaabbcc00671d79"
"Assets/Plugins/UniTask/Runtime/Internal/PlayerLoopRunner.cs","8454","2026-04-14T13:46:48.0000000Z","dd568914216057dd042e77d57d873bf9f0d4e60a3b488346322ff4b549f2c514"
"Assets/Plugins/UniTask/Runtime/Internal/PlayerLoopRunner.cs.meta","254","2026-04-14T13:46:48.0000000Z","2da27b63381d6151793b625a20954e6f83ca3f4cb909f9e9ffef39e56e9e399c"
"Assets/Plugins/UniTask/Runtime/Internal/PooledDelegate.cs","1318","2026-04-14T13:46:48.0000000Z","5286bbd6c7f402af69b544fa9c0be53281c1c65a82d9d5f2ece65fcf14137e31"
"Assets/Plugins/UniTask/Runtime/Internal/PooledDelegate.cs.meta","254","2026-04-14T13:46:48.0000000Z","54344fb92ba9d8f3ee18e82af76eb02717d8243af40d26b425c90784cfa48be5"
"Assets/Plugins/UniTask/Runtime/Internal/RuntimeHelpersAbstraction.cs","2265","2026-04-14T13:46:48.0000000Z","e8e6194750f7aaaf6937392c782fd232d286f173954d8005be6fed7c1541ba33"
"Assets/Plugins/UniTask/Runtime/Internal/RuntimeHelpersAbstraction.cs.meta","275","2026-04-14T13:46:48.0000000Z","32041d3c6a18f592d779aecab5c6a8c863cc7183af4d783e64edcc77960d64fc"
"Assets/Plugins/UniTask/Runtime/Internal/StatePool.cs","4329","2026-04-14T13:46:48.0000000Z","f1b0ab543109d5382ac35ee5e937737d2f6664bcfc75e345587adcaa19a70772"
"Assets/Plugins/UniTask/Runtime/Internal/StatePool.cs.meta","254","2026-04-14T13:46:48.0000000Z","bfbcc12c0a7945c3f3758e85e0a24daabbe08d10826fb09919edfb4e7ad9bdc3"
"Assets/Plugins/UniTask/Runtime/Internal/TaskTracker.cs","6112","2026-04-14T13:46:48.0000000Z","c8f5c2c484b5e79d6d332b3a8863f1c96188322bb98d8ede261db9e81e0e7b07"
"Assets/Plugins/UniTask/Runtime/Internal/TaskTracker.cs.meta","254","2026-04-14T13:46:48.0000000Z","17d3e44281a6ec484187dbf42f2922160f21ddd61d73a60e7043723e68318682"
"Assets/Plugins/UniTask/Runtime/Internal/UnityEqualityComparer.cs","11292","2026-04-14T13:46:48.0000000Z","c444d5f060798df20e3e9bd3f80c1ee88d410eb8be98ebde5297d44820f84a11"
"Assets/Plugins/UniTask/Runtime/Internal/UnityEqualityComparer.cs.meta","254","2026-04-14T13:46:48.0000000Z","9235e68b5ac94dfeb4d704f2bed9cdcda661bfc124c3d6a44eac836d9320da16"
"Assets/Plugins/UniTask/Runtime/Internal/UnityWebRequestExtensions.cs","867","2026-04-14T13:46:48.0000000Z","2735c8e13e6d2cf4c3f465d5908fe30e059e1cb1f91dee5939c15a97e4d99ed9"
"Assets/Plugins/UniTask/Runtime/Internal/UnityWebRequestExtensions.cs.meta","254","2026-04-14T13:46:48.0000000Z","0c49954a47cba124d5923b6fcce45f2bbb70cf5247824c2576d40605d9cfc6a5"
"Assets/Plugins/UniTask/Runtime/Internal/ValueStopwatch.cs","1113","2026-04-14T13:46:48.0000000Z","0c9a0b51ba0a8aeead4c98971325d12d1717ca4d917e97ddcfd62b9defce79b2"
"Assets/Plugins/UniTask/Runtime/Internal/ValueStopwatch.cs.meta","254","2026-04-14T13:46:48.0000000Z","a86277a243e4702297314ad52c74a3e90304477ae11668687fe0940f86665e63"
"Assets/Plugins/UniTask/Runtime/Internal/WeakDictionary.cs","9956","2026-04-14T13:46:48.0000000Z","87bab4267c0c236ae3e5a147ed4d97c07361b2ff37aeb193f3c99795af3721b6"
"Assets/Plugins/UniTask/Runtime/Internal/WeakDictionary.cs.meta","254","2026-04-14T13:46:48.0000000Z","e4da4fab6f271a4e5ece11880910c5aac2d0d4ea895f76dd08cc45bf4b229fdc"
"Assets/Plugins/UniTask/Runtime/IUniTaskAsyncEnumerable.cs","3180","2026-04-14T13:46:48.0000000Z","e749a6cab6bd3b3e01e4d71a5abd9f3f5cced3d3ffa703c359061310e930056f"
"Assets/Plugins/UniTask/Runtime/IUniTaskAsyncEnumerable.cs.meta","254","2026-04-14T13:46:48.0000000Z","9e70933d462f5b83a267859e9c302d27dc90957d911320880779011328b6f711"
"Assets/Plugins/UniTask/Runtime/IUniTaskSource.cs","4406","2026-04-14T13:46:48.0000000Z","90bd65ac67679c0c662b8108ecd1b74f5f7ea71fa0d2e32aadf3e0c3029e77c6"
"Assets/Plugins/UniTask/Runtime/IUniTaskSource.cs.meta","254","2026-04-14T13:46:48.0000000Z","5e5cb71aaba98d1e86c2416377de4cf548585a5562ae94a6ba60e3c9b7e9149e"
"Assets/Plugins/UniTask/Runtime/Linq.meta","180","2026-04-14T13:46:48.0000000Z","b28ad8b024c6e02b264697be8982a41d504e0a676cde09092fc21fc25e820da3"
"Assets/Plugins/UniTask/Runtime/Linq/Aggregate.cs","13543","2026-04-14T13:46:48.0000000Z","20a04f5aec700d0bdc868cd24bedcaadd80aff1a9af61e58d533b9ae55916b6c"
"Assets/Plugins/UniTask/Runtime/Linq/Aggregate.cs.meta","254","2026-04-14T13:46:48.0000000Z","f698ac473028c6f36b0f3f6e2ef177bb3aa4e6a6d33efd6d152167e81f8276e2"
"Assets/Plugins/UniTask/Runtime/Linq/All.cs","3912","2026-04-14T13:46:48.0000000Z","b7ce063d95fac7bd2eb1e3d048d70f28f68b822228df86883a838bf14882629d"
"Assets/Plugins/UniTask/Runtime/Linq/All.cs.meta","254","2026-04-14T13:46:48.0000000Z","8a07d5b59c4390ec8f1866035ca050056ef8ee78ea945858d90e0fbb4b4d1004"
"Assets/Plugins/UniTask/Runtime/Linq/Any.cs","4814","2026-04-14T13:46:48.0000000Z","e39ac89c4625bc4801b70563fa4a1501d816a2847d2864081b8e658dce526342"
"Assets/Plugins/UniTask/Runtime/Linq/Any.cs.meta","254","2026-04-14T13:46:48.0000000Z","295226c3c338025da82cc77670fcf06e66d6226fa174a78579d3a031dc7f5782"
"Assets/Plugins/UniTask/Runtime/Linq/AppendPrepend.cs","5170","2026-04-14T13:46:48.0000000Z","03191c3af2bc1d7f3534d881ca3d9a133e4d75bdad409b0992724cbbf7a48726"
"Assets/Plugins/UniTask/Runtime/Linq/AppendPrepend.cs.meta","254","2026-04-14T13:46:48.0000000Z","ed866e1e379dfd216325368484b1a9b860f29b5d75719f6e8a82429e40af606d"
"Assets/Plugins/UniTask/Runtime/Linq/AsUniTaskAsyncEnumerable.cs","305","2026-04-14T13:46:48.0000000Z","7340d6ba15b6eb4f004769356612b84601864b19270f237e05465a6ed9fb116e"
"Assets/Plugins/UniTask/Runtime/Linq/AsUniTaskAsyncEnumerable.cs.meta","254","2026-04-14T13:46:48.0000000Z","1eff618b2725b58dbf7c640235ee42767a691de77357b41dae30a5db51bcae63"
"Assets/Plugins/UniTask/Runtime/Linq/AsyncEnumeratorBase.cs","11671","2026-04-14T13:46:48.0000000Z","d1146fc81a250df9835fc7d3a518c6d6a17a8e49327ecd57e1dd570642911a7f"
"Assets/Plugins/UniTask/Runtime/Linq/AsyncEnumeratorBase.cs.meta","254","2026-04-14T13:46:48.0000000Z","6974ba214b360702c58ceb9a5066755b29e4816798369d91a9ea450e2db41217"
"Assets/Plugins/UniTask/Runtime/Linq/Average.cs","53889","2026-04-14T13:46:48.0000000Z","3c5a2373878706375dd5d40ba1998d8ed169d807a29ed6b848f8c67d14b9cb9a"
"Assets/Plugins/UniTask/Runtime/Linq/Average.cs.meta","254","2026-04-14T13:46:48.0000000Z","fbf33bb6baa61efdcfbcc375a9af24285a81d7e6c6a5150e82facf3ec1e2dd24"
"Assets/Plugins/UniTask/Runtime/Linq/Buffer.cs","11890","2026-04-14T13:46:48.0000000Z","8547e8cf4ce423423a62d9bc422485dc6c642d43056c5e8756d6ff391533618e"
"Assets/Plugins/UniTask/Runtime/Linq/Buffer.cs.meta","254","2026-04-14T13:46:48.0000000Z","8231c941ba219f61c320299d469f95cf3c357f4f1819bdc6ce8e455501fc01e3"
"Assets/Plugins/UniTask/Runtime/Linq/Cast.cs","1586","2026-04-14T13:46:48.0000000Z","d5e55638582259752263a235fa0e507ebf0196e7779dda75af20bf0379bee322"
"Assets/Plugins/UniTask/Runtime/Linq/Cast.cs.meta","254","2026-04-14T13:46:48.0000000Z","c6c4fec6f26d870197ee784219676bb85d69de1f299b37e23eb824092e3deaa0"
"Assets/Plugins/UniTask/Runtime/Linq/CombineLatest.cs","452562","2026-04-14T13:46:48.0000000Z","1a1da262e48f3f021a3ff7e6cf4bdc35bcb7ccce4ec9202ee8a1fea99571703c"
"Assets/Plugins/UniTask/Runtime/Linq/CombineLatest.cs.meta","254","2026-04-14T13:46:48.0000000Z","a71eaa53ab34c25e94935926e1f949386ae156068557d0459d4777b3c2c5aa5b"
"Assets/Plugins/UniTask/Runtime/Linq/Concat.cs","5610","2026-04-14T13:46:48.0000000Z","fee451507dd724f9da5ad8699d53f893da324b01b9dd88f34d0d9a229cfe5609"
"Assets/Plugins/UniTask/Runtime/Linq/Concat.cs.meta","254","2026-04-14T13:46:48.0000000Z","5543c106a1b773b8a04ac54c1e5d0bacf40fa2ddcf80040f49ce6e3a779d6474"
"Assets/Plugins/UniTask/Runtime/Linq/Contains.cs","1816","2026-04-14T13:46:48.0000000Z","ab7584ddef5e17ed5003555e6e638b47b25cde19b5dd816ad38c9ac8342d70e7"
"Assets/Plugins/UniTask/Runtime/Linq/Contains.cs.meta","254","2026-04-14T13:46:48.0000000Z","aed590de92c02e063a4a60baa80334e4578084425b7324d1ebfcd279506aa8a7"
"Assets/Plugins/UniTask/Runtime/Linq/Count.cs","4975","2026-04-14T13:46:48.0000000Z","84f67c891904e07fcbb360f36e8c63c1ae87e9feb51c159cba22183ef7eb90c5"
"Assets/Plugins/UniTask/Runtime/Linq/Count.cs.meta","254","2026-04-14T13:46:48.0000000Z","956fcfd22fb810d959c93dbccc65d5ebbec397877cfe4a4a744d1a43123818ce"
"Assets/Plugins/UniTask/Runtime/Linq/Create.cs","5776","2026-04-14T13:46:48.0000000Z","6afba444c7eeca12842890cd69204b928dcf9156c3006b83a0420686d107f3f5"
"Assets/Plugins/UniTask/Runtime/Linq/Create.cs.meta","254","2026-04-14T13:46:48.0000000Z","dafa6f8703fe3bda76294c2e861e5ebacf5575423c448ed5db5c6332f184bf5a"
"Assets/Plugins/UniTask/Runtime/Linq/DefaultIfEmpty.cs","4886","2026-04-14T13:46:48.0000000Z","38db02131e7bff51dc4371a0e0ad088c0fcdf9c6599dd03d59be8e96349887ff"
"Assets/Plugins/UniTask/Runtime/Linq/DefaultIfEmpty.cs.meta","254","2026-04-14T13:46:48.0000000Z","236a8f3837e37fdcd983c477d8331121181f26f9e7ae0a7aeb25495a027cc9a5"
"Assets/Plugins/UniTask/Runtime/Linq/Distinct.cs","11372","2026-04-14T13:46:48.0000000Z","4ec11bb952b215cbdf876672e1209e65afec8333d0d46a531408580aa482b419"
"Assets/Plugins/UniTask/Runtime/Linq/Distinct.cs.meta","254","2026-04-14T13:46:48.0000000Z","401910b6711aa012babeaf6b51acc0363247478f4533362e488bb121469234b1"
"Assets/Plugins/UniTask/Runtime/Linq/DistinctUntilChanged.cs","27023","2026-04-14T13:46:48.0000000Z","d6cea88cb7c03fb49b3073d7017c9e1e1875b79fdfa81a0a5e9d3170e1aaa945"
"Assets/Plugins/UniTask/Runtime/Linq/DistinctUntilChanged.cs.meta","254","2026-04-14T13:46:48.0000000Z","95344ee509b1a6077f012f210e85dcc271fa1f220811f70a28b5235ca49e7210"
"Assets/Plugins/UniTask/Runtime/Linq/Do.cs","10252","2026-04-14T13:46:48.0000000Z","92474536dfb695ab354691920d49e0de08122b8daf8143e64f933042e6c055d8"
"Assets/Plugins/UniTask/Runtime/Linq/Do.cs.meta","254","2026-04-14T13:46:48.0000000Z","b4523602e7b49e01baa0ec8aab43a1226e46f479299821b045d3d1a4cfc74e1e"
"Assets/Plugins/UniTask/Runtime/Linq/ElementAt.cs","1930","2026-04-14T13:46:48.0000000Z","20e9b02d818d7e3921dd17292f6b24da216714d95f8a9d31faba3907588b0174"
"Assets/Plugins/UniTask/Runtime/Linq/ElementAt.cs.meta","254","2026-04-14T13:46:48.0000000Z","397444cc2ed3da7fcec02deb152473539fcf9755a648a05407f1e867f3139410"
"Assets/Plugins/UniTask/Runtime/Linq/Empty.cs","1163","2026-04-14T13:46:48.0000000Z","5670a171b5c4cb0eb4107309ce56d135a3905c0da93579db37383b2b8f44d55a"
"Assets/Plugins/UniTask/Runtime/Linq/Empty.cs.meta","254","2026-04-14T13:46:48.0000000Z","36c6beb52deb8ead24b778666b59e5042634c91b20c4557406104045179415d0"
"Assets/Plugins/UniTask/Runtime/Linq/Except.cs","4186","2026-04-14T13:46:48.0000000Z","a126040eed9807a0cac0c58f2c2ec3b1936a02c79f8bff8ce4c79d4bc070da8e"
"Assets/Plugins/UniTask/Runtime/Linq/Except.cs.meta","254","2026-04-14T13:46:48.0000000Z","824c849e9c5911f0d0af767b6d2e757be9ef39949d2ef44a8c529bf906466b40"
"Assets/Plugins/UniTask/Runtime/Linq/First.cs","7673","2026-04-14T13:46:48.0000000Z","ddaf3db26d2b4f1447f260ba4ace5bcbc38e1b636da30e886a00c2ea9db0c0d6"
"Assets/Plugins/UniTask/Runtime/Linq/First.cs.meta","254","2026-04-14T13:46:48.0000000Z","d8ab68530f7e19ea48e75b8f5aeb92125f36e7f475ef87c57f3e225c78d6e2e4"
"Assets/Plugins/UniTask/Runtime/Linq/ForEach.cs","8022","2026-04-14T13:46:48.0000000Z","fd82d312513d52b35f4672114284cbb7dd7ab2f6d5ed5fbcce4ae8e588f48424"
"Assets/Plugins/UniTask/Runtime/Linq/ForEach.cs.meta","254","2026-04-14T13:46:48.0000000Z","e860d08e32237efb950d2934b2cc8aa1fef311691187f873f6d7a97483634814"
"Assets/Plugins/UniTask/Runtime/Linq/GroupBy.cs","45925","2026-04-14T13:46:48.0000000Z","5015635a7c0dd70f9dd7a372c6d73c7641311f192c5b58aa60bf86f9eb7fb1b8"
"Assets/Plugins/UniTask/Runtime/Linq/GroupBy.cs.meta","254","2026-04-14T13:46:48.0000000Z","132731e00acd5479ca8523dcda06eff5707260f73a7695a774b4043e5e5ba339"
"Assets/Plugins/UniTask/Runtime/Linq/GroupJoin.cs","28149","2026-04-14T13:46:48.0000000Z","614ada2dd3bcc2c47f18892eecb0893a2d674516a6a7c52561a9cff20edd381d"
"Assets/Plugins/UniTask/Runtime/Linq/GroupJoin.cs.meta","254","2026-04-14T13:46:48.0000000Z","1d1554b4adc56245680a88564e0bd09c69f8c666fed0368d95e3077d54df46bb"
"Assets/Plugins/UniTask/Runtime/Linq/Intersect.cs","4221","2026-04-14T13:46:48.0000000Z","867c91d7826acf15c5a3dad1f56d67a7b4d3574b6681e3e2920bda38aae07c0d"
"Assets/Plugins/UniTask/Runtime/Linq/Intersect.cs.meta","254","2026-04-14T13:46:48.0000000Z","95139e4df52b341924dd790d6a1253d9d4106011ae616173915937ac999cab5c"
"Assets/Plugins/UniTask/Runtime/Linq/Join.cs","31447","2026-04-14T13:46:48.0000000Z","6ae5612e13e7af10e00a45211b0cc90840ab6e3b2817e0da4df5311a000fc76d"
"Assets/Plugins/UniTask/Runtime/Linq/Join.cs.meta","254","2026-04-14T13:46:48.0000000Z","73b0a8e94644b537d33440e391ff6f05a1926adba7abb8af9945d220a4fbc0fd"
"Assets/Plugins/UniTask/Runtime/Linq/Last.cs","8781","2026-04-14T13:46:48.0000000Z","5778d5ae887cb36967d42eacf1d4e28519fb11edaaa6e7e5d7c27ed869208098"
"Assets/Plugins/UniTask/Runtime/Linq/Last.cs.meta","254","2026-04-14T13:46:48.0000000Z","ea6fcfac4bedc68f8c408310c3e4c3ed3290c8e80076fea97e7c33cc957a5fcc"
"Assets/Plugins/UniTask/Runtime/Linq/LongCount.cs","5047","2026-04-14T13:46:48.0000000Z","c9a06aff1987727d38c3b3d195d6a6bb27439907e4a109e25bb47b5df626d2f7"
"Assets/Plugins/UniTask/Runtime/Linq/LongCount.cs.meta","254","2026-04-14T13:46:48.0000000Z","1302a366c99aec398b1fa7e3e47e6494e0d7d1f70da2c86891da0eb007cbe81f"
"Assets/Plugins/UniTask/Runtime/Linq/Max.cs","6565","2026-04-14T13:46:48.0000000Z","309a75c1dc97d6a5cd5ed4560f9eee72d468bcf54a82dcb5179fdd8c51eabbfc"
"Assets/Plugins/UniTask/Runtime/Linq/Max.cs.meta","254","2026-04-14T13:46:48.0000000Z","a28f526bfce52d539d1541a46604cb0306bbb37974efddfa359ce4a00aecb568"
"Assets/Plugins/UniTask/Runtime/Linq/Merge.cs","8565","2026-04-14T13:46:48.0000000Z","cbc4b585e0ca359698a9feb55ddae128a9af92f2365e72f5377a7936ea3039a4"
"Assets/Plugins/UniTask/Runtime/Linq/Merge.cs.meta","85","2026-04-14T13:46:48.0000000Z","88bc9629adc33ed76f9eef4ed2a9513876c983d5d9baa57a78e1c36a6d25d3d5"
"Assets/Plugins/UniTask/Runtime/Linq/Min.cs","6565","2026-04-14T13:46:48.0000000Z","ba04ae707a98ee0d2c001265b8d45c1abc5640c74811f9221dba8a565f828fb0"
"Assets/Plugins/UniTask/Runtime/Linq/Min.cs.meta","254","2026-04-14T13:46:48.0000000Z","c1420c99e71feef711dde784c1f89cfab3339bd8b42e3509c5043cc850347c44"
"Assets/Plugins/UniTask/Runtime/Linq/MinMax.cs","125086","2026-04-14T13:46:48.0000000Z","05eb5dace634027ecbaa83ee1763ad8236ad1b679f7120f3f782e86ab8580b31"
"Assets/Plugins/UniTask/Runtime/Linq/MinMax.cs.meta","254","2026-04-14T13:46:48.0000000Z","c5dcfa146a1ecbc282977c50f2729a5900e4e76b32c2d8a2c93b20a68948f5b1"
"Assets/Plugins/UniTask/Runtime/Linq/Never.cs","1527","2026-04-14T13:46:48.0000000Z","f1f87a73d3cd6879886515369bfbfb95296cbb61e9d295023d48e6c8a223d95e"
"Assets/Plugins/UniTask/Runtime/Linq/Never.cs.meta","254","2026-04-14T13:46:48.0000000Z","9ca4ddef761105609638f2532dc80e86971f0aad80654e9d50a8ae771233744d"
"Assets/Plugins/UniTask/Runtime/Linq/OfType.cs","1862","2026-04-14T13:46:48.0000000Z","c9b331ae43bdcc215d8b6dd8949b478bb99997784cfc357c828c761a17793092"
"Assets/Plugins/UniTask/Runtime/Linq/OfType.cs.meta","254","2026-04-14T13:46:48.0000000Z","44218ae2d251515406b689e358b7e4027463b4bf7fd289b576b86c8cfb712c8f"
"Assets/Plugins/UniTask/Runtime/Linq/OrderBy.cs","26875","2026-04-14T13:46:48.0000000Z","f97c90c15ee1b38840e4fffa5ad1c7ba9b674fa4f822a9974bf47e49ecb12427"
"Assets/Plugins/UniTask/Runtime/Linq/OrderBy.cs.meta","254","2026-04-14T13:46:48.0000000Z","1c46cc9d06befd626050ca8edb14e4217f570edd0b756ba84b42c40e4601d7b4"
"Assets/Plugins/UniTask/Runtime/Linq/Pairwise.cs","4343","2026-04-14T13:46:48.0000000Z","82450145528f9ded3c7bb5f5e515af634fee2a9db4070a27064ae6246e5c0b37"
"Assets/Plugins/UniTask/Runtime/Linq/Pairwise.cs.meta","254","2026-04-14T13:46:48.0000000Z","7f23832abf437f4c2e3bddc99f464d1ff8a8f8959ac65468af4a9e8e101abc4d"
"Assets/Plugins/UniTask/Runtime/Linq/Publish.cs","5693","2026-04-14T13:46:48.0000000Z","223e209b245987baa2f51839d37b2a9fc7791515ad4ec2cd15980331a1123b74"
"Assets/Plugins/UniTask/Runtime/Linq/Publish.cs.meta","254","2026-04-14T13:46:48.0000000Z","2c2aadb71e8d8798fd6609c4812ffc839d126f68a9fd198a12452d8e4c3001e5"
"Assets/Plugins/UniTask/Runtime/Linq/Queue.cs","3508","2026-04-14T13:46:48.0000000Z","3cb731e9ffc640a8a64ada8c49656851c1584f7d02c296a53668fa7ab650ced5"
"Assets/Plugins/UniTask/Runtime/Linq/Queue.cs.meta","254","2026-04-14T13:46:48.0000000Z","4620358518570cb0fe9424e0bfb7ddb48b22e3e880e492b099f41947b2e1d817"
"Assets/Plugins/UniTask/Runtime/Linq/Range.cs","2124","2026-04-14T13:46:48.0000000Z","2b46dffd0201356ab1354d39f3169d03abac01f32865fa97538f88c32c5afc47"
"Assets/Plugins/UniTask/Runtime/Linq/Range.cs.meta","254","2026-04-14T13:46:48.0000000Z","9576b21ed0012686e6a36cdebe83f90cac9b255068016912c3a14573200e850b"
"Assets/Plugins/UniTask/Runtime/Linq/Repeat.cs","1979","2026-04-14T13:46:48.0000000Z","b1a6ece1e47056ec9f09e1db8a771f3a5cb33285990f511ee387b1f2c144de02"
"Assets/Plugins/UniTask/Runtime/Linq/Repeat.cs.meta","254","2026-04-14T13:46:48.0000000Z","89f4bab0a2967ad9206adc76263b1816f31e4b17c804a28645eb110b120ede2e"
"Assets/Plugins/UniTask/Runtime/Linq/Return.cs","1695","2026-04-14T13:46:48.0000000Z","db6d6a3f27b7d9be8a4c2bb8862975dcf4bedc4d0d5072b20345ce03a880dc4d"
"Assets/Plugins/UniTask/Runtime/Linq/Return.cs.meta","254","2026-04-14T13:46:48.0000000Z","afe04e298732abca0d68f7e196dfa73ac0d07522dae8200a6432bc7558c719ae"
"Assets/Plugins/UniTask/Runtime/Linq/Reverse.cs","2510","2026-04-14T13:46:48.0000000Z","baed7850095735ebe17f3e130923cb85a0ba54859c8fc97433d2ea5320e533a6"
"Assets/Plugins/UniTask/Runtime/Linq/Reverse.cs.meta","254","2026-04-14T13:46:48.0000000Z","7034c396aea3442b862ecfee2762e019752e7d8d76520071b7461e27548fb6fb"
"Assets/Plugins/UniTask/Runtime/Linq/Select.cs","29396","2026-04-14T13:46:48.0000000Z","f48aa112edef0623347c8dad0c68535f7042587c90b6ded688f6a47d50757d19"
"Assets/Plugins/UniTask/Runtime/Linq/Select.cs.meta","254","2026-04-14T13:46:48.0000000Z","32081cac6649c01077a1268f5002b911ac82012b5c41e1692914cc8dafab0956"
"Assets/Plugins/UniTask/Runtime/Linq/SelectMany.cs","39659","2026-04-14T13:46:48.0000000Z","503f618ab8559e8c8a8f2a656ca2e231b5e2eb180e72f4efb36ef4b4d2d7876c"
"Assets/Plugins/UniTask/Runtime/Linq/SelectMany.cs.meta","254","2026-04-14T13:46:48.0000000Z","601bb6095c53b9d69ec88d4a316c89159dcd5ea10b161d6f43c35f13346b4ced"
"Assets/Plugins/UniTask/Runtime/Linq/SequenceEqual.cs","3382","2026-04-14T13:46:48.0000000Z","7f8e4e19abeca614d5962abfbdc688b8a666d8ae701a8851f82498bd6601aa1e"
"Assets/Plugins/UniTask/Runtime/Linq/SequenceEqual.cs.meta","254","2026-04-14T13:46:48.0000000Z","1b2c56542bd1a66b6cec52e6067fcc16b641c2434ca6fe907263a4dfc190df2a"
"Assets/Plugins/UniTask/Runtime/Linq/Single.cs","8891","2026-04-14T13:46:48.0000000Z","d66aee27bfdcbf711f573426f6aacdc7735541b8732cb8167f9693299960eeff"
"Assets/Plugins/UniTask/Runtime/Linq/Single.cs.meta","254","2026-04-14T13:46:48.0000000Z","86e5642bf535b6484fca59149884d788940cba2e13b221766549dbefe673dd37"
"Assets/Plugins/UniTask/Runtime/Linq/Skip.cs","2126","2026-04-14T13:46:48.0000000Z","dffab80849978addcac15ba0b37154ad5d55bb67599fdddd5e80cdc329a9d1e8"
"Assets/Plugins/UniTask/Runtime/Linq/Skip.cs.meta","254","2026-04-14T13:46:48.0000000Z","5abc3ca55653d710219453af326feae6078ee6d19a448218b2aea5e2fcfe5026"
"Assets/Plugins/UniTask/Runtime/Linq/SkipLast.cs","5208","2026-04-14T13:46:48.0000000Z","b4315375dd9fcd013f40a18cfb7f10b5512ab446776ae59d4f73c6ac9228fc59"
"Assets/Plugins/UniTask/Runtime/Linq/SkipLast.cs.meta","254","2026-04-14T13:46:48.0000000Z","d2283e252b3f68d82188f093486b9c25038187bf4b515638eca6ad0edbad2888"
"Assets/Plugins/UniTask/Runtime/Linq/SkipUntil.cs","6546","2026-04-14T13:46:48.0000000Z","8d6592b956c8b332df3e94e997e172487c6badbd2e0186ab848d3b0090fccf14"
"Assets/Plugins/UniTask/Runtime/Linq/SkipUntil.cs.meta","254","2026-04-14T13:46:48.0000000Z","25c81e1126ee822d9a35dcaea6ce6a669cdd512c3134598170f7ccdf337c1d35"
"Assets/Plugins/UniTask/Runtime/Linq/SkipUntilCanceled.cs","6687","2026-04-14T13:46:48.0000000Z","033a93a115d326c3811f46cf827f80d17b755869ca8f2fd8ccf6c0d4c349d393"
"Assets/Plugins/UniTask/Runtime/Linq/SkipUntilCanceled.cs.meta","254","2026-04-14T13:46:48.0000000Z","6b207116274c7062b62c7497065d0d16300518e432bb8af67021e08bf8147206"
"Assets/Plugins/UniTask/Runtime/Linq/SkipWhile.cs","14297","2026-04-14T13:46:48.0000000Z","d6460f51a83332be89af0bd8c35624f95784e91dd44dab0c439e0b8ced8a7f9a"
"Assets/Plugins/UniTask/Runtime/Linq/SkipWhile.cs.meta","254","2026-04-14T13:46:48.0000000Z","870e82e3cb02cd51396146b0e248fee16594cd83f7a2587e030dab62929d0f58"
"Assets/Plugins/UniTask/Runtime/Linq/Subscribe.cs","23507","2026-04-14T13:46:48.0000000Z","cf7f294618c98cec89823712bc923d65d29642234367ece10aeaaa7a5f78df78"
"Assets/Plugins/UniTask/Runtime/Linq/Subscribe.cs.meta","254","2026-04-14T13:46:48.0000000Z","66fb7256a2a6d99f56721bbb74ac874315f0522e7f425d5a459c3c1dd1a0b3a4"
"Assets/Plugins/UniTask/Runtime/Linq/Sum.cs","44809","2026-04-14T13:46:48.0000000Z","8dc78686eba77777f5e9c05bbec877adb68e84b39ee2a655a82222694f24c01b"
"Assets/Plugins/UniTask/Runtime/Linq/Sum.cs.meta","254","2026-04-14T13:46:48.0000000Z","3ffec5b7b1b7885630c79047d8b1a230cbfaab24b154d715397721d3076c93de"
"Assets/Plugins/UniTask/Runtime/Linq/Take.cs","4028","2026-04-14T13:46:48.0000000Z","bea014b74cf96be8698882c929aa338087ebf4647a62c7598b73f438e38ed052"
"Assets/Plugins/UniTask/Runtime/Linq/Take.cs.meta","254","2026-04-14T13:46:48.0000000Z","d4618b92d4b0629dc20c640f5be14ccf99c7da5bd1b492d656e1062b3dd40b0f"
"Assets/Plugins/UniTask/Runtime/Linq/TakeLast.cs","5716","2026-04-14T13:46:48.0000000Z","d3bb0a7e3cbf9d9673b35d5bf69741b7b8e430f1785959d627f55c8acb3a953c"
"Assets/Plugins/UniTask/Runtime/Linq/TakeLast.cs.meta","254","2026-04-14T13:46:48.0000000Z","b9205331dc844f4518136e3e06f5f46e3f3900289c0ab80f97ac9731e5c9cd03"
"Assets/Plugins/UniTask/Runtime/Linq/TakeUntil.cs","6683","2026-04-14T13:46:48.0000000Z","637d98a8d1b6e5c045d43f344976f9895ac4990ee592b2bf3681c7f1a453ff47"
"Assets/Plugins/UniTask/Runtime/Linq/TakeUntil.cs.meta","254","2026-04-14T13:46:48.0000000Z","cdb90b07e93ea0e1bd661783911d7ce13b6bb89c1d28775ffa34f7895ddf30b1"
"Assets/Plugins/UniTask/Runtime/Linq/TakeUntilCanceled.cs","6269","2026-04-14T13:46:48.0000000Z","056ae939d7ea273702755d73e887014d7186784c01df8bb3e6718cf7f6acc12f"
"Assets/Plugins/UniTask/Runtime/Linq/TakeUntilCanceled.cs.meta","254","2026-04-14T13:46:48.0000000Z","da0f6e8f3c56ba84a18f34fdbda85b8fd37117ca52d54bed98d2eeb72e1b6e36"
"Assets/Plugins/UniTask/Runtime/Linq/TakeWhile.cs","13358","2026-04-14T13:46:48.0000000Z","482ede7e63c06904ed84a5ad31c84157593bdd1ec58970009d82ba359dcbe5b6"
"Assets/Plugins/UniTask/Runtime/Linq/TakeWhile.cs.meta","254","2026-04-14T13:46:48.0000000Z","5f90a63061af09278d61ca5532c18b7f7f41feb77e26d2ae3e251fcf955b0d91"
"Assets/Plugins/UniTask/Runtime/Linq/Throw.cs","1559","2026-04-14T13:46:48.0000000Z","8feb4e0d78534f3b402ee57275059825e0b1d6308d2fdbad035fa5807ef5aab5"
"Assets/Plugins/UniTask/Runtime/Linq/Throw.cs.meta","254","2026-04-14T13:46:48.0000000Z","a14d0a8ad889284ef738abfc63c11be17df3cd5b03b320da66b2e31170c4696b"
"Assets/Plugins/UniTask/Runtime/Linq/ToArray.cs","1947","2026-04-14T13:46:48.0000000Z","5de6a3cda0634e132f3418db4b8c961ead747933d908cae47bbe2e9caae937e4"
"Assets/Plugins/UniTask/Runtime/Linq/ToArray.cs.meta","254","2026-04-14T13:46:48.0000000Z","b02cd507ab306a63d94ea257e864da7ad2c35dc9bcf3c1f5532ee11a8bcf8791"
"Assets/Plugins/UniTask/Runtime/Linq/ToDictionary.cs","14194","2026-04-14T13:46:48.0000000Z","fcd9cd1cbe0afb279e0cd0fd5d8486a65a7d46a8f4ee64f579dd1bc678ea5d5a"
"Assets/Plugins/UniTask/Runtime/Linq/ToDictionary.cs.meta","254","2026-04-14T13:46:48.0000000Z","f889c730d7e1bf975ae4030011c23b738d33e0b9d79ea9a952f36c6c4a9d0832"
"Assets/Plugins/UniTask/Runtime/Linq/ToHashSet.cs","1868","2026-04-14T13:46:48.0000000Z","7026f5fb7ef57c518af7fd126dacd3b39f2324c4426df514021d9017d07c0121"
"Assets/Plugins/UniTask/Runtime/Linq/ToHashSet.cs.meta","254","2026-04-14T13:46:48.0000000Z","a7db702a5bdc7cd9620b8b6b221c8a82e818972a42496e0ce0e9d2c4bf91d035"
"Assets/Plugins/UniTask/Runtime/Linq/ToList.cs","1280","2026-04-14T13:46:48.0000000Z","f8bc99db4ec577735deccc0fb153cc97e2645751ab843009d548da3f001879ac"
"Assets/Plugins/UniTask/Runtime/Linq/ToList.cs.meta","254","2026-04-14T13:46:48.0000000Z","56292c0f2686982af0f554a0ac6a0600d05086d5e7d5616f3201dab64e025b28"
"Assets/Plugins/UniTask/Runtime/Linq/ToLookup.cs","24990","2026-04-14T13:46:48.0000000Z","4d1d23c983e1c6de3b2e9a3a21e588f2e89a021a704dfe1afc54818da09df899"
"Assets/Plugins/UniTask/Runtime/Linq/ToLookup.cs.meta","254","2026-04-14T13:46:48.0000000Z","161ab4e5e39308b95715fa34e5e8c46c79279f289fb41495a556060fb483f7b8"
"Assets/Plugins/UniTask/Runtime/Linq/ToObservable.cs","2848","2026-04-14T13:46:48.0000000Z","cfbf8a8836d1ea698860c64067c2abd6dc29f6c728206ce7f14a57e62c821fec"
"Assets/Plugins/UniTask/Runtime/Linq/ToObservable.cs.meta","254","2026-04-14T13:46:48.0000000Z","804ec043aae1f7d61312b785b79af1097b9ec7c47def46ffe77e4f76c425120f"
"Assets/Plugins/UniTask/Runtime/Linq/ToUniTaskAsyncEnumerable.cs","12496","2026-04-14T13:46:48.0000000Z","66228b44001f4ed50cc09df977aad2f40c00df1023bf7f9bc7034a758e167ae2"
"Assets/Plugins/UniTask/Runtime/Linq/ToUniTaskAsyncEnumerable.cs.meta","254","2026-04-14T13:46:48.0000000Z","4a834c0c97e931f366e77eb11f67469e97fa073221c8f74ade49f5aa1a1d9079"
"Assets/Plugins/UniTask/Runtime/Linq/Union.cs","1140","2026-04-14T13:46:48.0000000Z","307f0a4c3e5613c56e8badddd561314a2254696b3a355853a4b4065c192bbd22"
"Assets/Plugins/UniTask/Runtime/Linq/Union.cs.meta","254","2026-04-14T13:46:48.0000000Z","23cdae4073f3d993c95c237adf9e24218596a02f222efc90c39fe39a3bc16dc5"
"Assets/Plugins/UniTask/Runtime/Linq/UniTask.Linq.asmdef","357","2026-04-14T13:46:48.0000000Z","e0284f964dcbb47944d5a2f2aad9e39b7fa9b56867d12406501fc563190a3a4e"
"Assets/Plugins/UniTask/Runtime/Linq/UniTask.Linq.asmdef.meta","173","2026-04-14T13:46:48.0000000Z","06bdc6aa99100e53dbaee3c76d37b4acc88f228156f6a7e1b7a06b25d6af56e6"
"Assets/Plugins/UniTask/Runtime/Linq/UnityExtensions.meta","180","2026-04-14T13:46:48.0000000Z","35a14e43a7b6d048bfd419ffb6d80a8cfd3ba4effa2920912c9e95a9fb95c450"
"Assets/Plugins/UniTask/Runtime/Linq/UnityExtensions/EveryUpdate.cs","3574","2026-04-14T13:46:48.0000000Z","c09f995680d7410d1e27177cdf26867693e2a288a1ae6c1be8c2b2cb43e821e4"
"Assets/Plugins/UniTask/Runtime/Linq/UnityExtensions/EveryUpdate.cs.meta","254","2026-04-14T13:46:48.0000000Z","2823943d0193206d5e68a0b01888c2598ab1b5f5a45f05fd74d456f24e43bd65"
"Assets/Plugins/UniTask/Runtime/Linq/UnityExtensions/EveryValueChanged.cs","12181","2026-04-14T13:46:48.0000000Z","596fde9b949296673c827eba56deafe91579b055a8ece3c8fcb365df06cc3482"
"Assets/Plugins/UniTask/Runtime/Linq/UnityExtensions/EveryValueChanged.cs.meta","254","2026-04-14T13:46:48.0000000Z","d3d30e49b8f0175f7fcdc4f5ef6bd8edaa890a58dea45282f371cdaeb84530a4"
"Assets/Plugins/UniTask/Runtime/Linq/UnityExtensions/Timer.cs","14143","2026-04-14T13:46:48.0000000Z","d2f5bf7c1212199b5859cd128f2976b8b40dcdd82f56893274170a2f20e0e70a"
"Assets/Plugins/UniTask/Runtime/Linq/UnityExtensions/Timer.cs.meta","254","2026-04-14T13:46:48.0000000Z","105c1b0ed6d1e8e2a014c5c54d96664fe954b5c8d2af9119e2b52f762b98d98b"
"Assets/Plugins/UniTask/Runtime/Linq/Where.cs","31020","2026-04-14T13:46:48.0000000Z","d75dd1cf2b116e29b768846318824f96a6fc2305cb861e50d7594cdccb111283"
"Assets/Plugins/UniTask/Runtime/Linq/Where.cs.meta","254","2026-04-14T13:46:48.0000000Z","a397b884783066123f64b36380fa78a586c9cd66ad52869daeeba21e9414476b"
"Assets/Plugins/UniTask/Runtime/Linq/Zip.cs","21591","2026-04-14T13:46:48.0000000Z","edfbc96e71600f89beedf62c6d147942916a6a0cbd0d8afc8b42db9677212a81"
"Assets/Plugins/UniTask/Runtime/Linq/Zip.cs.meta","254","2026-04-14T13:46:48.0000000Z","9a71aaad8ba193a21b4d119d0795fabff817883daef7ce41c34ead4536987dea"
"Assets/Plugins/UniTask/Runtime/MoveNextSource.cs","1668","2026-04-14T13:46:48.0000000Z","f40a368a7ee662502f00704e4c368da4f2debe36dc56d730a93d789a44d2e1ed"
"Assets/Plugins/UniTask/Runtime/MoveNextSource.cs.meta","254","2026-04-14T13:46:48.0000000Z","e546c0bdf763fc74a03545099b326f2524d29d3983c5ff09cb9d3612d7e7a960"
"Assets/Plugins/UniTask/Runtime/PlayerLoopHelper.cs","22798","2026-04-14T13:46:48.0000000Z","e08f5e0c2c35a803048fec5cc2291d6005be912ca7564ddc6c83645d139d1286"
"Assets/Plugins/UniTask/Runtime/PlayerLoopHelper.cs.meta","254","2026-04-14T13:46:48.0000000Z","611b37bbe257d925e2744981ea66e6bfdecd12dc4ba5ba65b1385c92ec8fc623"
"Assets/Plugins/UniTask/Runtime/PlayerLoopTimer.cs","8291","2026-04-14T13:46:48.0000000Z","8f7666895be7888a58d96cfbe0d3d09e20cd6246582d5faa1c3ad8724e271bbf"
"Assets/Plugins/UniTask/Runtime/PlayerLoopTimer.cs.meta","254","2026-04-14T13:46:48.0000000Z","82883e36361735cf4fd6381dc6699ce2c5281380478fac092b98d2446923cc9e"
"Assets/Plugins/UniTask/Runtime/Progress.cs","2471","2026-04-14T13:46:48.0000000Z","e9e1476c20718c4c77335a6fcd66eed5fa35723e66f92a94747cf0b3b9178c56"
"Assets/Plugins/UniTask/Runtime/Progress.cs.meta","254","2026-04-14T13:46:48.0000000Z","c25cd043a3bb3c1a1e7ce63be7fb71f264c9ce6c612894511cd5497d341f3f73"
"Assets/Plugins/UniTask/Runtime/TaskPool.cs","3394","2026-04-14T13:46:48.0000000Z","f79b57c24ce8b9f21a0e4465f15a3e6e38cd588a54a30138b45abe93ba950834"
"Assets/Plugins/UniTask/Runtime/TaskPool.cs.meta","254","2026-04-14T13:46:48.0000000Z","f7f9fcc6afbca724a4d3d062e8d0857d2da6e1d6bfea87af4df4635f24bd6527"
"Assets/Plugins/UniTask/Runtime/TimeoutController.cs","4809","2026-04-14T13:46:48.0000000Z","608043da6137e3e8c9daef9568770ca192a5a4dd32a96f7b7dcc9b9328eace58"
"Assets/Plugins/UniTask/Runtime/TimeoutController.cs.meta","254","2026-04-14T13:46:48.0000000Z","5ff3c37877bca18e29cb06daf931e288269276ef2e8d99ef6bfc9745122bb1b8"
"Assets/Plugins/UniTask/Runtime/TriggerEvent.cs","8049","2026-04-14T13:46:48.0000000Z","1a75dfe665d9d1cf7b892223809f9c32b68f21bdf4320eeaa6a2ec7243a23282"
"Assets/Plugins/UniTask/Runtime/TriggerEvent.cs.meta","254","2026-04-14T13:46:48.0000000Z","e543cd75293e94086a0bc264cf05bff4df1dbdd85b9578970e35d3a5edc3ced2"
"Assets/Plugins/UniTask/Runtime/Triggers.meta","180","2026-04-14T13:46:48.0000000Z","d1f5a664387744ab7b678c0366c107c3c54768b3f04e0a7b8899847ff52e4a4d"
"Assets/Plugins/UniTask/Runtime/Triggers/AsyncAwakeTrigger.cs","974","2026-04-14T13:46:48.0000000Z","4d46d7367b7b8fbd6fe58cb8e05dced494facb1d8f057337ba3385166f4483cf"
"Assets/Plugins/UniTask/Runtime/Triggers/AsyncAwakeTrigger.cs.meta","254","2026-04-14T13:46:48.0000000Z","634f677d3d780c48858353b9e8510f443e84711a5512f64763a51c2003cbd53a"
"Assets/Plugins/UniTask/Runtime/Triggers/AsyncDestroyTrigger.cs","2708","2026-04-14T13:46:48.0000000Z","4814fb553d50cff90175c945f98828431b8ba9c3ebc38abf2afabac25d401ade"
"Assets/Plugins/UniTask/Runtime/Triggers/AsyncDestroyTrigger.cs.meta","254","2026-04-14T13:46:48.0000000Z","5eb81268bb3f6a1760fe9d4cbdee2f6f17f0f38629f202cccadcb6ee751ca38e"
"Assets/Plugins/UniTask/Runtime/Triggers/AsyncStartTrigger.cs","1082","2026-04-14T13:46:48.0000000Z","df6e48bc163d37eab4a573a8e2658191dc75029b92928a0ef3d8c29572ef4000"
"Assets/Plugins/UniTask/Runtime/Triggers/AsyncStartTrigger.cs.meta","254","2026-04-14T13:46:48.0000000Z","0ea6e399afbdd2fb95376421c333ee732393c43dda2996c41839f48f048f60ae"
"Assets/Plugins/UniTask/Runtime/Triggers/AsyncTriggerBase.cs","9160","2026-04-14T13:46:48.0000000Z","b6f18feeb4de8c144350aeab1348e39cbf57198a7e216699ac99878e4192cc92"
"Assets/Plugins/UniTask/Runtime/Triggers/AsyncTriggerBase.cs.meta","254","2026-04-14T13:46:48.0000000Z","691524d7229be54c3aaf0f3a9d7638c87d7f19eb63f72195a2504f1d8720ed5d"
"Assets/Plugins/UniTask/Runtime/Triggers/AsyncTriggerExtensions.cs","3308","2026-04-14T13:46:48.0000000Z","c462d48e3ed275a0cff230df1bd17cf1ab3529fc92b4dc7a8b5584a8c810818c"
"Assets/Plugins/UniTask/Runtime/Triggers/AsyncTriggerExtensions.cs.meta","254","2026-04-14T13:46:48.0000000Z","1d84cffcbbce4355b33aaea0897e2c12cda1fefa4ebfa7be999f02001a7a60c4"
"Assets/Plugins/UniTask/Runtime/Triggers/MonoBehaviourMessagesTriggers.cs","154858","2026-04-14T13:46:48.0000000Z","b7722c9a5928caea8bb5bed04c10b81f9e82aef0804924b74fd8a319d6241471"
"Assets/Plugins/UniTask/Runtime/Triggers/MonoBehaviourMessagesTriggers.cs.meta","254","2026-04-14T13:46:48.0000000Z","aa1ff995e8c47be619e4910ca65abc9136c090a7be0f1964ad74287215297326"
"Assets/Plugins/UniTask/Runtime/UniTask.asmdef","1299","2026-04-14T13:46:48.0000000Z","c0f6366fb2f7da4608f702811aed08f632f6b7d4a69451d6f65e79cbcf9f7312"
"Assets/Plugins/UniTask/Runtime/UniTask.asmdef.meta","173","2026-04-14T13:46:48.0000000Z","cff09e5f089c4d1c7a0681721d4da2c08af64cab3584fd054eee4a562c17177a"
"Assets/Plugins/UniTask/Runtime/UniTask.AsValueTask.cs","2856","2026-04-14T13:46:48.0000000Z","1aa8eaacfde11896a4802c575fe0cbaefeb7e084db2fd52d7c45e7405f0cb0f1"
"Assets/Plugins/UniTask/Runtime/UniTask.AsValueTask.cs.meta","254","2026-04-14T13:46:48.0000000Z","83928fcd88f40fb2716622074eab9b9e990f7e1b3e69103c86c0f18e82b1961b"
"Assets/Plugins/UniTask/Runtime/UniTask.Bridge.cs","408","2026-04-14T13:46:48.0000000Z","0e5123307cc47ded5e6e85f462cde47f0d6dd7b0dd2a578533bdfbeb3e59de3c"
"Assets/Plugins/UniTask/Runtime/UniTask.Bridge.cs.meta","254","2026-04-14T13:46:48.0000000Z","a7348ba60f9d419a677a7b265e940c6dd26e2ce591140a7e0c7073a9c8993e4f"
"Assets/Plugins/UniTask/Runtime/UniTask.cs","21645","2026-04-14T13:46:48.0000000Z","2fc00df8bdf103cc2d325471b68dd1e303a76c363f298f1bb93b1b8e90f6ba01"
"Assets/Plugins/UniTask/Runtime/UniTask.cs.meta","254","2026-04-14T13:46:48.0000000Z","bedd2c8204d1c28ab3c23a3b2c4094621473c7b7fde6a92eeca551e0423cd9bf"
"Assets/Plugins/UniTask/Runtime/UniTask.Delay.cs","41637","2026-04-14T13:46:48.0000000Z","d14f244c99422ca4d86201cf25d3fcc57d8bd2baedbdb4aa571558ffd0faf91d"
"Assets/Plugins/UniTask/Runtime/UniTask.Delay.cs.meta","254","2026-04-14T13:46:48.0000000Z","4b89264b5320a9dee068c149fa4cce0ac21bc907829a2d021724dd342a2af4ae"
"Assets/Plugins/UniTask/Runtime/UniTask.Factory.cs","23809","2026-04-14T13:46:48.0000000Z","c3d1ced639c00dca4c858c3614bddf77f98ef19403679e6bed4abcbd6b2bcb80"
"Assets/Plugins/UniTask/Runtime/UniTask.Factory.cs.meta","254","2026-04-14T13:46:48.0000000Z","4f75e4318f79b985453dc2d14b5877bcd7d908ff031330e7cf461bcc7cc650b2"
"Assets/Plugins/UniTask/Runtime/UniTask.Run.cs","11838","2026-04-14T13:46:48.0000000Z","335331f912f91445511fa8c823804ef2e33919c979b090c79e7d05e009e279ff"
"Assets/Plugins/UniTask/Runtime/UniTask.Run.cs.meta","254","2026-04-14T13:46:48.0000000Z","66da94f0b08de1fa4b195095f06e56d76d549a943073847cd7c76d80b501cddc"
"Assets/Plugins/UniTask/Runtime/UniTask.Threading.cs","14920","2026-04-14T13:46:48.0000000Z","1a8b2464462837bb2e6ed6be08fcccf7a4baec46bd321aebd7c12262a6caac12"
"Assets/Plugins/UniTask/Runtime/UniTask.Threading.cs.meta","254","2026-04-14T13:46:48.0000000Z","4fa40ca7b082d48aba7d252b50ecd6b6eedeba42ec61c16bb15d0d23d55ecdc0"
"Assets/Plugins/UniTask/Runtime/UniTask.WaitUntil.cs","35071","2026-04-14T13:46:48.0000000Z","165e62c3e52ae5f8b89c2961f8d5848e92e1e0577b0a8432741822f0bde54bb6"
"Assets/Plugins/UniTask/Runtime/UniTask.WaitUntil.cs.meta","254","2026-04-14T13:46:48.0000000Z","bdec43835b328b7325e6186b61d2088524fd15a0a46a92f305e1c219ca32e496"
"Assets/Plugins/UniTask/Runtime/UniTask.WhenAll.cs","7805","2026-04-14T13:46:48.0000000Z","97c309f85853c9ae4db0e78e022a4012db68cd78e0368d579ffe545a596e980d"
"Assets/Plugins/UniTask/Runtime/UniTask.WhenAll.cs.meta","254","2026-04-14T13:46:48.0000000Z","32e217d969b3f8d25a2a62ad747c7782db41a14771f48004b89f7341967f1313"
"Assets/Plugins/UniTask/Runtime/UniTask.WhenAll.Generated.cs","217099","2026-04-14T13:46:48.0000000Z","c767c4045f9fe1b894d3902a717f950ad806b4494e4fc0cc28ec1205ebc94281"
"Assets/Plugins/UniTask/Runtime/UniTask.WhenAll.Generated.cs.meta","254","2026-04-14T13:46:48.0000000Z","006b88bf3c1d8d37e3f6066083ff48a4ab1b16b6e5119fd7c09ddba179d5f127"
"Assets/Plugins/UniTask/Runtime/UniTask.WhenAny.cs","12025","2026-04-14T13:46:48.0000000Z","df77bd0e0a99eacda6344d5537937cd7924a17b39f881a8178fb462b961b9250"
"Assets/Plugins/UniTask/Runtime/UniTask.WhenAny.cs.meta","254","2026-04-14T13:46:48.0000000Z","9b8579ca08650142348b5b671f7d570d10a0015e66ba52e8dab6082e3a4cc2c2"
"Assets/Plugins/UniTask/Runtime/UniTask.WhenAny.Generated.cs","209934","2026-04-14T13:46:48.0000000Z","00f61a483072bfb1475be7d4171bf64d16dd11b2c8757d615951ed268dc8d0f4"
"Assets/Plugins/UniTask/Runtime/UniTask.WhenAny.Generated.cs.meta","254","2026-04-14T13:46:48.0000000Z","515a4140b058c85482189ac00ee6e3fb0ea28e4f2516b59583b3ccb0118abfbc"
"Assets/Plugins/UniTask/Runtime/UniTask.WhenEach.cs","5831","2026-04-14T13:46:48.0000000Z","7bd6633b349aa4717ca367c9be86fd4e8488e9801460a1c9e02ce1acb6970b05"
"Assets/Plugins/UniTask/Runtime/UniTask.WhenEach.cs.meta","254","2026-04-14T13:46:48.0000000Z","8e5a0d355bd1db832fadce4739b0ddf38d305b22b44eed202785fc1b926bbd5a"
"Assets/Plugins/UniTask/Runtime/UniTaskCompletionSource.cs","30784","2026-04-14T13:46:48.0000000Z","c17408320ce578b172964b506e43ccb3571da1b7bccb97f06aaa503e706ed695"
"Assets/Plugins/UniTask/Runtime/UniTaskCompletionSource.cs.meta","254","2026-04-14T13:46:48.0000000Z","2217fcac2d4bd648cb8f037a996e8b4a5d0ed2e76ef2d12381824af6d0ba3f0b"
"Assets/Plugins/UniTask/Runtime/UniTaskExtensions.cs","30869","2026-04-14T13:46:48.0000000Z","7c901291424dd3b4f7d0da6465ab64b98925a0e5ad0dafa5bef87d3a2a5dc9a3"
"Assets/Plugins/UniTask/Runtime/UniTaskExtensions.cs.meta","254","2026-04-14T13:46:48.0000000Z","648704a6b588e4f0c1d5ddb5edc24dfe38a02cb3cc50876720357c06e2616441"
"Assets/Plugins/UniTask/Runtime/UniTaskExtensions.Shorthand.cs","13065","2026-04-14T13:46:48.0000000Z","0ec30703ddd5b0ccc73d50bcdba977065d3a44b4043212db8b5b760409861883"
"Assets/Plugins/UniTask/Runtime/UniTaskExtensions.Shorthand.cs.meta","254","2026-04-14T13:46:48.0000000Z","2e336e8cba9c4d3185328e0a897bde4c4a5e7a50dba55389f3db0682d7a942f9"
"Assets/Plugins/UniTask/Runtime/UniTaskObservableExtensions.cs","21189","2026-04-14T13:46:48.0000000Z","55b538dc40202382f6a6e377828ecc51b99137e28a179e8fb6f4d68258779a71"
"Assets/Plugins/UniTask/Runtime/UniTaskObservableExtensions.cs.meta","254","2026-04-14T13:46:48.0000000Z","bbff5cb6998a5b40e6be4ae0a192395edb79509ed483dfb16cf2e70899419563"
"Assets/Plugins/UniTask/Runtime/UniTaskScheduler.cs","3840","2026-04-14T13:46:48.0000000Z","1d04db89e7da3a1522dddbb0898dc8f690085262886f013798a587594f7a270e"
"Assets/Plugins/UniTask/Runtime/UniTaskScheduler.cs.meta","254","2026-04-14T13:46:48.0000000Z","0c79714ec8f259931972782f55651cd65068c10309c386c112b6859cb878c3da"
"Assets/Plugins/UniTask/Runtime/UniTaskSynchronizationContext.cs","4750","2026-04-14T13:46:48.0000000Z","fa4f09ebdd0db54578690921185bb3772fb5b4a2bb14fb3214bf15d0be8eb3ee"
"Assets/Plugins/UniTask/Runtime/UniTaskSynchronizationContext.cs.meta","254","2026-04-14T13:46:48.0000000Z","d74b79e7c445027c07394d8d484c35442b56aaa46d8fa2220a8be26fbf5660b0"
"Assets/Plugins/UniTask/Runtime/UniTaskVoid.cs","416","2026-04-14T13:46:48.0000000Z","9270ac36444c59ba8cac8dddeed0f8c93eaa745b70bd283c3cd5e629a0d00b6c"
"Assets/Plugins/UniTask/Runtime/UniTaskVoid.cs.meta","254","2026-04-14T13:46:48.0000000Z","6d84ecb73006332be015b97a4a9784c54cc0761ac445103686dc993e9986a503"
"Assets/Plugins/UniTask/Runtime/UnityAsyncExtensions.AssetBundleRequestAllAssets.cs","9775","2026-04-14T13:46:48.0000000Z","1db1dddf12dd25f9d7fa9f1cf05099abcaa141c53ec06ebdeba728d78afb552b"
"Assets/Plugins/UniTask/Runtime/UnityAsyncExtensions.AssetBundleRequestAllAssets.cs.meta","254","2026-04-14T13:46:48.0000000Z","14dc31b1f428f2dd72391a0af669a3d3a3d6e792ab56040363540ce4b570e403"
"Assets/Plugins/UniTask/Runtime/UnityAsyncExtensions.AsyncGPUReadback.cs","6539","2026-04-14T13:46:48.0000000Z","42c1aa749f874408efe4c118b374cfd401d2ec28c8ed503b71f93c1b76f75343"
"Assets/Plugins/UniTask/Runtime/UnityAsyncExtensions.AsyncGPUReadback.cs.meta","254","2026-04-14T13:46:48.0000000Z","f26c55c581ee9d58c47f2c886e25fa909d43bf52fbb99acb4107e495ef021714"
"Assets/Plugins/UniTask/Runtime/UnityAsyncExtensions.AsyncInstantiate.cs","15518","2026-04-14T13:46:48.0000000Z","ceb0833ddb1c12948a802d410cf9b5d092967af36717643cdca18f71e3c8b1bb"
"Assets/Plugins/UniTask/Runtime/UnityAsyncExtensions.AsyncInstantiate.cs.meta","254","2026-04-14T13:46:48.0000000Z","dc64bbed8e1efa832e71c2a2ce199a8bfdfa48ff2f7227d854ec93b8fcfc8880"
"Assets/Plugins/UniTask/Runtime/UnityAsyncExtensions.cs","46847","2026-04-14T13:46:48.0000000Z","60c24c81badfa32247da1f00887a8fa1713a4ce2b1be53e89419e2da580e0d4b"
"Assets/Plugins/UniTask/Runtime/UnityAsyncExtensions.cs.meta","254","2026-04-14T13:46:48.0000000Z","3687e4d2bd771430d573e54d51933aa9d05f9ede39df40f6dcd73d2bae194b82"
"Assets/Plugins/UniTask/Runtime/UnityAsyncExtensions.Jobs.cs","3440","2026-04-14T13:46:48.0000000Z","34f3940bf99ccfff1f98d2295810fe114e383c373f6eae1445ba75b1c00d2b3c"
"Assets/Plugins/UniTask/Runtime/UnityAsyncExtensions.Jobs.cs.meta","254","2026-04-14T13:46:48.0000000Z","0b2ed04348c6d8819ac9365e4fe4e12aaba4c5ca6dd4df21c04903e21b7a9121"
"Assets/Plugins/UniTask/Runtime/UnityAsyncExtensions.MonoBehaviour.cs","435","2026-04-14T13:46:48.0000000Z","3a1a3f5c11bab27b09480f312c132a6aa8844f2c47caff514bea73107aae8ef9"
"Assets/Plugins/UniTask/Runtime/UnityAsyncExtensions.MonoBehaviour.cs.meta","254","2026-04-14T13:46:48.0000000Z","6d57d0464dd11ca6f83c731cae1096ee2a89cc5d255792cf70ad67591128d467"
"Assets/Plugins/UniTask/Runtime/UnityAsyncExtensions.uGUI.cs","32846","2026-04-14T13:46:48.0000000Z","0ba760ed046a462a745ea8992f19acd08735697a9b998d72fb531da82add6a67"
"Assets/Plugins/UniTask/Runtime/UnityAsyncExtensions.uGUI.cs.meta","254","2026-04-14T13:46:48.0000000Z","1bc82a865ae20ee93257dc6fac41edb8709112dd1a8bbc5993c976771d164f2c"
"Assets/Plugins/UniTask/Runtime/UnityAwaitableExtensions.cs","440","2026-04-14T13:46:48.0000000Z","726a77bb464d5a41437334541c29fbf007c3c12b00a225fab918b67d205d030d"
"Assets/Plugins/UniTask/Runtime/UnityAwaitableExtensions.cs.meta","85","2026-04-14T13:46:48.0000000Z","60ba3c389f827e1d70ad576560042b7aae40461674b84cfc6e8e274f7d4b3ea1"
"Assets/Plugins/UniTask/Runtime/UnityBindingExtensions.cs","8615","2026-04-14T13:46:48.0000000Z","a433f097fe9bddcd8558836bd9ab47899fafe4b5c36e08bde8c886c4659779be"
"Assets/Plugins/UniTask/Runtime/UnityBindingExtensions.cs.meta","254","2026-04-14T13:46:48.0000000Z","c6f3b295bac5da13d9bb963557798b1c7069d0420a59da577f85bbb8c6a52862"
"Assets/Plugins/UniTask/Runtime/UnityWebRequestException.cs","2042","2026-04-14T13:46:48.0000000Z","bdd384bfceeec024ccaa87410344b6ff20824e993bc0546e00c589800423b6f3"
"Assets/Plugins/UniTask/Runtime/UnityWebRequestException.cs.meta","254","2026-04-14T13:46:48.0000000Z","823d524af92744ba920daf2f925869342c932595af7e2b6cc4e2194a27e04760"
"Assets/Resources.meta","172","2026-05-02T06:31:58.0000000Z","9d99e63e1631e17c66d22dcd70ddf28eb075cbe6b97adcf92c3a9dbaeeb372ec"
"Assets/Resources/Fonts.meta","172","2026-05-02T06:31:58.0000000Z","9f39cac216ec12078d1d712ff9d4f38810f3d2af6b00dff8414d806ea4a0737d"
"Assets/Resources/Fonts/ChineseUIFont.ttf","17773244","2026-03-13T15:12:04.0000000Z","763146584cf0710223441356b4395e279021b0806c196614377a7a0174ae074a"
"Assets/Resources/Fonts/ChineseUIFont.ttf.meta","477","2026-05-02T06:31:58.0000000Z","c9f2afc2afcf74139438db2e09bb7b5b8d65d2c3b85c34814be51d0dacf865da"
"Assets/StreamingAssets.meta","172","2026-04-26T05:43:12.0000000Z","ae7c9230cd0e035c205251491137cd0f310aa0b380a130a02a879bb8ad58d8d5"
"Assets/StreamingAssets/CompanyWar.meta","172","2026-04-26T05:43:12.0000000Z","05fc4a6dc662bba3cd981a590ff0ec273582887f89a9f37b8aef6e7d095ad1b3"
"Assets/StreamingAssets/CompanyWar/Configs.meta","172","2026-04-26T05:43:12.0000000Z","4b0a7ba4f585023f39106dbe54c25ac270f752c133df4a8595b26f540b0dddd9"
"Assets/StreamingAssets/CompanyWar/Configs/AbilityDefinitions.json","747","2026-05-08T16:10:02.7201281Z","a388d3943a64c1f2f17ea039b3a5c1b332ef69762792cea7764f12582b583e00"
"Assets/StreamingAssets/CompanyWar/Configs/AbilityDefinitions.json.meta","162","2026-05-08T16:10:02.7201281Z","ce509f003a675bb784c5b6d129ac63a479ea075ce59e47a041cf044afab81efe"
"Assets/StreamingAssets/CompanyWar/Configs/AuthorizationStages.json","1136","2026-04-22T17:36:12.0000000Z","3b18bde2b097cafa4e6e92e1893f57aa07ce63d52267fb618a61c6d4e106194b"
"Assets/StreamingAssets/CompanyWar/Configs/AuthorizationStages.json.meta","155","2026-04-26T05:43:12.0000000Z","10d7a5d2bf64a3d9c02bc9e06f988804bc5f566013f1efef1a79c8f6d84e3ca1"
"Assets/StreamingAssets/CompanyWar/Configs/CorporateCorridorTheme_Default.asset","1546","2026-05-20T12:25:13.0921139Z","35eb3d6a7e0de61108cd2252870732b623e49dbc6f64af3d2776abdd59800823"
"Assets/StreamingAssets/CompanyWar/Configs/CorporateCorridorTheme_Default.asset.meta","155","2026-04-26T05:43:12.0000000Z","8f73ae39e5bf93ea5244a3a5d462c033d2566226b0df896d40d7b1979cf2946a"
"Assets/StreamingAssets/CompanyWar/Configs/EndlessModeConfig.json","960","2026-05-08T16:10:02.7201281Z","5a396cadd0abada0eb19a747465631bfc6472789db2ac33354871b544c46df6f"
"Assets/StreamingAssets/CompanyWar/Configs/EndlessModeConfig.json.meta","162","2026-05-08T16:10:02.7216365Z","3616b4abd1b13cf931c967e235d23829bcfd465a9054e56bbe4231317952a318"
"Assets/StreamingAssets/CompanyWar/Configs/EndlessRewardConfig.json","188","2026-05-08T16:10:02.7216365Z","0354b7f7bc3742ebd73b883053c9bbe64d436dc583bb2e6bca9aff6f34c283f6"
"Assets/StreamingAssets/CompanyWar/Configs/EndlessRewardConfig.json.meta","162","2026-05-08T16:10:02.7227099Z","6829caa71305630edab0647d71b1d33db38c8e09e80035ecb14f4198b9ac793e"
"Assets/StreamingAssets/CompanyWar/Configs/Enemies.json","2485","2026-05-20T12:25:13.0921139Z","d30c6e03f6a9c2418680577a47c4693cdeeef598b43d1df14716bf7d9267ebee"
"Assets/StreamingAssets/CompanyWar/Configs/Enemies.json.meta","155","2026-04-26T05:43:12.0000000Z","e19972d5f8f150f3019b91157154372fbf3dcedfbb07c916032c42853ecc15a4"
"Assets/StreamingAssets/CompanyWar/Configs/LevelArchives.json","24461","2026-05-07T06:02:24.0000000Z","4ecacf74094ff64fd0efbfcd223f1bfb4d25773b18c8b1a2efdd742080031520"
"Assets/StreamingAssets/CompanyWar/Configs/LevelArchives.json.meta","155","2026-05-07T06:04:18.0000000Z","b3fe538bc4927cfe6762a59dc6de5bedf8ba5df5747260f1e7816f09bed6dd04"
"Assets/StreamingAssets/CompanyWar/Configs/Levels.meta","172","2026-04-26T05:43:12.0000000Z","4cd4b8abe29b459aade78304b0bd0a09fc87b5bcc4996b8b11845c36c18b0791"
"Assets/StreamingAssets/CompanyWar/Configs/Levels/L_ENDLESS.json","851","2026-05-20T11:42:40.4250419Z","65d799724d0f08993940f90dad68ad1a5520799b32aa09b6e6c69474f4405981"
"Assets/StreamingAssets/CompanyWar/Configs/Levels/L_ENDLESS.json.meta","162","2026-05-08T16:10:02.7237081Z","d5767843410309ac87cc8abbf8c41c9967a0d9a629d719838ee09bba0dff8df6"
"Assets/StreamingAssets/CompanyWar/Configs/Levels/L00.json","395","2026-05-20T11:42:40.4366654Z","2e0c4f3da9c4cb761b914133fc3d59d0a5d8a7fe1719917d5b54ad7a0dd681a2"
"Assets/StreamingAssets/CompanyWar/Configs/Levels/L00.json.meta","155","2026-04-26T05:43:12.0000000Z","16683a7f07c980ed3ba5a79676606200a12bf5d8a53323f5678c5f7239cf6d9d"
"Assets/StreamingAssets/CompanyWar/Configs/Levels/L01.json","445","2026-05-20T11:42:40.4379116Z","92dfc23f7a3da223abcfd67015265f2e80eb7b68799a8ba2ea805e5514519ae5"
"Assets/StreamingAssets/CompanyWar/Configs/Levels/L01.json.meta","155","2026-04-26T05:43:12.0000000Z","906849da12ca120ec4e42493f82839ab6f2bf290335e1fcb0071239cfecdde6f"
"Assets/StreamingAssets/CompanyWar/Configs/Levels/L02.json","548","2026-05-20T11:42:40.4379116Z","8e21c91c3302ac54409e8fc0a44510456c3f250c47adcdacc06bec2b62231b90"
"Assets/StreamingAssets/CompanyWar/Configs/Levels/L02.json.meta","155","2026-04-26T05:43:12.0000000Z","f21632682991246ff338e140283b46ae597a6f16f3ea773c4d57517bc09fb8c7"
"Assets/StreamingAssets/CompanyWar/Configs/Levels/L03.json","640","2026-05-20T11:42:40.4390644Z","b0740ded5545745c73ddbd57717bb41b5d418d6dea2c70c4d77eb726f6391236"
"Assets/StreamingAssets/CompanyWar/Configs/Levels/L03.json.meta","155","2026-04-26T05:43:12.0000000Z","eee362d449a8d6531c6945991cf2381e486e83cdf0f9f4ec25ff6380d0d8934d"
"Assets/StreamingAssets/CompanyWar/Configs/Levels/L04.json","741","2026-05-20T11:42:40.4400668Z","b625f47a8705c8ecadcc55f56d186e604b628e0ea09183ed7647c3cb6dc9daeb"
"Assets/StreamingAssets/CompanyWar/Configs/Levels/L04.json.meta","155","2026-04-26T05:43:12.0000000Z","f6a8b0e79af47dae4b90d08cb996b88f97a352c48c73381668586a4a42fd98c8"
"Assets/StreamingAssets/CompanyWar/Configs/Levels/L05.json","882","2026-05-20T11:42:40.4400668Z","665e00eeabd3adadb7e02b9c1f6bb4b3cebbc93713230aa279b7196cdabbc6a2"
"Assets/StreamingAssets/CompanyWar/Configs/Levels/L05.json.meta","155","2026-04-26T05:43:12.0000000Z","e2a19f015cc24f610c5585c2a02e620277bffbe66f5d931cbc962db9d5e09514"
"Assets/StreamingAssets/CompanyWar/Configs/Levels/L06.json","2861","2026-05-20T11:42:40.4146580Z","8595c7a3fb3f8368d6974f20aaed337e67f5885f37e271ab257dc9f2149b2ce0"
"Assets/StreamingAssets/CompanyWar/Configs/Levels/L06.json.meta","155","2026-05-06T15:07:58.0000000Z","a423463c63826d26cc11e8c069706784aab61c28a9687035adb9be5e35c05d2b"
"Assets/StreamingAssets/CompanyWar/Configs/Levels/L07.json","3452","2026-05-20T11:42:40.4146580Z","3ee871217910147c336d467ee10b75ec8bdc1ef80cfc0ea00029a73ed9fdac08"
"Assets/StreamingAssets/CompanyWar/Configs/Levels/L07.json.meta","155","2026-05-06T15:07:58.0000000Z","7f1ce2355fa415d73e7d0ddcdfe3faeb65e9272ef45d11da66bfb2d3a901a3a4"
"Assets/StreamingAssets/CompanyWar/Configs/Levels/L08.json","2226","2026-05-20T11:42:40.4160529Z","573e26742d69664ac07702859966fa1cbabd32fcda8e51248f69be96d8db3c9c"
"Assets/StreamingAssets/CompanyWar/Configs/Levels/L08.json.meta","155","2026-05-06T15:07:58.0000000Z","4e3f0dacc09c9675e702576dc8955668e7ef8ec6b7523ead9a214e6c0cf628dc"
"Assets/StreamingAssets/CompanyWar/Configs/Levels/L09.json","2262","2026-05-20T11:42:40.4160529Z","17da7af96e15eeefc06af13a75e4e1f506cb1078ce0414bc377b3f2ba53ad268"
"Assets/StreamingAssets/CompanyWar/Configs/Levels/L09.json.meta","155","2026-05-06T15:07:58.0000000Z","c73f6e2a91ded994327c2fbeea52b6b596c40f242dc8d59bd59edbf470d8d5cd"
"Assets/StreamingAssets/CompanyWar/Configs/Levels/L10.json","2461","2026-05-20T11:42:40.4175575Z","030d6bdb71673ad52268ff469c63917ff247c8126cea0ccb58a2d2bb23d877fc"
"Assets/StreamingAssets/CompanyWar/Configs/Levels/L10.json.meta","155","2026-05-06T15:07:58.0000000Z","91685d1adc8f814da3de3c6a30b912cc6e21a74f23921976d06fd6a42ca09996"
"Assets/StreamingAssets/CompanyWar/Configs/Levels/L11.json","2844","2026-05-20T11:42:40.4175575Z","49f936863df6d2d35f296da62e57ba9dbdc2d9fa3d8c46cb61d7649a28e093d3"
"Assets/StreamingAssets/CompanyWar/Configs/Levels/L11.json.meta","155","2026-05-06T15:07:58.0000000Z","83c15329a169cf9198284addae89fe502560a0ea6df7727cf15144852d209373"
"Assets/StreamingAssets/CompanyWar/Configs/Levels/L12.json","2459","2026-05-20T11:42:40.4175575Z","471cd946431f021ba623054f220b15c85a29f672a2fd7c714f43c7af4617be21"
"Assets/StreamingAssets/CompanyWar/Configs/Levels/L12.json.meta","155","2026-05-06T15:07:58.0000000Z","efea68adad831889a079be20fe79438653ee6e6ede4f5de6ef5a27cecc13459d"
"Assets/StreamingAssets/CompanyWar/Configs/Levels/L13.json","2493","2026-05-20T11:42:40.4186734Z","2b6c90598554cf707616c82b522a6191147734bf623bef79254e92797cc3ff3b"
"Assets/StreamingAssets/CompanyWar/Configs/Levels/L13.json.meta","155","2026-05-06T15:07:58.0000000Z","56129fa5c1d812a296e445683eb8771184f14101aae4004aa316989b9e31cff5"
"Assets/StreamingAssets/CompanyWar/Configs/Levels/L14.json","2493","2026-05-20T11:42:40.4186734Z","2ea8b5407a9bb99215239bc611cbcf1e17945b2cd1f7ce0b6d7dcf094675371d"
"Assets/StreamingAssets/CompanyWar/Configs/Levels/L14.json.meta","155","2026-05-06T15:07:58.0000000Z","d7b80830efc08d63a2cd045a1dac2e4a849a9a792ee363f8087a7103d822bde7"
"Assets/StreamingAssets/CompanyWar/Configs/Levels/L15.json","2140","2026-05-20T11:42:40.4200039Z","bc4715fec84551a884b483c44689f09174b90ec68e9da7aab95df55c812f510d"
"Assets/StreamingAssets/CompanyWar/Configs/Levels/L15.json.meta","155","2026-05-06T15:07:58.0000000Z","07204bf6e9e3b97f2f19f8ded892290588d3f9fbf8495a8d5a84755a371cd8a8"
"Assets/StreamingAssets/CompanyWar/Configs/Levels/L16.json","2690","2026-05-20T11:42:40.4200039Z","105ce8df2024af1b7c7c0a68571235a2afb854fa281302f1142f9c1510bc73ac"
"Assets/StreamingAssets/CompanyWar/Configs/Levels/L16.json.meta","155","2026-05-06T15:07:58.0000000Z","70c01bd22e11f39a3788d487132e6475c145292a1aa4cba1eb4386099e5f4cbb"
"Assets/StreamingAssets/CompanyWar/Configs/Levels/L17.json","2690","2026-05-20T11:42:40.4220221Z","20efe7dfe29d268cd4384f72beebe441f7be0d21ecbdcaf8106a09818df903b3"
"Assets/StreamingAssets/CompanyWar/Configs/Levels/L17.json.meta","155","2026-05-06T15:07:58.0000000Z","b036c33cf95e461ca345539ba5ba579759d0ab3f78629ab7f14a796689caa478"
"Assets/StreamingAssets/CompanyWar/Configs/Levels/L18.json","2884","2026-05-20T11:42:40.4220221Z","87cf967171a89bfeb25a46d37e7fe177ac237d565ecd5c80e1aea09378885c1e"
"Assets/StreamingAssets/CompanyWar/Configs/Levels/L18.json.meta","155","2026-05-06T15:07:58.0000000Z","6f3f157479c0e55a5dc8404a361f10a17dffdeee0d9ccbdc80a92e4aa8309a53"
"Assets/StreamingAssets/CompanyWar/Configs/Levels/L19.json","3146","2026-05-20T11:42:40.4230270Z","afc1feadd250d9071a337c077aa04acd5c2aa80f23cb632aef6808fbd5c4ae3e"
"Assets/StreamingAssets/CompanyWar/Configs/Levels/L19.json.meta","155","2026-05-06T15:07:58.0000000Z","b9afef9f428fb22965bbfc0f61f144d520175236e815995ac841534560f210dc"
"Assets/StreamingAssets/CompanyWar/Configs/Levels/L20.json","2951","2026-05-20T11:42:40.4240267Z","be895358da54bff1c710f32f5ba6a0c92f32399657a3a3b261422a7ebfee7f9b"
"Assets/StreamingAssets/CompanyWar/Configs/Levels/L20.json.meta","155","2026-05-06T15:07:58.0000000Z","3dce91715d89396cd8619b9648d31d466f822f704bf2d7144bec433c926691f3"
"Assets/StreamingAssets/CompanyWar/Configs/SpawnSchedules.json","1270","2026-04-19T17:43:22.0000000Z","318e662451d2da73d6fc83d4cf41b12ea81b8c1858855ce257035097c81d6f08"
"Assets/StreamingAssets/CompanyWar/Configs/SpawnSchedules.json.meta","155","2026-04-26T05:43:12.0000000Z","a371ae57028a0c154d044cc9a2730efb3db89c5305b31661e048ae278b1cdebe"
"Assets/StreamingAssets/CompanyWar/Configs/Units.json","6516","2026-04-24T12:41:52.0000000Z","8c156a406d6e54e551745ebd6bd2451efd38bfc575120d7c9d641b0cd3a696db"
"Assets/StreamingAssets/CompanyWar/Configs/Units.json.meta","155","2026-04-26T05:43:12.0000000Z","d5173d0e2310045e5f1ec79f594de514cb6b72cc95f5bf061b1ca67996e31471"
"Assets/StreamingAssets/CompanyWar/Configs/VisualMapping.asset","5851","2026-05-08T16:10:02.7267096Z","34f5a8b76a4597b2dd6bb701dfcfd957dc8eb4092c1232cb9d8fdb0e4774d31c"
"Assets/StreamingAssets/CompanyWar/Configs/VisualMapping.asset.meta","155","2026-04-26T05:43:12.0000000Z","f5719b700d28ae7619bf294153c5b832dff7fb3f6bb2ab7ab0dbd8b71a91a21f"
"Assets/TextMesh Pro.meta","180","2026-04-14T13:46:48.0000000Z","01c98712be33191460d4eba7720f3b157d163deba149053aade1400d8197d8f9"
"Assets/TextMesh Pro/Documentation.meta","180","2026-04-14T13:46:48.0000000Z","b8d6bb09e9abae7c5661ae82525f08c2356300c709672c2b7831b5a69981157e"
"Assets/TextMesh Pro/Documentation/TextMesh Pro User Guide 2016.pdf","694398","2026-04-14T13:46:48.0000000Z","93d6d3ca8a7d8423b01faacd00fa3921fe055fb2187873653a925e4cc1af85c0"
"Assets/TextMesh Pro/Documentation/TextMesh Pro User Guide 2016.pdf.meta","162","2026-04-14T13:46:48.0000000Z","662aeb2ebb201fa3c53020e6421421959c102af001d62f73e85dfef6796b0e5f"
"Assets/TextMesh Pro/Fonts.meta","180","2026-04-14T13:46:48.0000000Z","8c596298d518c27d3f42a08e9849e679a66d62b8e79823a6d3b48525290ed647"
"Assets/TextMesh Pro/Fonts/LiberationSans - OFL.txt","4514","2026-04-14T13:46:48.0000000Z","a130e89b7b2326b599c4b2bbd873eaae63feda407541a2899cb8acb306723de6"
"Assets/TextMesh Pro/Fonts/LiberationSans - OFL.txt.meta","185","2026-04-14T13:46:48.0000000Z","1b8062370a3bb2be74a46b0ae08688c87cd207cad602fcc77a750cafb106c9af"
"Assets/TextMesh Pro/Fonts/LiberationSans.ttf","350200","2026-04-14T13:46:48.0000000Z","e5b0af421ea2bfbc1ac8d251d647268087ae82786234c57f757d1f0b90fa8b49"
"Assets/TextMesh Pro/Fonts/LiberationSans.ttf.meta","433","2026-04-14T13:46:48.0000000Z","58603424f5d1f468af3f0c031c288cc9eaa96cb3fb82a0429b16a204a18a5012"
"Assets/TextMesh Pro/Resources.meta","180","2026-04-14T13:46:48.0000000Z","4bc87da5a85b45fb3252482a603b56e3d34b2174973c527940b225e0b6d9f062"
"Assets/TextMesh Pro/Resources/Fonts & Materials.meta","200","2026-04-14T13:46:48.0000000Z","124f26d6401f350502d4ea38e1b27353dfbd9905ebf50a1b813cd695c2c4eefe"
"Assets/TextMesh Pro/Resources/Fonts & Materials/LiberationSans SDF - Drop Shadow.mat","3081","2026-04-14T13:46:48.0000000Z","73f941d7702c761483bb184fad6e262648032969f0f310344155758b8fad764f"
"Assets/TextMesh Pro/Resources/Fonts & Materials/LiberationSans SDF - Drop Shadow.mat.meta","187","2026-04-14T13:46:48.0000000Z","fa0b8ba96378d1fed663d2206054a5e48139892e3d1c6a6ece97808a6869d70d"
"Assets/TextMesh Pro/Resources/Fonts & Materials/LiberationSans SDF - Fallback.asset","9633","2026-05-06T03:43:26.0000000Z","6bcdf1945143494f20dfbd6eeabfb519490ee2f420000ee6b8b55b4c4ab61736"
"Assets/TextMesh Pro/Resources/Fonts & Materials/LiberationSans SDF - Fallback.asset.meta","187","2026-04-14T13:46:48.0000000Z","0a7cce8a8d21c28bc719e5842c3fb8a3de8eac864a577160d7413d1df08d79d1"
"Assets/TextMesh Pro/Resources/Fonts & Materials/LiberationSans SDF - Outline.mat","2993","2026-04-14T13:46:48.0000000Z","4a07f16fcfa697f984d78b7acc005985fe45a256b4bf8b7907faea08075b4961"
"Assets/TextMesh Pro/Resources/Fonts & Materials/LiberationSans SDF - Outline.mat.meta","187","2026-04-14T13:46:48.0000000Z","cb8f2abe533ef11a46ab112cf8dbefb44cb01fa4b7262060a3c480862824d1fb"
"Assets/TextMesh Pro/Resources/Fonts & Materials/LiberationSans SDF.asset","2264683","2026-04-14T13:46:48.0000000Z","3e255bf16c9d35f6019c541174813b6f9e2dbfa5b0b458311cac63fea66a0357"
"Assets/TextMesh Pro/Resources/Fonts & Materials/LiberationSans SDF.asset.meta","187","2026-04-14T13:46:48.0000000Z","eef709d8a9d8b4c781c532712a61aa28f3ef123b902f6b5a8903f0ea61845b50"
"Assets/TextMesh Pro/Resources/LineBreaking Following Characters.txt","269","2026-04-14T13:46:48.0000000Z","3a73e5ffe2510756dd3c2e982fdc1218b4be82c6e21abde88070d6860e1bc8e6"
"Assets/TextMesh Pro/Resources/LineBreaking Following Characters.txt.meta","187","2026-04-14T13:46:48.0000000Z","64ef1da1e73f25ba842200e26d43908685c4b9be66856d47103a26c1cae94fa9"
"Assets/TextMesh Pro/Resources/LineBreaking Leading Characters.txt","95","2026-04-14T13:46:48.0000000Z","62d3f4d5f64aaf885692d2d13a8313f6918e6e4c5aeb3990a43f614652bfd89c"
"Assets/TextMesh Pro/Resources/LineBreaking Leading Characters.txt.meta","187","2026-04-14T13:46:48.0000000Z","92a36fb59ae49c6974d4ef75b41ffe4c1612110c4b49ed7af5539dcb35e86e8f"
"Assets/TextMesh Pro/Resources/Sprite Assets.meta","200","2026-04-14T13:46:48.0000000Z","7f0b98e06db610fb684666d25abf31846c89ee28a778463b893ab85c3dbba13d"
"Assets/TextMesh Pro/Resources/Sprite Assets/EmojiOne.asset","14100","2026-04-14T13:46:48.0000000Z","73802f0c67f6e13bf226fcad8511477acd5ea1e2263387003fe561d3211664f9"
"Assets/TextMesh Pro/Resources/Sprite Assets/EmojiOne.asset.meta","187","2026-04-14T13:46:48.0000000Z","d14793d1f1c86e8f372f44a1cc053d1867aae32231f6bd2b179ca923d5ee69cb"
"Assets/TextMesh Pro/Resources/Style Sheets.meta","200","2026-04-14T13:46:48.0000000Z","9029980ffd3af688190a28cb7f0397a82efe9bd3a8861ed40dfc9018e76d5933"
"Assets/TextMesh Pro/Resources/Style Sheets/Default Style Sheet.asset","5021","2026-04-14T13:46:48.0000000Z","5e19480d4ef48ba9753cbbd20befab3da1cbeefcb1e0939133beee812b23ae8b"
"Assets/TextMesh Pro/Resources/Style Sheets/Default Style Sheet.asset.meta","189","2026-04-14T13:46:48.0000000Z","b652bfc488ebea2ac241cc440ad73c4a9af993c265c800fe0f7cc4917286d0b0"
"Assets/TextMesh Pro/Resources/TMP Settings.asset","1729","2026-05-06T04:45:10.0000000Z","3cf206f810db04a03c24840a3ecc28979372fe1b0f609e539650e18ff3e1e387"
"Assets/TextMesh Pro/Resources/TMP Settings.asset.meta","187","2026-04-14T13:46:48.0000000Z","7e88f07fd05c1c4f829c55d8d7660d7ac572e906a5d7152857ef12a574d13375"
"Assets/TextMesh Pro/Shaders.meta","180","2026-04-14T13:46:48.0000000Z","6fc503950579b274e6745f9f18698f6b23d61ae9e3b8f208f023586c609d9d98"
"Assets/TextMesh Pro/Shaders/TMP_Bitmap-Custom-Atlas.shader","3640","2026-04-14T13:46:48.0000000Z","906059fb8e3c2c3e0c24ff5d90723ec36b9c3b22e51b7d098d38d9997f104b26"
"Assets/TextMesh Pro/Shaders/TMP_Bitmap-Custom-Atlas.shader.meta","213","2026-04-14T13:46:48.0000000Z","41009354edccdb35431e595694e97cda8592094bebf607896161c769b66b3591"
"Assets/TextMesh Pro/Shaders/TMP_Bitmap-Mobile.shader","3694","2026-04-14T13:46:48.0000000Z","df460d71d48e25554babfe3bfc29f6b76a85e5fed40463bb1c3e95b853008aa9"
"Assets/TextMesh Pro/Shaders/TMP_Bitmap-Mobile.shader.meta","213","2026-04-14T13:46:48.0000000Z","162e6113de4ff13e40bb6bc51f46542f5fc338c65facf395264db261e5d59847"
"Assets/TextMesh Pro/Shaders/TMP_Bitmap.shader","3642","2026-04-14T13:46:48.0000000Z","c28c901dcfd36dc281a1328e5481a9339a473ae6bcac0a1e26fd1cb5527c45af"
"Assets/TextMesh Pro/Shaders/TMP_Bitmap.shader.meta","213","2026-04-14T13:46:48.0000000Z","5278837021cc26fc254d06fdd87012bcc7d1e0521bfe068fbf24ef5481c9eff7"
"Assets/TextMesh Pro/Shaders/TMP_SDF Overlay.shader","10902","2026-04-14T13:46:48.0000000Z","02fe226b660522fbf4ccdb371bea79b1d5dd2ee3a41f64e4d3fe991c7468d113"
"Assets/TextMesh Pro/Shaders/TMP_SDF Overlay.shader.meta","213","2026-04-14T13:46:48.0000000Z","1288285d5a6a95bb5405cc789d7f44139772e3ab9c8ec5fe9a919b3878055682"
"Assets/TextMesh Pro/Shaders/TMP_SDF SSD.shader","12310","2026-04-14T13:46:48.0000000Z","c1dd1eecca9c652bfefa1e3450a7c2901cc1da497dec7ceeb96386f0619ec6ff"
"Assets/TextMesh Pro/Shaders/TMP_SDF SSD.shader.meta","213","2026-04-14T13:46:48.0000000Z","12bfe855479eca270552d907ee15b8ce54f2276f15af3127bfc592706d4075a7"
"Assets/TextMesh Pro/Shaders/TMP_SDF-Mobile Masking.shader","8069","2026-04-14T13:46:48.0000000Z","e95ff9dea7544bdf73d98052323940eba990de239cde6caed9680af2510aa2a5"
"Assets/TextMesh Pro/Shaders/TMP_SDF-Mobile Masking.shader.meta","213","2026-04-14T13:46:48.0000000Z","c4adca1c50f7380adf32fddcf1f37614d0c7829500e42c6247021a391f3d595c"
"Assets/TextMesh Pro/Shaders/TMP_SDF-Mobile Overlay.shader","7883","2026-04-14T13:46:48.0000000Z","25935596a6d82ff5e0ac57a8e333101b5ce23281500cea414c317d930d6d9cfd"
"Assets/TextMesh Pro/Shaders/TMP_SDF-Mobile Overlay.shader.meta","213","2026-04-14T13:46:48.0000000Z","2a3232392e8d038fd478b3f1704b66362b5e763afb50b3f16ac899c888de73ed"
"Assets/TextMesh Pro/Shaders/TMP_SDF-Mobile SSD.shader","3177","2026-04-14T13:46:48.0000000Z","7adb4d1c6f4e92b0cfcab7d7227b05b84ceb4edb729e24b7ad73e26cbd87fd76"
"Assets/TextMesh Pro/Shaders/TMP_SDF-Mobile SSD.shader.meta","213","2026-04-14T13:46:48.0000000Z","3e5f543ae95f82c5ed5738585d6dbf54008a98ae9a627d39b0dce9eb3ddb8374"
"Assets/TextMesh Pro/Shaders/TMP_SDF-Mobile.shader","7914","2026-04-14T13:46:48.0000000Z","5678d5bcbba60a5a43b0934d0dbdaea674f8693268d3d296da18cbc9423a7c06"
"Assets/TextMesh Pro/Shaders/TMP_SDF-Mobile.shader.meta","213","2026-04-14T13:46:48.0000000Z","58eff2947dcabefbe4161ed7496b9be052221801758589fa4af452e09632b71c"
"Assets/TextMesh Pro/Shaders/TMP_SDF-Surface-Mobile.shader","3662","2026-04-14T13:46:48.0000000Z","c19c10ae779577538e6d77fb16cb21318dde35903f0deda7feb3ad9257c8e2a4"
"Assets/TextMesh Pro/Shaders/TMP_SDF-Surface-Mobile.shader.meta","213","2026-04-14T13:46:48.0000000Z","507add334f0f385e78c2760b73b8cbb4d1bd60347d8bba1dcb38911302924b49"
"Assets/TextMesh Pro/Shaders/TMP_SDF-Surface.shader","4513","2026-04-14T13:46:48.0000000Z","999b03ac7a8541b8d9cb92c245d0c617b2864a8e32be6b7b5f632770e7ca9825"
"Assets/TextMesh Pro/Shaders/TMP_SDF-Surface.shader.meta","213","2026-04-14T13:46:48.0000000Z","d849ca253d0f8e0124e5a192f921eef2ea411e78c1bf5bac71c28bb7fec59604"
"Assets/TextMesh Pro/Shaders/TMP_SDF.shader","10917","2026-04-14T13:46:48.0000000Z","21b8ea81bb6e3ef203d329f6c81afd9e4751684245d85c9b477010a157d01929"
"Assets/TextMesh Pro/Shaders/TMP_SDF.shader.meta","213","2026-04-14T13:46:48.0000000Z","e77b8946de1f5eb76f2e1dd47ccaadc84ff67d30904b8f5bcb998203cdd61396"
"Assets/TextMesh Pro/Shaders/TMP_Sprite.shader","2789","2026-04-14T13:46:48.0000000Z","adf8fb15e0d3e2da4191100210d803dcdb4c04dd981b2edfccb42f4ed721ad41"
"Assets/TextMesh Pro/Shaders/TMP_Sprite.shader.meta","213","2026-04-14T13:46:48.0000000Z","16f167e5dcf135fea9c31def18a5f639f9614bcf15d9f3a48986475858c9d7c0"
"Assets/TextMesh Pro/Shaders/TMPro_Mobile.cginc","5468","2026-04-14T13:46:48.0000000Z","4e408e0718166ec6b0faef4065bd622348b96455860e29d1b989e21f072a7bf9"
"Assets/TextMesh Pro/Shaders/TMPro_Mobile.cginc.meta","213","2026-04-14T13:46:48.0000000Z","71adfbbc6aa5e2b27d3ab1317d6ef31b9cb4353dec581490d70de4eebe34db7c"
"Assets/TextMesh Pro/Shaders/TMPro_Properties.cginc","2928","2026-04-14T13:46:48.0000000Z","bff345b3f9a4f4d6f0e183a8692b3dcbc94f3153b064c77f6d430d1d6c60fed8"
"Assets/TextMesh Pro/Shaders/TMPro_Properties.cginc.meta","213","2026-04-14T13:46:48.0000000Z","4a35e4e340b3fcf0d84abc3635db52dd4c34bead8e5cd547255ec39f09c9cbf5"
"Assets/TextMesh Pro/Shaders/TMPro_Surface.cginc","3664","2026-04-14T13:46:48.0000000Z","3f7a2ad0a7efd8b30492e64232bf3a80e42818d62822de7bbe2726fd1b363ed6"
"Assets/TextMesh Pro/Shaders/TMPro_Surface.cginc.meta","213","2026-04-14T13:46:48.0000000Z","f155b9d0f2c80151af8c99b9c32835f178b71d150e208af7d1716648e4ca10d9"
"Assets/TextMesh Pro/Shaders/TMPro.cginc","2361","2026-04-14T13:46:48.0000000Z","7b5e42e957e80ddac2c42cd49d15dc48c50b97a0e263248be8a074d1b3c79543"
"Assets/TextMesh Pro/Shaders/TMPro.cginc.meta","213","2026-04-14T13:46:48.0000000Z","0c924e186f79658aff420d54575ded83492f48dbbe3ab9ea4439ef6ce799c8fc"
"Assets/TextMesh Pro/Sprites.meta","180","2026-04-14T13:46:48.0000000Z","a12889276c3ed48211e92ec2c7c6ff5a1c41cd6e8a7fa2b06883a4bdebbea9e9"
"Assets/TextMesh Pro/Sprites/EmojiOne Attribution.txt","187","2026-04-14T13:46:48.0000000Z","095907d2631301d08dbff9388fc0c278904fd86e18ba76bb0d401a790ade8f83"
"Assets/TextMesh Pro/Sprites/EmojiOne Attribution.txt.meta","165","2026-04-14T13:46:48.0000000Z","938914dbae57244fc250929bd4d8914e5680d3477a9965b5d8eb9e893299c5cc"
"Assets/TextMesh Pro/Sprites/EmojiOne.json","4122","2026-04-14T13:46:48.0000000Z","fa35c4a1b7cfc12e872bcba7d0d20702077a5478472b87d619b2c72bf5bb48d0"
"Assets/TextMesh Pro/Sprites/EmojiOne.json.meta","185","2026-04-14T13:46:48.0000000Z","d44b132c16ac22869dccc075d43857436c654625d58431ac5ed4e211c682953c"
"Assets/TextMesh Pro/Sprites/EmojiOne.png","112319","2026-04-14T13:46:48.0000000Z","a87b965a701de3dc31d7401e542b1fc946587f912c51d7a26e46ade9f098bd1a"
"Assets/TextMesh Pro/Sprites/EmojiOne.png.meta","10215","2026-04-14T13:46:48.0000000Z","950c4c4ebc21a770ba3dbf7b9821d958f6dda4094af59a66ada23f397d1e4e5b"
"git","0","2026-05-08T00:23:05.1690289Z","e3b0c44298fc1c149afbf4c8996fb92427ae41e4649b934ca495991b7852b855"
"Packages/manifest.json","1529","2026-05-02T04:43:34.0000000Z","3a1564cdc7df0ac03d21885c28eb0b1fb754c53521c3aa8afed9b7ff1bc37cb4"
"Packages/packages-lock.json","7510","2026-04-30T10:47:20.0000000Z","97aaa7f355e0417e6d17892b49fc869965607d3160a8bbf6395b9ec9d2a27867"
"ProjectSettings/AudioManager.asset","435","2026-04-14T13:46:48.0000000Z","25c2a87ad350347ac80539d989d2915350df66e30b19fc2537aa1268d9ea8dc1"
"ProjectSettings/ClusterInputManager.asset","120","2026-04-14T13:46:48.0000000Z","06a192320121e445dcff1ae8ddad2a948ff671ca134603c043d9f4e920427ea9"
"ProjectSettings/DynamicsManager.asset","1224","2026-04-14T13:46:48.0000000Z","8ebac39d3a736823133e41dd3a793d075765247f937e80bdfaf9ef5764974364"
"ProjectSettings/EditorBuildSettings.asset","761","2026-04-25T14:29:34.0000000Z","1b75e24fcb787f2d81aad41080764997374955259b0fb8b4dc87beaaac013ab7"
"ProjectSettings/EditorSettings.asset","1000","2026-04-14T13:46:48.0000000Z","70df78822b7748b0773a19a5e1f41f4f624cf4e436314a2984b3cb8a10480e37"
"ProjectSettings/GraphicsSettings.asset","2572","2026-04-14T13:46:48.0000000Z","98ae8eab2721bbff8ac623c7d818716c213cea832023e0eed9dc410138722599"
"ProjectSettings/HDRPProjectSettings.asset","870","2026-04-14T13:46:48.0000000Z","149c79b4b72cb350833ca013d1a676ba56b7e3489b3d13c8795f95bedf792fbf"
"ProjectSettings/InputManager.asset","10242","2026-04-14T13:46:48.0000000Z","17ebf6e47832d8e97feaa71831c075628aa112c4dfa6ad06b29427d731fac4ef"
"ProjectSettings/MemorySettings.asset","1227","2026-04-14T13:46:48.0000000Z","a660cb9890d880df92f3b80fa40723f183cc5ef2cb3ecc850b366191f05834c7"
"ProjectSettings/NavMeshAreas.asset","1399","2026-04-14T13:46:48.0000000Z","deca65f3094943a1af148cf64fd6c0deb503219d12de0e172b7f948d07a8e6a8"
"ProjectSettings/PackageManagerSettings.asset","987","2026-04-14T13:46:48.0000000Z","f53a76c34026a88721f56804da9dabeaa9ce38186387c7b37604074cc362b145"
"ProjectSettings/Packages/com.unity.testtools.codecoverage/Settings.json","64","2026-04-14T14:52:20.0000000Z","a40f81b0dcc795e422f5ca0881fe7dad4e26cb8fdb33244a70f110835c1a8d44"
"ProjectSettings/Physics2DSettings.asset","2084","2026-04-14T13:46:48.0000000Z","502f68770d5e38d371909eb4d89be7ec89a583a1464194de57df63591eda45b2"
"ProjectSettings/PresetManager.asset","153","2026-04-14T13:46:48.0000000Z","6ba879310e2be2e5ba18702578cda93b26b030ecd88e883fef22ab456a9f9697"
"ProjectSettings/ProjectSettings.asset","25280","2026-04-14T13:47:10.0000000Z","a13550486b62bc1bdd9b842ddf211c51c1e9d349fadeb452364c581d2ab3efdd"
"ProjectSettings/ProjectVersion.txt","91","2026-04-14T13:46:48.0000000Z","a19ccf581503cd51c0f9d36cf68609d8368b0b7e14329476548bf3fbc1d6512d"
"ProjectSettings/QualitySettings.asset","9135","2026-04-26T07:20:56.0000000Z","b8dc2b35914f812f0c944ccd42ad51cf1c3441c96bf5a31f9e1c7473e2fcb57f"
"ProjectSettings/SceneTemplateSettings.json","3654","2026-04-14T13:46:48.0000000Z","017f2e3f4c71e36d0b77cb5f84452fb363bf523b0779ae0b8d45e9c780c2883f"
"ProjectSettings/ScriptableBuildPipeline.json","325","2026-08-10T06:34:32.3738539Z","4532c5dc1530d7742b5625618bab6908074006d390a68f46a34183a11bbc7e0f"
"ProjectSettings/ShaderGraphSettings.asset","490","2026-04-25T14:37:06.0000000Z","733eb0b08f2d9e57a51cef99c450140b18ddd101065cad1b9cde9330899ed8c7"
"ProjectSettings/TagManager.asset","421","2026-04-14T13:46:48.0000000Z","9234e7ac4d5cd6d4d21b26fbbb2530b754e87a147df38e852bf774ccf5179b44"
"ProjectSettings/TimelineSettings.asset","452","2026-04-14T13:46:48.0000000Z","a7fd60886f1d831b464039b48cb494bdb4e84b86c7dfed5752a7e31235505583"
"ProjectSettings/TimeManager.asset","211","2026-04-14T13:46:48.0000000Z","6c320ee59ae1e55aa74558f012437f63cb9de59d69fda62fc321c4f1971c52cb"
"ProjectSettings/UnityConnectSettings.asset","1082","2026-04-14T13:46:48.0000000Z","ca3466f6d55df1ca5d8f04c64620742f8efc373b46be40819b5ba9657a8b53aa"
"ProjectSettings/VersionControlSettings.asset","196","2026-04-14T13:46:48.0000000Z","b693342eb84fb0378d21cd2a4557d900777709ad00c2ff5041c2d8451b6da246"
"ProjectSettings/VFXManager.asset","815","2026-04-14T13:46:48.0000000Z","f16dbe4225de4b93b4b733cc8ec80a165b7b1c2e4c887bcacb785d9f27757bae"
"ProjectSettings/XRSettings.asset","167","2026-04-14T13:46:48.0000000Z","71f175773593ba28d42bf1af0543b2a465e0316d3b8f435aebf48ea66b31b621"
