"AssetPath","Guid","Extension","Bytes","SHA256"
"Assets/_Game/公司战争Mesh/E01.mtl","d0e1720fc8a1da74fbd3ce130e09dbb2",".mtl","68","9e6ac3d35f39f0010d09270fc885b7518e49ee6bdcf7cca22a56e1b65ba52b0c"
"Assets/_Game/公司战争Mesh/E01.obj","0d357bc843467fc449dcb03de90d785c",".obj","2290","54e55e07427a814940969596591e26e662a6d0dce213eb8e6499553abdcf88eb"
"Assets/_Game/公司战争Mesh/E02.mtl","3019838e80f586c4c973df6a2e6d1383",".mtl","68","9e6ac3d35f39f0010d09270fc885b7518e49ee6bdcf7cca22a56e1b65ba52b0c"
"Assets/_Game/公司战争Mesh/E02.obj","b93ee5d3847a0794f812babe4d29280a",".obj","3974","74cb2618942fde540f5d8b400a2d1a0908a9c1f48d1e86da440b93bce2c71c62"
"Assets/_Game/公司战争Mesh/E03.mtl","de76c70e21f9aec478c228866953a1f4",".mtl","68","9e6ac3d35f39f0010d09270fc885b7518e49ee6bdcf7cca22a56e1b65ba52b0c"
"Assets/_Game/公司战争Mesh/E03.obj","12005994fcca52c4b8d2fd5cdacbf35c",".obj","2203","e216a5e697a2186ca551aff3e8dedb75e2dbecb279ed40b898cbbac64592b2aa"
"Assets/_Game/公司战争Mesh/E04.mtl","a84722f29eb728f48a15a79df0c5fccc",".mtl","68","9e6ac3d35f39f0010d09270fc885b7518e49ee6bdcf7cca22a56e1b65ba52b0c"
"Assets/_Game/公司战争Mesh/E04.obj","03247bb50d05fdd49a286f08cc21db3b",".obj","18096","ca9167fb0d37967c0a600528b8abb54554bd6bce7a8e570ee763c03aaed75095"
"Assets/_Game/公司战争Mesh/E05.mtl","0ca357c4ae0792540bd6600f4d7a07d5",".mtl","68","9e6ac3d35f39f0010d09270fc885b7518e49ee6bdcf7cca22a56e1b65ba52b0c"
"Assets/_Game/公司战争Mesh/E05.obj","918a22e108c12a9478a082e73d1f37fd",".obj","995","94238dcd5587f1f8670a574017235927b3ddb63150107ae6fe626f55f4f386ec"
"Assets/_Game/公司战争Mesh/E06.mtl","f2561113de807be42990485a00a410f8",".mtl","68","9e6ac3d35f39f0010d09270fc885b7518e49ee6bdcf7cca22a56e1b65ba52b0c"
"Assets/_Game/公司战争Mesh/E06.obj","dd417225aab6a77489d2548a1c00d922",".obj","63741","01a2e28bc3190bc14089fa751ff83c4f1757d5d862331529ba1b38c70a310c18"
"Assets/_Game/公司战争Mesh/E07.mtl","9448472245ea7cd4c81e94ec75db45af",".mtl","68","9e6ac3d35f39f0010d09270fc885b7518e49ee6bdcf7cca22a56e1b65ba52b0c"
"Assets/_Game/公司战争Mesh/E07.obj","21cf4eedfa860454780b294151efab40",".obj","153055","c7776de7935ec56380f58ea07b71db9c5aa43441393d013a562e39b891536559"
"Assets/_Game/公司战争Mesh/E08.mtl","7c6ad51ef32f8294ebac91d02ae83700",".mtl","69","1a5fde4a7502c795467249a34e1bdc55de2668715493a8f59cb969086ea0f904"
"Assets/_Game/公司战争Mesh/E09.mtl","b7b9d7789a92e7640b3c5b19836be3c4",".mtl","69","1a5fde4a7502c795467249a34e1bdc55de2668715493a8f59cb969086ea0f904"
"Assets/_Game/公司战争Mesh/E10.mtl","132f0fed7d3e0364580c338302196428",".mtl","69","1a5fde4a7502c795467249a34e1bdc55de2668715493a8f59cb969086ea0f904"
"Assets/_Game/公司战争Mesh/E11.mtl","7b2f7ff06c00eea40a231c67f26d14c5",".mtl","69","1a5fde4a7502c795467249a34e1bdc55de2668715493a8f59cb969086ea0f904"
"Assets/_Game/公司战争Mesh/E12.mtl","932a1fb6e95b0184c8a90156fe026dc5",".mtl","69","1a5fde4a7502c795467249a34e1bdc55de2668715493a8f59cb969086ea0f904"
"Assets/_Game/公司战争Mesh/E13.mtl","674dfee5f0aebdf4e925987848d19bc6",".mtl","69","1a5fde4a7502c795467249a34e1bdc55de2668715493a8f59cb969086ea0f904"
"Assets/_Game/公司战争Mesh/E14.mtl","434964c2988cda2418b32ec7f86dc2d9",".mtl","69","1a5fde4a7502c795467249a34e1bdc55de2668715493a8f59cb969086ea0f904"
"Assets/_Game/公司战争Mesh/E15.mtl","e1070ace2cadb4049b69c3f83ae19647",".mtl","69","1a5fde4a7502c795467249a34e1bdc55de2668715493a8f59cb969086ea0f904"
"Assets/_Game/公司战争Mesh/gongsizhanzheng.blend","914dcceac7b7e0e479511a9d67f38c70",".blend","2036792","feafdb319e45024b5ea2c1bd238e356149280dffe4342ec8309313769146112e"
"Assets/_Game/公司战争Mesh/gongsizhanzheng.glb","362598b7138d67743b766e155d413111",".glb","697880","d90a3cf831543d79858fd848d5d3532268b6e54d88fd23671c30cac5537d556b"
"Assets/_Game/公司战争Mesh/gongsizhanzheng2.blend","ed82e6a3252966741b37933e3c60a6a9",".blend","2256652","75716072f06c8e224f132c0ad1cb234d22ae9d0880a254230cf02169864ea683"
"Assets/_Game/公司战争Mesh/U01 (1).mtl","f220a07081e12d245ab758dbe5a3bdd9",".mtl","250","ff2c1e592d1548ccce73df28b37822830f4719e8b760e1237bc2ed9e8ff26831"
"Assets/_Game/公司战争Mesh/U01 (1).obj","e248556be247cdc42b71085bf19141a7",".obj","64551","2f5d15fd6eb93f3eff81b09e98e71bea5798d63893c60ca1c2bbb1906fdd633e"
"Assets/_Game/公司战争Mesh/U01.mtl","9978fa10e211daf42a78216d1998e840",".mtl","250","ff2c1e592d1548ccce73df28b37822830f4719e8b760e1237bc2ed9e8ff26831"
"Assets/_Game/公司战争Mesh/U01.obj","3ab07e87d3c064643b899785b512466e",".obj","64551","2f5d15fd6eb93f3eff81b09e98e71bea5798d63893c60ca1c2bbb1906fdd633e"
"Assets/_Game/公司战争Mesh/U02 (1).mtl","865ea8eb678995d479305e0dc2bf7cdd",".mtl","250","ff2c1e592d1548ccce73df28b37822830f4719e8b760e1237bc2ed9e8ff26831"
"Assets/_Game/公司战争Mesh/U02 (1).obj","3bbc70625eec1b2449500291751ba873",".obj","69321","8ee125a03454ce74ba11c57f9c43ca76e116131d8b67a9d0ffe2a0c01dcde7a4"
"Assets/_Game/公司战争Mesh/U02.mtl","566527feaa02fa342ba1db3caed081f3",".mtl","250","ff2c1e592d1548ccce73df28b37822830f4719e8b760e1237bc2ed9e8ff26831"
"Assets/_Game/公司战争Mesh/U02.obj","241e47f91349103469f1883d85c335c1",".obj","69321","8ee125a03454ce74ba11c57f9c43ca76e116131d8b67a9d0ffe2a0c01dcde7a4"
"Assets/_Game/公司战争Mesh/U03 (1).mtl","5fa2cfeb0d5e3974793ce114456970ef",".mtl","250","ff2c1e592d1548ccce73df28b37822830f4719e8b760e1237bc2ed9e8ff26831"
"Assets/_Game/公司战争Mesh/U03 (1).obj","be1a30b7f7acc804ebcfa219288fdef0",".obj","144204","1a6ad5d05b40c90fcc0372ecdc49624d4a7c1ddc9b353b435e64de8ca85ec564"
"Assets/_Game/公司战争Mesh/U03.mtl","f25d9d41388e1c54391b666d6aeeb2cc",".mtl","250","ff2c1e592d1548ccce73df28b37822830f4719e8b760e1237bc2ed9e8ff26831"
"Assets/_Game/公司战争Mesh/U03.obj","70dbf0e1d29a75a48ac70a81ea806b48",".obj","144204","1a6ad5d05b40c90fcc0372ecdc49624d4a7c1ddc9b353b435e64de8ca85ec564"
"Assets/_Game/公司战争Mesh/U04 (1).mtl","9f806bc2763ee6d41ad0453963d6df40",".mtl","68","9e6ac3d35f39f0010d09270fc885b7518e49ee6bdcf7cca22a56e1b65ba52b0c"
"Assets/_Game/公司战争Mesh/U04 (1).obj","89fa3378ef1b1454db302c85a4810231",".obj","3931","9a38a365b3ec00f86f8f02ba59bfa62942e7a8fe4bee6b0abb28dfa3b8687901"
"Assets/_Game/公司战争Mesh/U04.mtl","856ffa674aca506489bd57cb1c919784",".mtl","68","9e6ac3d35f39f0010d09270fc885b7518e49ee6bdcf7cca22a56e1b65ba52b0c"
"Assets/_Game/公司战争Mesh/U04.obj","d38853095625c274ca191c6b25a499fb",".obj","3931","9a38a365b3ec00f86f8f02ba59bfa62942e7a8fe4bee6b0abb28dfa3b8687901"
"Assets/_Game/公司战争Mesh/U05 (1).mtl","51dc34fa49bb93546b791f52e2e6e863",".mtl","68","9e6ac3d35f39f0010d09270fc885b7518e49ee6bdcf7cca22a56e1b65ba52b0c"
"Assets/_Game/公司战争Mesh/U05 (1).obj","e6c3982a52da5ea479a8bafa4096b3ab",".obj","7410","6d8766fdc6dc274069fa544790b3e7364d412340d50630bb517243f8e8578517"
"Assets/_Game/公司战争Mesh/U05.mtl","0b4bfdc141815e54c92eb01229936056",".mtl","68","9e6ac3d35f39f0010d09270fc885b7518e49ee6bdcf7cca22a56e1b65ba52b0c"
"Assets/_Game/公司战争Mesh/U05.obj","c6ebee0463cbbe542acfd6adf15dfadc",".obj","7410","6d8766fdc6dc274069fa544790b3e7364d412340d50630bb517243f8e8578517"
"Assets/_Game/公司战争Mesh/U06 (1).mtl","e65efd8f04d0183428812ccb39cd10bc",".mtl","68","9e6ac3d35f39f0010d09270fc885b7518e49ee6bdcf7cca22a56e1b65ba52b0c"
"Assets/_Game/公司战争Mesh/U06 (1).obj","cc7e9503c9489314988045ae1093965a",".obj","55232","d67078953187c4786242c5db2c7c8ee37012adee3ebd306dd48076f3d367fadf"
"Assets/_Game/公司战争Mesh/U06.mtl","8685677db44d4c9439c011423659a570",".mtl","68","9e6ac3d35f39f0010d09270fc885b7518e49ee6bdcf7cca22a56e1b65ba52b0c"
"Assets/_Game/公司战争Mesh/U06.obj","8eed92792ffcf6d40a9ada7e9b417e84",".obj","55232","d67078953187c4786242c5db2c7c8ee37012adee3ebd306dd48076f3d367fadf"
"Assets/_Game/公司战争Mesh/U07 (1).mtl","ad0bd20e80f851246a308c966b65ac1d",".mtl","68","9e6ac3d35f39f0010d09270fc885b7518e49ee6bdcf7cca22a56e1b65ba52b0c"
"Assets/_Game/公司战争Mesh/U07 (1).obj","dc5e4043be9e8854b97fa3eded5a49dc",".obj","282033","919f7a55284664345635d3fca6bf25e23990ec71514645ea6df33ef26e26904a"
"Assets/_Game/公司战争Mesh/U07.mtl","ae75087100451d640978dee64f6cab6b",".mtl","68","9e6ac3d35f39f0010d09270fc885b7518e49ee6bdcf7cca22a56e1b65ba52b0c"
"Assets/_Game/公司战争Mesh/U07.obj","49aaedab9f033f7499e9c8bb8e53806a",".obj","282033","919f7a55284664345635d3fca6bf25e23990ec71514645ea6df33ef26e26904a"
"Assets/_Game/公司战争Mesh/U08 (1).mtl","6ccb3780196fe954281aaa0dc82b568c",".mtl","68","9e6ac3d35f39f0010d09270fc885b7518e49ee6bdcf7cca22a56e1b65ba52b0c"
"Assets/_Game/公司战争Mesh/U08 (1).obj","c86bd68c71769f44ebe2954f64fc7bc7",".obj","10966","d78d624710276e5c4460cbe8c1330f403910f0f5a8980eebf40768a255521889"
"Assets/_Game/公司战争Mesh/U08.mtl","8cb92f5ba5e7e7c469e4b7e973336898",".mtl","68","9e6ac3d35f39f0010d09270fc885b7518e49ee6bdcf7cca22a56e1b65ba52b0c"
"Assets/_Game/公司战争Mesh/U08.obj","d5f36ee524d013644a2788ab71b64eae",".obj","10966","d78d624710276e5c4460cbe8c1330f403910f0f5a8980eebf40768a255521889"
"Assets/_Game/公司战争Mesh/U09 (1).mtl","2fcd9c706de75bc44b93b03eca54afca",".mtl","68","9e6ac3d35f39f0010d09270fc885b7518e49ee6bdcf7cca22a56e1b65ba52b0c"
"Assets/_Game/公司战争Mesh/U09 (1).obj","21db9986258ea2e4793f292e40f9dd2d",".obj","27407","6f4d6f3082a05c1727c8b227aac1109ed1826821a3e967c2afe431b1439b8cc3"
"Assets/_Game/公司战争Mesh/U09.mtl","8c509e983757a0d439aa760ec6ce9c08",".mtl","68","9e6ac3d35f39f0010d09270fc885b7518e49ee6bdcf7cca22a56e1b65ba52b0c"
"Assets/_Game/公司战争Mesh/U09.obj","71961eac56626e843b49311677878c82",".obj","27407","6f4d6f3082a05c1727c8b227aac1109ed1826821a3e967c2afe431b1439b8cc3"
"Assets/_Game/公司战争Mesh/U10 (1).mtl","7854a65c8dbd3a54c826ff511f4faac0",".mtl","68","9e6ac3d35f39f0010d09270fc885b7518e49ee6bdcf7cca22a56e1b65ba52b0c"
"Assets/_Game/公司战争Mesh/U10 (1).obj","1f4fc2bb3e639c24b9353bfb366b7f9e",".obj","3308","9611f7c878f2f85bd97760e44064f65f2c3876064a285ee3912562d8e2b1cda9"
"Assets/_Game/公司战争Mesh/U10.mtl","8a4b4cad3d5c1124f9ff1924b4519580",".mtl","68","9e6ac3d35f39f0010d09270fc885b7518e49ee6bdcf7cca22a56e1b65ba52b0c"
"Assets/_Game/公司战争Mesh/U10.obj","0221b486e1d6add49a03c67d6f62a0b7",".obj","3308","9611f7c878f2f85bd97760e44064f65f2c3876064a285ee3912562d8e2b1cda9"
"Assets/_Game/公司战争Mesh/U11 (1).mtl","373913168748a04479d19e507a1013c3",".mtl","68","9e6ac3d35f39f0010d09270fc885b7518e49ee6bdcf7cca22a56e1b65ba52b0c"
"Assets/_Game/公司战争Mesh/U11 (1).obj","ccf501d4dcb603946a5bdf8ed4832d31",".obj","3298","ba25cd52ebdc571fbca7e29e563bb7de812b208d315ca4ef5aad839bf8924415"
"Assets/_Game/公司战争Mesh/U11.mtl","4d4f5336cb2aa7d4ab70ebe7319733bb",".mtl","68","9e6ac3d35f39f0010d09270fc885b7518e49ee6bdcf7cca22a56e1b65ba52b0c"
"Assets/_Game/公司战争Mesh/U11.obj","04bc8d35a6d6c6645b68d8ecd2eb5de8",".obj","3298","ba25cd52ebdc571fbca7e29e563bb7de812b208d315ca4ef5aad839bf8924415"
"Assets/_Game/公司战争Mesh/U12 (1).mtl","7d9bd4cf901567c4a9d6a0c51a80fbe1",".mtl","68","9e6ac3d35f39f0010d09270fc885b7518e49ee6bdcf7cca22a56e1b65ba52b0c"
"Assets/_Game/公司战争Mesh/U12 (1).obj","8bbd66d610d43af43afba750fb1d421b",".obj","59055","2c42f5139b7829886f828ccb5c41dd9ef1c2590684fbca34993c15052b2fe14c"
"Assets/_Game/公司战争Mesh/U12.mtl","4da5055eef322f149ac0777bd0789597",".mtl","68","9e6ac3d35f39f0010d09270fc885b7518e49ee6bdcf7cca22a56e1b65ba52b0c"
"Assets/_Game/公司战争Mesh/U12.obj","1ddd431f5a392b94898ec7ec8ff928a8",".obj","59055","2c42f5139b7829886f828ccb5c41dd9ef1c2590684fbca34993c15052b2fe14c"
"Assets/_Game/公司战争Mesh/U13.mtl","9768ae8966e233c478a6f1be5212b4e4",".mtl","69","1a5fde4a7502c795467249a34e1bdc55de2668715493a8f59cb969086ea0f904"
"Assets/_Game/公司战争Mesh/U14.mtl","4e9f52b4318e6894aacc3df53b6266c5",".mtl","69","1a5fde4a7502c795467249a34e1bdc55de2668715493a8f59cb969086ea0f904"
"Assets/_Game/公司战争Mesh/U15.mtl","d676a4004c86bcb4ba9b0f0f1a534381",".mtl","69","1a5fde4a7502c795467249a34e1bdc55de2668715493a8f59cb969086ea0f904"
"Assets/_Game/公司战争Mesh/U16.mtl","bbccf571068e80f42b5b842a996cf1a7",".mtl","69","1a5fde4a7502c795467249a34e1bdc55de2668715493a8f59cb969086ea0f904"
"Assets/_Game/公司战争Mesh/U17.mtl","05c9d8277f5ba7842ab3d74372eaa939",".mtl","69","1a5fde4a7502c795467249a34e1bdc55de2668715493a8f59cb969086ea0f904"
"Assets/_Game/公司战争Mesh/U18.mtl","57e9ea768412fa444b9390d0e866a370",".mtl","69","1a5fde4a7502c795467249a34e1bdc55de2668715493a8f59cb969086ea0f904"
"Assets/_Game/公司战争Mesh/U19.mtl","ccc0c126fe5049f4c92e09ebf71c356d",".mtl","69","1a5fde4a7502c795467249a34e1bdc55de2668715493a8f59cb969086ea0f904"
"Assets/_Game/公司战争Mesh/U20.mtl","ce1675c598de97b41b4bdfb134a77c01",".mtl","69","1a5fde4a7502c795467249a34e1bdc55de2668715493a8f59cb969086ea0f904"
"Assets/_Game/公司战争Mesh/U21.mtl","62bcaa0a077cdaf43aaf9afdbc6f549a",".mtl","69","1a5fde4a7502c795467249a34e1bdc55de2668715493a8f59cb969086ea0f904"
"Assets/_Game/公司战争Mesh/U22.mtl","281debb1a33de4243a3117c46aa2adbc",".mtl","69","1a5fde4a7502c795467249a34e1bdc55de2668715493a8f59cb969086ea0f904"
"Assets/_Game/公司战争Mesh/U23.mtl","036b425ad83a556458a6870554c1c6c2",".mtl","69","1a5fde4a7502c795467249a34e1bdc55de2668715493a8f59cb969086ea0f904"
"Assets/_Game/公司战争Mesh/U24.mtl","7c2eba6968f09b0449a4363f81af5f35",".mtl","69","1a5fde4a7502c795467249a34e1bdc55de2668715493a8f59cb969086ea0f904"
"Assets/_Game/Art/Fonts/Default SDF.asset","18b6fa968446e1d4a9241d201d4366f1",".asset","2127684","70f2c5e66e759f7240c14da7f1b7b5db52ccbd0dc16ab394e687cef442fd89d5"
"Assets/_Game/Art/Fonts/Default.ttf","40552c6c6b56118409f41b5054cfdb44",".ttf","1365108","096544754b0957f19c2b58041448a9f4215156de7e14c2a9d03a37f40f45fc98"
"Assets/_Game/Art/Materials/E01.mtl","51ac96b79b2afdd42820dabc71ad80e1",".mtl","70","62b88232bed4c7295f9d971d617b84a5a0e11d6547564dbade981d3224976be0"
"Assets/_Game/Art/Materials/E02.mtl","3c90f64bf58de5145aa440ea2a0efd1d",".mtl","70","62b88232bed4c7295f9d971d617b84a5a0e11d6547564dbade981d3224976be0"
"Assets/_Game/Art/Materials/E03.mtl","9afff5f28623303468e212bd76ad88d5",".mtl","70","62b88232bed4c7295f9d971d617b84a5a0e11d6547564dbade981d3224976be0"
"Assets/_Game/Art/Materials/E04.mtl","bc5ac95237520c84f8f6628a6bc3ad96",".mtl","70","62b88232bed4c7295f9d971d617b84a5a0e11d6547564dbade981d3224976be0"
"Assets/_Game/Art/Materials/E05.mtl","c221f5545add6654d9944d183f407bf3",".mtl","70","62b88232bed4c7295f9d971d617b84a5a0e11d6547564dbade981d3224976be0"
"Assets/_Game/Art/Materials/E06.mtl","3d31df68cd9e5494f93db2e48f6e343b",".mtl","70","62b88232bed4c7295f9d971d617b84a5a0e11d6547564dbade981d3224976be0"
"Assets/_Game/Art/Materials/E07.mtl","0e0a28f46018d1342a61f044ab79d9f3",".mtl","70","62b88232bed4c7295f9d971d617b84a5a0e11d6547564dbade981d3224976be0"
"Assets/_Game/Art/Materials/Mat_E01.mat","a326d73ee601f3946ab28f97c0edc432",".mat","2273","313eb1cfd3a4b96e1d52c0874ce5f8a596504ca0d76ce640a850dd4985bb28e8"
"Assets/_Game/Art/Materials/Mat_E02.mat","b90d41f36eabe7548aa88b2adee64dd9",".mat","2273","ebf288c6fae697b65c753d694725ddfe7a4f14964e597ef1e583a1b13b5e2670"
"Assets/_Game/Art/Materials/Mat_E03.mat","bac1006a7a3b30d4580c7d8511aa5d7d",".mat","2270","20f3f0aafe9f6699989e8a69550cd4762ec4911a076fcfc72c8e48356ba52f74"
"Assets/_Game/Art/Materials/Mat_E04.mat","36538b0bee233ac4f803779abc0b3d3c",".mat","2270","252e6e8afe24ef1fa542bbc5749ddb61d8cb306e6143e5fba10d9e7974383406"
"Assets/_Game/Art/Materials/Mat_E05.mat","59ff1a66bbf66754f8613e3d8ae5f1d6",".mat","2270","4ab53f910b4eb69128312db0ca890baef64df81d59ed163c82fc8a7f841f5ace"
"Assets/_Game/Art/Materials/Mat_E06.mat","184cbfe1ed6d3c241b7ec9d9b5d2326d",".mat","2270","9a315c04911f90a2f0b4ab7d7f8dce09e8a1e851c674bcb83083e3e5be469ee2"
"Assets/_Game/Art/Materials/Mat_E07.mat","73e65bf99733ab54ebbdacf1938482a6",".mat","2270","8b77a2bc9ddcab394d1035115bead8cb67b023225accc0d83b18d604b0174615"
"Assets/_Game/Art/Materials/Mat_E08.mat","55741e45fc3691847a2f45b30ef5a003",".mat","2190","5d01399a8a1fe794371be9472eef57259fedcb313e57cee18b772cf17b1ff599"
"Assets/_Game/Art/Materials/Mat_E09.mat","d1529e003ebb68b4a8fddc9445891703",".mat","2190","2b8a64b3a0e9e1aab148f2ab6ceb028e322807073c87ec4d98101444baa03c70"
"Assets/_Game/Art/Materials/Mat_E10.mat","946a34b62259c4b4ca04041892ffa3d4",".mat","2190","344db7b9c33dd2a21b3a87dac3f0177093a5aa0bce23e706846b9dd86303ee8f"
"Assets/_Game/Art/Materials/Mat_E11.mat","e57af6a74927ea84a9adc614cb2c3735",".mat","2190","b970b8665078a748da49c7f98200424bb08d9d5fc2989484d27dbde7bca0fb1c"
"Assets/_Game/Art/Materials/Mat_E12.mat","a86202c880d3fba4fa27159ebf1b7490",".mat","2190","df2517e7c911b23e7e2821057cfd7661bbd779a57f46d5356aa81ee9e3cce53e"
"Assets/_Game/Art/Materials/Mat_E13.mat","b58db6350087459478242d652c66a163",".mat","2190","ff3e9cc42208fe02045beaaaba305db6274f174a5863d3f9cb92fbb289db13e8"
"Assets/_Game/Art/Materials/Mat_E14.mat","aaca0c6455e6e3444ad38b6412489284",".mat","2190","0d7c338e91472e82c566a2e9c870b13b287109788d2dd7ef240290e700a9ac69"
"Assets/_Game/Art/Materials/Mat_E15.mat","06918f90dbd0876479cfb590c588234a",".mat","2190","bf3544f4df8953e283710539b4c30e83269cf4175fdf67a2f93f03a53e0d9398"
"Assets/_Game/Art/Materials/Mat_U01.mat","17b34ab7ec0f811408ec679715b1f948",".mat","2270","f0ac883518ebdfaa3a36b9680f369b1c0cd4cead02a31b546b36b294cdac0087"
"Assets/_Game/Art/Materials/Mat_U02.mat","438f0d08aa1f62c4686e02c63d384a11",".mat","2270","282883593d6d46b9462a28730944da5ab40b312290a961936b77022723269b98"
"Assets/_Game/Art/Materials/Mat_U03.mat","6793e13dbe221bf429465870727968c4",".mat","2270","b8e59430fd40f6e91ec99acd0ab26a469f5183c68e59e70400f49f916bd806db"
"Assets/_Game/Art/Materials/Mat_U04.mat","1493adaf1f830864e8af4a3a43b3a985",".mat","2270","95f07e4f660fe5bb1e2e78cc4fe650f2723b9e13483c72b686a6fe5d1e7a7c54"
"Assets/_Game/Art/Materials/Mat_U05.mat","48a6d779e006b0a4fa141441db99d119",".mat","2270","e9aea11f040e1f29097b0504cc291fa32fb31728574daf72eedc46c86b3462ab"
"Assets/_Game/Art/Materials/Mat_U06.mat","fb0604fa3d16917498aeb02a486307d1",".mat","2270","fc4117d776e9de3e1853f805399102c19d4ec5e4bb7dc4b6ffdaf6694e63911a"
"Assets/_Game/Art/Materials/Mat_U07.mat","bbf650704adc8aa40bbd817142700a02",".mat","2270","debb453d1fe4c3e4af599f5dbec33bff9a1d612b10128c8900ac536c4e4bb0c7"
"Assets/_Game/Art/Materials/Mat_U08.mat","5d8270a19d0c3ba49a2cb64251d3873f",".mat","2270","67c4f91e648c02530369e62c21dd3fa0165e7851da3af36b3e4a7913366b37a6"
"Assets/_Game/Art/Materials/Mat_U09.mat","d191714826e7cfd4ea54b1c71a144c74",".mat","2270","9ff0f067b12f15e3d01d6f3388c9433bd219792204caaf44f2e124a85809145a"
"Assets/_Game/Art/Materials/Mat_U10.mat","d8f8773c839b51a47a9efdcaed2abd5e",".mat","2272","c3c7db28ca86a5aea844152049fef36dc7c85e82a0a2a5127e7d21c073053347"
"Assets/_Game/Art/Materials/Mat_U11.mat","1f1085ead6f614f4c90d2205e9b00e82",".mat","2272","31e2e3ffc62b91e40be7b7746dcf62324e50d5b04344beed084e879dedaad5d4"
"Assets/_Game/Art/Materials/Mat_U12.mat","2147c28186a7299469433e782704d536",".mat","2270","0f4cdae42d745258cfc0518e30effe4a64d2b7cb7e1cc30742fcc3590f3d1d0e"
"Assets/_Game/Art/Materials/Mat_U13.mat","827d6fbfd139a1e4b96b0f5514d1182a",".mat","2181","65dbd30c6e36697155503a69595ef4a4d2e35d6edf3e46591e2edfcbeb866bf5"
"Assets/_Game/Art/Materials/Mat_U15.mat","1f992d9977143f84fb2b093383f76dbc",".mat","2181","82496b8ec2e47888ccd954b5a9467045b75e3c953f047a967688dba8ee7af981"
"Assets/_Game/Art/Materials/Mat_U16.mat","cf1fbe87ebc762e4494c700b2da97c90",".mat","2181","6b254198e06e748bff8fa83176ea453707efcab36cb0213bd456fec089b6e7e7"
"Assets/_Game/Art/Materials/Mat_U17.mat","7eecd33d48a0c3c45948b75a96738957",".mat","2181","ff729b8450c31548b157ccb74ea6c51a5b62fb127ef07ffd95cb782163cf2d06"
"Assets/_Game/Art/Materials/Mat_U18.mat","650ebd669a825974fb456ee5c5558696",".mat","2181","1b20172e65c3d439a730de013683dd8df7e71cf56b8021f2a36a6648e1154808"
"Assets/_Game/Art/Materials/Mat_U19.mat","476ab43df98a3c745976b25fc66c2bd6",".mat","2181","227eea49cfc1d883b5c80a0ccb8ff31a460f9345e9dcba6deb6304d7acedc90e"
"Assets/_Game/Art/Materials/Mat_U20.mat","1d59cd44ecfa9df4fadbd3f0f8a5ff35",".mat","2181","3077dfacdb169a426fcf5a1f7d9ac3bf5ba24397fb1b8eda91bb1aaea31a5a31"
"Assets/_Game/Art/Materials/Mat_U21.mat","909c865c9a68d5148b4b1ad1568abec4",".mat","2181","e353c3cb014a708b6a8e4d3bcd59d398a4fe1cdd6a6a51545d8b26df0456327a"
"Assets/_Game/Art/Materials/Mat_U22.mat","c8e79dc34b988ee4e81125ff5822bc2a",".mat","2181","72db80c950dec438044dcb07e71654eb85615517ff4a93b72d2fe58b928c9915"
"Assets/_Game/Art/Materials/Mat_U23.mat","b75c2872c5e06234dafa2a8bcacb768b",".mat","2181","f0de7b0c071f0953fe0b09ce8682bce4d9ed9bf0c7b1e8e5672e8a5a1172caf6"
"Assets/_Game/Art/Materials/Mat_U24.mat","b42cfda76b577b945a64ff70ab963ba5",".mat","2181","9d5da7ace94887309b26198bd9698b952ee119566566cb56c564f2fabe328923"
"Assets/_Game/Art/Materials/U01.mtl","f62d07fe85d7067448ce65fac1e24dcc",".mtl","262","0f558c3259463a13cc87c98c8cccabb8879537654a8e2f900796e7c3bb1a38d6"
"Assets/_Game/Art/Materials/U02.mtl","5d4c355ba24360941b879fa994973b47",".mtl","262","0f558c3259463a13cc87c98c8cccabb8879537654a8e2f900796e7c3bb1a38d6"
"Assets/_Game/Art/Materials/U03.mtl","087f94cda45c3f24188bfad1bc192e46",".mtl","262","0f558c3259463a13cc87c98c8cccabb8879537654a8e2f900796e7c3bb1a38d6"
"Assets/_Game/Art/Materials/U04.mtl","16a5c005300e99942be8316c7ebddef4",".mtl","70","62b88232bed4c7295f9d971d617b84a5a0e11d6547564dbade981d3224976be0"
"Assets/_Game/Art/Materials/U05.mtl","39896cef733de95468a548db1d577906",".mtl","70","62b88232bed4c7295f9d971d617b84a5a0e11d6547564dbade981d3224976be0"
"Assets/_Game/Art/Materials/U06.mtl","1124702619dda99478239f155e89e8f7",".mtl","70","62b88232bed4c7295f9d971d617b84a5a0e11d6547564dbade981d3224976be0"
"Assets/_Game/Art/Materials/U07.mtl","fdc2e2167d6373b498d4ff049e800a2b",".mtl","70","62b88232bed4c7295f9d971d617b84a5a0e11d6547564dbade981d3224976be0"
"Assets/_Game/Art/Materials/U08.mtl","063574183aab9304da9d6b5a19002840",".mtl","70","62b88232bed4c7295f9d971d617b84a5a0e11d6547564dbade981d3224976be0"
"Assets/_Game/Art/Materials/U09.mtl","999e90e1507d7444abe5dbcc8f82cb1d",".mtl","70","62b88232bed4c7295f9d971d617b84a5a0e11d6547564dbade981d3224976be0"
"Assets/_Game/Art/Materials/U10.mtl","c761ecff87b28d444bc3afbb638f2393",".mtl","70","62b88232bed4c7295f9d971d617b84a5a0e11d6547564dbade981d3224976be0"
"Assets/_Game/Art/Materials/U11.mtl","a9ab1cff6c2464346b52b848e2d3ba31",".mtl","70","62b88232bed4c7295f9d971d617b84a5a0e11d6547564dbade981d3224976be0"
"Assets/_Game/Art/Materials/U12.mtl","3e4489d1adc83df479ce160edb76a0f1",".mtl","70","62b88232bed4c7295f9d971d617b84a5a0e11d6547564dbade981d3224976be0"
"Assets/_Game/Art/Models/Buildings/棋盘part (1).fbx","763ebb504fdeb4942820ed90dec0aba5",".fbx","83212","589edd3577534157a414c1e19e6f91ecb6b7093ee89af002294d75c08cd38958"
"Assets/_Game/Art/Models/Units/储装罐.fbx","c0818a9eb1d150444aaadd1048a4900e",".fbx","55756","f1f76da169d860ad0d11471db7f37e7511cb493cdc0e50c887abfa452e2e660b"
"Assets/_Game/Art/Models/Units/服务器终端.fbx","264c12050013dab43af7408b8c3f700d",".fbx","101260","52f7898b6c358b93701e90f2ecb9afcc70edd7bfa7821cfe92298ef516721da0"
"Assets/_Game/Art/Models/Units/货运单元1.fbx","fea551d4671500943bbe4999a2800898",".fbx","35036","5a70e7d98ebaa5e2da07b4feb0755b02e1e8d8ba0994099a4c353d9ca3262d82"
"Assets/_Game/Art/Models/Units/货运单元2.fbx","58ff4bfa395aa2042afdcf677af05f31",".fbx","46556","695a30f79db0138245999c296f9b9c522b6ba76f780e2640c746c11b2179ca4f"
"Assets/_Game/Art/Models/Units/栏杆左到右123.fbx","7689946513271c64685b6bcd7891a48b",".fbx","25836","fdc6d4744b47450dcb3d4f35035a914dde778b0d51d1b5293e94cc407371ed7c"
"Assets/_Game/Art/Models/Units/信号基站（拆件.fbx","8c03e22f708eb6e4c94555130a307cd4",".fbx","124796","b4eca897d49d64f28b18dda098cc0e1c94959c47d702d32b9a5b1a5425d1af74"
"Assets/_Game/Art/Prefabs/Buildings/PF_E06.prefab","0b36364c0d8c8c34a91ea39f779676fc",".prefab","3104","15e22caa920b1567b5287ac4003d6795202f54908168f70028283b69d8d139cb"
"Assets/_Game/Art/Prefabs/Buildings/PF_E07.prefab","0f913102eb457e246b99ac01ec3e9871",".prefab","3104","871e3c65709237c520e686abd8e64473475ae8f0cab860040464a639134de66f"
"Assets/_Game/Art/Prefabs/Buildings/PF_E12.prefab","fab33d89383fd1c4b8efda8342a40c0d",".prefab","3098","24b6f930db3008a3548202cc51255d17f673b41387829d98d41fe246558102e8"
"Assets/_Game/Art/Prefabs/Buildings/PF_E13.prefab","6c39343024583ed40bd086fabae27a4a",".prefab","3100","3eff0289ea1b3c6ab6ee05d6c39b0dd1326e2a41b858d4983c0c3287ce0320c4"
"Assets/_Game/Art/Prefabs/Buildings/PF_E14.prefab","4a461845f45e66045bc08178c5e36df1",".prefab","3098","6e2eecad960039d0d6355396ccd94edd894ded7af80fe425df5aac5c34074c8d"
"Assets/_Game/Art/Prefabs/Buildings/PF_E15.prefab","97caf04fd249b9c4da40585470779da8",".prefab","3097","faabe335d3560feefb1d5ff84fc125c9c85ed0bde861b88a4fde27afc9cc64d2"
"Assets/_Game/Art/Prefabs/Buildings/PF_U08.prefab","ee7ac5a833270d446ae6c3787e444708",".prefab","5102","74f0828808da8956b1bd69ff2cb23d13634b13560e2f83e1f4379a3976e1beff"
"Assets/_Game/Art/Prefabs/Buildings/PF_U09.prefab","6845248e04083fd42b808f80be8c3fe3",".prefab","5104","7aa1a5052a4444ad445014ee833839c269204358e1de4637f02e6f96021a9339"
"Assets/_Game/Art/Prefabs/Buildings/PF_U10.prefab","5fa9b6c8177baab4ab16f8559880f134",".prefab","5656","f345c124eff187e964bd832a78724eba815fc9303780f5414546ec992f352992"
"Assets/_Game/Art/Prefabs/Buildings/PF_U11.prefab","7552d5651be231e4282c60170d3b8b34",".prefab","5658","d64a8922dabdbf5f5ce305a3041bbd3cdd0811166e8c37862dee409b3da47cca"
"Assets/_Game/Art/Prefabs/Buildings/PF_U21.prefab","236de9af2145e5b4592c70791efeda84",".prefab","5102","935450296180732b1fba4bea37672082cfc4bef0012d97f4a8a0343d19c828a5"
"Assets/_Game/Art/Prefabs/Enemies/E01.obj","238f29122c41a364eb7b3e4f655bbdbd",".obj","2385","f8c2a570c694d1a386adbd5433cdf7b6bf6a89a9e9ee2879d7bf90e0fc8dd724"
"Assets/_Game/Art/Prefabs/Enemies/E02.obj","16446927d982c0c49a365b924471b526",".obj","4135","0c328a6593b8f98410d3b7306276be89687e37bc71030ed7f9317ca684efd5ce"
"Assets/_Game/Art/Prefabs/Enemies/E03.obj","4de432e60752e664d920c0b36e935fcb",".obj","2296","1f36b959a4082b113e60a2728c78106aeb6ec2fd5936fa5f3f639ef40b05c7d3"
"Assets/_Game/Art/Prefabs/Enemies/E04.obj","df1b59c671db8b745a601fb51e5bec31",".obj","18739","c064b3c872ef680877a1b1e5250baa7574f2c89d509d8ee01659cf93a7def83c"
"Assets/_Game/Art/Prefabs/Enemies/E05.obj","61509fb255c7c9947bd3fb9f1541173d",".obj","1040","8863d61b626a302fa07b565ddd3fd3d2f78e60d72e4a75e086a890fe2cb166bc"
"Assets/_Game/Art/Prefabs/Enemies/E06.obj","a777358e34edbdf49861532e189ba8ca",".obj","65844","4d468725bf186c6084473e7c449296005924becf1cc5268c1c433e5a2b02ae4a"
"Assets/_Game/Art/Prefabs/Enemies/E07.obj","9d74b1d99b6ef28439647be3ccc81bf4",".obj","158088","c0606e17bd55aeed77e149cca974dd7e9d252187ab6ecb27a5afea6a79ba005f"
"Assets/_Game/Art/Prefabs/Enemies/E08.obj","f8d5e6393b232c1428ec550c27bc5f1d",".obj","10056","161c72777a10a6a943f9660d298eb322c4217158d2397e522850b8940bcfdd8d"
"Assets/_Game/Art/Prefabs/Enemies/E09.obj","8a62d6697b920b646b10d8414053d945",".obj","4233","29aaec93db567df0084e981fe9e1f87095aec4b17d761e349d50bb20b9457b6d"
"Assets/_Game/Art/Prefabs/Enemies/E10.obj","f5f0d768aeb0f4f469e032b82dfc4a4f",".obj","117823","1b4d479f9cccd28bf75814376308dd6df9051c98e227772e4031fa7a5c640c61"
"Assets/_Game/Art/Prefabs/Enemies/E11.obj","07f1aa649602868468258e90b486067e",".obj","266661","d90022a1dad275896df3087349e4ccd824741f709882d42f7251987c199d96de"
"Assets/_Game/Art/Prefabs/Enemies/E12.obj","f32f5b570720cf840b7e705c2b805218",".obj","25863","f3111988b807248fb6258e0e8b424c6aafc705580b8e4bc1394f73edc7ba7cd0"
"Assets/_Game/Art/Prefabs/Enemies/E13.obj","de28f16d77bab57459ffaa21afdf865d",".obj","44458","3f25637c964c3f8c884028eb78a5f7adb5b2bd91fdd5f3a73d2e5ebb9caf649f"
"Assets/_Game/Art/Prefabs/Enemies/E14.obj","b4c7924372a91c94cb67e74c7474fec8",".obj","1378","23032843f96198d65e78d2867fd2e312128172a7c1242beaf436b7ab96a6d488"
"Assets/_Game/Art/Prefabs/Enemies/E15.obj","5bcd0a2406511c34fac1e82cec47397d",".obj","145926","0815f8ff2f855612bf6c48c1ed436685a7ddcb49bc622b2dd63a4cf21b5de716"
"Assets/_Game/Art/Prefabs/Enemies/PF_E01.prefab","88b3bd44a9baaa14ca68d58fcfc8b60f",".prefab","7117","f49c5e157b5ca19fd371a9a9942c11adb23afada8bcc1f73b7d2d0363fbbb594"
"Assets/_Game/Art/Prefabs/Enemies/PF_E02.prefab","dae81429396409043816f2d34ff07cdf",".prefab","14339","9cd113aca612cf549d120525bb31b0a6cb9581f647c43dbea74389a3ecd0be2d"
"Assets/_Game/Art/Prefabs/Enemies/PF_E03.prefab","0ff406a69ad88384f97d90bd557c387c",".prefab","3096","8445ad38d26ede0ccadd58ad264d3fe2fe7a9e5c2420b25d1fd67d080ecbe33d"
"Assets/_Game/Art/Prefabs/Enemies/PF_E04.prefab","71fc9b2cac606a145a8f63e936bde192",".prefab","3104","fdad59d77dfc939376d4b4f69b853baca3e5bb9ee07afd6073b2fec7e44a5ee7"
"Assets/_Game/Art/Prefabs/Enemies/PF_E05.prefab","7f411aff47408564188324ba1c5f5f53",".prefab","3099","f289718c7bf2bbfc3905991e148b8bbdb0da8c8f1c997401e114db73a6a64dd4"
"Assets/_Game/Art/Prefabs/Enemies/PF_E08.prefab","a30b0e5f800c77047b39e11529caf6dd",".prefab","10148","d66ae4e2a7293bd6514220ae1d87ea478c98d09247fc706bcf0f8817aa32aada"
"Assets/_Game/Art/Prefabs/Enemies/PF_E09.prefab","82c29e4c01003c649ada293f8ccddc1a",".prefab","10130","570f210880d7a9cfa4b04c2aaf2f73f3602a862abae9290a2c09214dbf138bd1"
"Assets/_Game/Art/Prefabs/Enemies/PF_E10.prefab","1d3986cff5422af42ba543fd066abeb2",".prefab","3101","bb72350681b78d6c97ca6d996f21cf1e8789ad9edd21477f1a236f1c83cb16f0"
"Assets/_Game/Art/Prefabs/Enemies/PF_E11.prefab","540218c52e8521e4bae575d475b35c96",".prefab","3101","5c530a8cb0e94272139cbcbdeae8059d071d284d68f747dd1d6c8b649c6c03f4"
"Assets/_Game/Art/Prefabs/Models/companywar.shader","2f75809f4eb450f44b5cb899e2f96385",".shader","1996","687ccfe55835f872c87e633c458835ca2a2989c5aabf7a0c28e62593f3396022"
"Assets/_Game/Art/Prefabs/Models/MD_E01.prefab","dc3d22b191ddab443b0cd95c95142cb9",".prefab","3909","f1863d304d2427c95395baffc6574ed894bb27231bd208a7634d922113db9439"
"Assets/_Game/Art/Prefabs/Models/MD_E02.prefab","1fc80d9a5f036af42b534e3a925984a2",".prefab","3904","d987b7556c29d7eb6ee26ceeefe4d292c6c8aaa76e481d732cb26f167c17a047"
"Assets/_Game/Art/Prefabs/Models/MD_E03.prefab","14f51d689950f254e914d8d1be00f365",".prefab","3904","ad5cf40d1b6a9673a0aca0bd9093a94a947bfc5b6c5d13984eda756ea0e667bc"
"Assets/_Game/Art/Prefabs/Models/MD_E04.prefab","bc765693cb391a7419b858f5ea45e5ad",".prefab","3904","67b3815072884b1da44eeb84aab8c534869a2cf9b917aec75c95c680d7d99bca"
"Assets/_Game/Art/Prefabs/Models/MD_E05.prefab","c79bbd430b512e940ab1bec2db54b6a7",".prefab","3904","6719ba46566a56a5b1940a02cf30b3d35007965829e90a8dcc50b28015589785"
"Assets/_Game/Art/Prefabs/Models/MD_E06.prefab","cb2e329c20f15cc48b2fa573e4801b96",".prefab","3895","2feb2110fb83eef4386631ca560f8a00660ffa4096a166b647c8203adcb81c6b"
"Assets/_Game/Art/Prefabs/Models/MD_E07.prefab","1670aa4d848868b49a7f53192d5b603a",".prefab","3904","b140aedea643627861562632d71367126b73f834a037fa612e72c9c05dddbe41"
"Assets/_Game/Art/Prefabs/Models/MD_U01.prefab","d9a627f8b688dd040bb92da6d28e73af",".prefab","3901","36c32f67d5b1a38a3d4e0d6f4a229d8c54c854a121ad43e068a87f04bf09a9be"
"Assets/_Game/Art/Prefabs/Models/MD_U02.prefab","853099a6d2c35e449815a2a70a197dec",".prefab","6914","f64f1abe8564248fd9ba86dc484c3f4ceac67060f16a0614e3e91c749d1b4d11"
"Assets/_Game/Art/Prefabs/Models/MD_U03.prefab","9bb2fe9f403ad6c49ace59dfadfdf8a2",".prefab","9921","1a4df07bbf2eb457dda5880db320036eaf6c52f501302b19c15d2fbfd0720a0f"
"Assets/_Game/Art/Prefabs/Models/MD_U04.prefab","6344b85d62f1f2740ae213871c5a15e8",".prefab","3909","0fac5fe0ffa99abc9aead112417348fb620efe641efa58109ac02e36fe6c464f"
"Assets/_Game/Art/Prefabs/Models/MD_U05.prefab","55c37ea9f5d976e42b1dde4d00950371",".prefab","6918","96c34db7c518f7e922f6e852c60c5b7f569eebb65a56aa85251441e1bcd299af"
"Assets/_Game/Art/Prefabs/Models/MD_U06.prefab","8a3e64bb0a9b8734e9553b8f1f745a06",".prefab","3900","2648c9d46f4d0dee981f5734962897478fc15897498910e5b94eb08c67248124"
"Assets/_Game/Art/Prefabs/Models/MD_U07.prefab","50356c6a0f77a6b41b95325492d157b7",".prefab","3902","2244361b921b1933d4d91d79535f20cac28b1f3a565971305a8e16dee509fd3c"
"Assets/_Game/Art/Prefabs/Models/MD_U08.prefab","43e7ad3261e9ff84786080ad1c164095",".prefab","3899","b652486631a9b84dc163ff9c5e8abc00de2104c5a6ca694ca1a27d8b82c5072e"
"Assets/_Game/Art/Prefabs/Models/MD_U09.prefab","af3d0a79b1e4a3744830b9108727dc0b",".prefab","3902","dd01a5c3c9e7844593ce1c613ef3447b48e34f0cb4f09c5d531101c296284d7f"
"Assets/_Game/Art/Prefabs/Models/MD_U10.prefab","31f0cd38a2619ed4cbd8783addf6b457",".prefab","3901","efc0986f60778b70e1566cc70f78eaebdec8c141a193eeae01b3bdf0e5c3fbec"
"Assets/_Game/Art/Prefabs/Models/MD_U11.prefab","40912f96fbdc09b41ad8d322558cdfcf",".prefab","3905","83011aaf6d407c1b8e81f699fc3d92e5fc3573fd3d3b069317f944c399fcc2e0"
"Assets/_Game/Art/Prefabs/Models/MD_U12.prefab","4b2143a7adf8b3f4598ead2b62a27e8e",".prefab","3902","68ba32dabd6cb367dee0eb27fab1d36c37d12037f95e5887157323751f0ca21f"
"Assets/_Game/Art/Prefabs/Models/Shader2_CULL.shader","59e03b338c6cff14faed1af5e65b1904",".shader","2836","bc37e8ea113f7cbe00bf94ea90a3ca350d1cbe03818814e088403d2f5e39f12c"
"Assets/_Game/Art/Prefabs/Models/Shader3_ALPHA TEST.shader","1028fe2ffc42b9d4baeca26e6dda2673",".shader","1878","2818b555cdbb2b5719d2e6cf8028c2796b083e362fa46b23577d8981ac82e808"
"Assets/_Game/Art/Prefabs/Units/Mat_E01.mat","7affc215a6af3b24faabe45ca5580c98",".mat","2273","313eb1cfd3a4b96e1d52c0874ce5f8a596504ca0d76ce640a850dd4985bb28e8"
"Assets/_Game/Art/Prefabs/Units/PF_U01.prefab","8800a5eda99ca9148b0e9a94258025eb",".prefab","5098","2b70b069ae976876f596658f8d6be30184946cc2f2b400bdddb4853ad7937c62"
"Assets/_Game/Art/Prefabs/Units/PF_U02.prefab","b337aa8f349904044840f69c1a45381a",".prefab","5095","52b7bdb4393f99e4a5c2983ddc182cfc49f9eb6401922ce498fe763f52311e85"
"Assets/_Game/Art/Prefabs/Units/PF_U03.prefab","0513702e28a05264db5ec83c66225dc1",".prefab","5104","61865c43a93c05463df61c8a31d0946967e1f5ce7828e5f13f98271a8af9150b"
"Assets/_Game/Art/Prefabs/Units/PF_U04.prefab","d455cf7412b52fb44b3843bd3b7c080f",".prefab","6041","248ab711faa29fad97c492fc19d3c21bc87d077459d307574a283a17077ad57b"
"Assets/_Game/Art/Prefabs/Units/PF_U05.prefab","bffb32eade7bbba40a4d3b8dd0bdce3a",".prefab","5104","e9c45f60f3c3c6186d6b7a3551c70357c51467705f58631ce92e5994045cb8cb"
"Assets/_Game/Art/Prefabs/Units/PF_U06.prefab","3540735a2f9e7cd468bad9b32dbdcf69",".prefab","5095","6be6fe48e3deeb0ab351834d058eef714fcdc2fd214f1b30f3746c46ade01cad"
"Assets/_Game/Art/Prefabs/Units/PF_U07.prefab","f1f5c25dff9208e4089633b0e97b15fc",".prefab","5101","71051a15d6013d884baca3960885ed268976961fb3d281866ad997534f972952"
"Assets/_Game/Art/Prefabs/Units/PF_U12.prefab","96ea450f4bf628c48a2d0f8422a35818",".prefab","6052","e740b052ac07c71578eeee359f22f059254ba5c853c209dbf2c6f033c6f6aeac"
"Assets/_Game/Art/Prefabs/Units/PF_U13.prefab","ecb679c8b1807ff48a7604af4b753951",".prefab","5102","a414d1dccbb18507e97a91789ff344c843d73a59967ece5cf16bcf15de4b8b5e"
"Assets/_Game/Art/Prefabs/Units/PF_U14.prefab","99bac7bc9a9e1b744a802557e76790cb",".prefab","5128","85ebaadbcfbc9059fa42469b845dc8fe19d2d0790710f1d14e50b4cd7c9565c6"
"Assets/_Game/Art/Prefabs/Units/PF_U15.prefab","dac57947227da0c4b93ed5289ece8a8e",".prefab","5101","c67ac01f5efcdc41b79b15739512955f9f1acae92e8f028913b7fc14bfc49ff0"
"Assets/_Game/Art/Prefabs/Units/PF_U16.prefab","b016c8f233532824189294bfdfe3c834",".prefab","5104","4fc78a20b7ef3e87449f2f7d70a5348c1bc27e1f783830d264c75089c32e0d3d"
"Assets/_Game/Art/Prefabs/Units/PF_U17.prefab","b02464fd1f2f4b14db86c928c46e08c4",".prefab","5102","84261c8c74bc5f8440d8585edc426969d43a7e892d76838dfb99b0618023e512"
"Assets/_Game/Art/Prefabs/Units/PF_U18.prefab","6e9f917ad8ac09b46a3957f3e5e11944",".prefab","5102","7f5888657b941b909c49d328f5ceeb9bbdcca9091fe7e3b95b981db98bf8c45b"
"Assets/_Game/Art/Prefabs/Units/PF_U19.prefab","332beb290a0cc784684e6c5e5e8cb220",".prefab","5104","75a03ea6b01908fbcfb21b00451a1841008d482a52ff220a2a892cb20dabecd7"
"Assets/_Game/Art/Prefabs/Units/PF_U20.prefab","00605699940079840ad0810d9d08dc97",".prefab","5100","dee87878d7578b02d1ab707d25fe05d969fd4b3fdb2f4c9e1f53833dc660bd35"
"Assets/_Game/Art/Prefabs/Units/PF_U22.prefab","6f6189b0cceb888419584e7530f12876",".prefab","5104","ae77d348bb3686a107bb0e189a7d4324f45a0a1bf1f83335b2e2e10ed774bb71"
"Assets/_Game/Art/Prefabs/Units/PF_U23.prefab","3f95a2e723ab16947a03faffad16fe67",".prefab","5100","04064582377a6b90f1ab06e0b67606f47d63469cb505ed6907a0ba325c182510"
"Assets/_Game/Art/Prefabs/Units/PF_U24.prefab","a0efc8b2f6954574b819e4c79451efdf",".prefab","5102","fc7defffb435783c14257bb1d88d51e14293ff15d68b60f2e2d35394c295a38e"
"Assets/_Game/Art/Prefabs/Units/U01.obj","25cebf529e493fb4ebbedd04c000cf1f",".obj","66661","cd35daa9e3b242d8f5a0110013b1a45929a46788066864fd167521c6de9747a7"
"Assets/_Game/Art/Prefabs/Units/U01.prefab","85540dee2058a6b4ca805ee4e0eb431c",".prefab","3795","7e6cc7a8971cfaea966f2e22f482af61edbd5265ae633d4b681dc21eccc58cef"
"Assets/_Game/Art/Prefabs/Units/U02.obj","1d3a741350556a14b8ce58a47ac0b753",".obj","71628","9c5e359a27b62cb6fe7a06f150097f2e79fe685a3ae1f422c8a90e104c2547ef"
"Assets/_Game/Art/Prefabs/Units/U02.prefab","041a7b9469b592145b0632320727c4fe",".prefab","3614","810470e76c978033cc1d81bf54f26379f45bb10a1cdeedbbf9b5736e6a342c6a"
"Assets/_Game/Art/Prefabs/Units/U03.obj","d0d429f503dd95540b94ee654f23d0ba",".obj","144204","1a6ad5d05b40c90fcc0372ecdc49624d4a7c1ddc9b353b435e64de8ca85ec564"
"Assets/_Game/Art/Prefabs/Units/U03.prefab","3bde82449e8b54a4e93e4c33d51395c8",".prefab","3638","f1e4a4f76efe5e395d30b6ab8a248b79ea008a8ecc256941601dd909003c4800"
"Assets/_Game/Art/Prefabs/Units/U04.obj","3e92520aca3060344af46124400d6742",".obj","4071","36430befcd9246c0ff6f66e16e5ef987005a65c9e0fce16415f7f1510dfa7a9f"
"Assets/_Game/Art/Prefabs/Units/U04.prefab","404a97aaf469a1f4b9eccb0db0408214",".prefab","3632","3e26daa588ae453ec5b955af85cd1b486b4bb7e116bc2b89630d411b72e09791"
"Assets/_Game/Art/Prefabs/Units/U05.obj","0072f10d593240f4b9e5a95df5d67782",".obj","7410","6d8766fdc6dc274069fa544790b3e7364d412340d50630bb517243f8e8578517"
"Assets/_Game/Art/Prefabs/Units/U05.prefab","8c1a7fe369f961a43b51567cfb27efc8",".prefab","3622","45c6c661b8e11ecd0771b7644ed29d153d566df4fe1d056182868abc35d06203"
"Assets/_Game/Art/Prefabs/Units/U06.obj","dc6cc7d1acb09834897d392cd8f30230",".obj","55232","d67078953187c4786242c5db2c7c8ee37012adee3ebd306dd48076f3d367fadf"
"Assets/_Game/Art/Prefabs/Units/U06.prefab","c87db290d469c17448d971b119cc58bb",".prefab","3630","524a9845423db3d88954967cb21234d5dfe5f120dcab6d4231ac023effa9e2fa"
"Assets/_Game/Art/Prefabs/Units/U07.obj","d9160e0a4fe112e4e9e53ef1f370cf2a",".obj","282033","919f7a55284664345635d3fca6bf25e23990ec71514645ea6df33ef26e26904a"
"Assets/_Game/Art/Prefabs/Units/U07.prefab","a02ab2a46dbda324787c61219448e704",".prefab","3636","1fa9a63792ca1cc0d7c4f0dc3e5fb0e4746fbc7d8e0cb69fd716fe9a8a1c2331"
"Assets/_Game/Art/Prefabs/Units/U08.obj","828186805e580b842964ac00688ea37f",".obj","10966","d78d624710276e5c4460cbe8c1330f403910f0f5a8980eebf40768a255521889"
"Assets/_Game/Art/Prefabs/Units/U08.prefab","51128776420a9c14ab3de268d07a9129",".prefab","3634","380f4fa60a4639721545ee81dcce18ab441792a26e758d828e49529c65782a58"
"Assets/_Game/Art/Prefabs/Units/U09.obj","507f12b34b19dde4eacb407c78f6dd8d",".obj","27407","6f4d6f3082a05c1727c8b227aac1109ed1826821a3e967c2afe431b1439b8cc3"
"Assets/_Game/Art/Prefabs/Units/U09.prefab","6856d3dbe057edd4f841101e4669f560",".prefab","3634","6e27ec81ce7a44fd6281ac6c8450e2086c99ec3876f8344590cf1783ee2bdce7"
"Assets/_Game/Art/Prefabs/Units/U10.obj","dda3df23b66c01a478435d3fece3ea3d",".obj","3308","9611f7c878f2f85bd97760e44064f65f2c3876064a285ee3912562d8e2b1cda9"
"Assets/_Game/Art/Prefabs/Units/U10.prefab","ad73724f463457e43bf578703f6d308e",".prefab","3635","0183799ee62cf30624db35eddfa324349a5305ef7d7fe48284f5e4dcb4aac84d"
"Assets/_Game/Art/Prefabs/Units/U11.obj","9cd8177803f5cab48a4669c245321253",".obj","3426","471269bd2e04695be15384bfbf719451af48510c2082d3a1944c1f0a5b042bf4"
"Assets/_Game/Art/Prefabs/Units/U11.prefab","ac2bd7856b0cf3c4b95851224adca707",".prefab","3636","3d023187667438f771b4423cbef03a6383a46d5a25322d2a6f767790e7e68283"
"Assets/_Game/Art/Prefabs/Units/U12.obj","3cad9287ba6887b43a6b3a001410a9b5",".obj","60990","af5255f816dae5633ac53d55d3282c45224b3d278f80cdf354b6f639ffaf87b7"
"Assets/_Game/Art/Prefabs/Units/U12.prefab","5fc5c250c14be5a459fa67e055683317",".prefab","3635","7c7ebb2ca5ca3f44b76fcb9246f49fa203851b644b2f25a04d1128c65daa6968"
"Assets/_Game/Art/Prefabs/Units/U13.obj","68ae6ee796188e94283e0506823d4a47",".obj","1714","907e89488ad92602d9e70fb50a8228eb8160638c39e578c3210111a2051b9f1e"
"Assets/_Game/Art/Prefabs/Units/U14.obj","ab307c542de35634aacae5979fab158a",".obj","5323","328e348a5d95467966435a2c70fbed144c8a674533f181c9dc3ee708fc5e4bc7"
"Assets/_Game/Art/Prefabs/Units/U15.obj","56da723d8d583a148be9ced563599a29",".obj","3351","f442debfcca65d526257d9fd8246fb60a8e98a8d9416a641ffc1b3817641b963"
"Assets/_Game/Art/Prefabs/Units/U16.obj","68a1044907da3f341bdb2167b94c0938",".obj","4655","a380099a4ec68e77b840437ee3f4b74bb950490b6cff4ea5331961a1290998d3"
"Assets/_Game/Art/Prefabs/Units/U17.obj","b848851dab9ebb14f8ebe8bc60b9deb1",".obj","86909","d0c07bd35c36d23916fdfa3fe277c27b16c6e642075eae65ea793680c8fc644f"
"Assets/_Game/Art/Prefabs/Units/U18.obj","009ac6640f9484547b2aa869eb90bb1c",".obj","89056","62a38530a303ce350fd040dd9f46e5c8b59c5f5f3a6f4544f44ed8e96921f65b"
"Assets/_Game/Art/Prefabs/Units/U19.obj","dee8a5b75337eaf479bcd629e82b43d4",".obj","124096","0e8c8d74889957bbdf1b99b6ee8e7465a3d4c445f263ed8fadf087c06b3c7665"
"Assets/_Game/Art/Prefabs/Units/U20.obj","67ae6071e3347f84a9276cfcdbdb6f1b",".obj","165986","b9deff779deb3c5708a61bd4f7ae9ba08a32002a2b738e05e3bb892db32981c5"
"Assets/_Game/Art/Prefabs/Units/U21.obj","35cd3509e163e1b42b578ea273d6d9cf",".obj","61289","f643a33ad81ed7bc01d3088efe83fa70db47c4ba7d169fc48d043fb655119842"
"Assets/_Game/Art/Prefabs/Units/U22.obj","480d291e10bb297448a38267e7c351ef",".obj","4891","dc4bdaa7b1824107d67c5cec9f7ad28d65af2326c1db8b0023accd5a228fb69e"
"Assets/_Game/Art/Prefabs/Units/U23.obj","c311545f5de42304d8e7ec2d47e717e5",".obj","8321","40ef66d523d27b949894634424427b01343c5f3a574238ca61c114656454a1e7"
"Assets/_Game/Art/Prefabs/Units/U24.obj","990d2cc118354784ba1f84065fc8c05e",".obj","64490","49ae02495404b89b7b893dae91a009a03b389de825900c9960f4f964552ffbd3"
"Assets/_Game/Configs/AuthorizationStages.json","d7d59080034742444bdaa34677894d3a",".json","1136","3b18bde2b097cafa4e6e92e1893f57aa07ce63d52267fb618a61c6d4e106194b"
"Assets/_Game/Configs/CorporateCorridorTheme_Default.asset","472095d0f2d70b44bb1af988fbea18f3",".asset","1546","35eb3d6a7e0de61108cd2252870732b623e49dbc6f64af3d2776abdd59800823"
"Assets/_Game/Configs/Enemies.json","57b750ebf04101548b9c6c2476a99ad8",".json","2485","d30c6e03f6a9c2418680577a47c4693cdeeef598b43d1df14716bf7d9267ebee"
"Assets/_Game/Configs/Levels/L00.json","73a498fc1e33cfa4398abf25a3293d21",".json","395","2e0c4f3da9c4cb761b914133fc3d59d0a5d8a7fe1719917d5b54ad7a0dd681a2"
"Assets/_Game/Configs/Levels/L01.json","6f1e6fcadea14384a8da93570791a0e1",".json","445","92dfc23f7a3da223abcfd67015265f2e80eb7b68799a8ba2ea805e5514519ae5"
"Assets/_Game/Configs/Levels/L02.json","cf176fe9b66a37544900da6a001ac6fd",".json","548","8e21c91c3302ac54409e8fc0a44510456c3f250c47adcdacc06bec2b62231b90"
"Assets/_Game/Configs/Levels/L03.json","5f0c1aed238f0fd43a7de0e19ebe4e50",".json","640","b0740ded5545745c73ddbd57717bb41b5d418d6dea2c70c4d77eb726f6391236"
"Assets/_Game/Configs/Levels/L04.json","3b1ef318caa765044b512fe1cc9f2462",".json","741","b625f47a8705c8ecadcc55f56d186e604b628e0ea09183ed7647c3cb6dc9daeb"
"Assets/_Game/Configs/Levels/L05.json","18ac4e58c7245c643bd60516a03adcd8",".json","882","665e00eeabd3adadb7e02b9c1f6bb4b3cebbc93713230aa279b7196cdabbc6a2"
"Assets/_Game/Configs/SpawnSchedules.json","7b98e3d668f56fb4a9bc8139bca2d0b6",".json","1270","318e662451d2da73d6fc83d4cf41b12ea81b8c1858855ce257035097c81d6f08"
"Assets/_Game/Configs/Units.json","fc4da6f868f4d9b4da270f957544b852",".json","6516","8c156a406d6e54e551745ebd6bd2451efd38bfc575120d7c9d641b0cd3a696db"
"Assets/_Game/Docs/Architecture.md","6693fedb2f9cff34daf570eeac4f32e5",".md","19084","2ed24528367c2ab52e86958340de733fbf133aacecc5d5a9da7915448e6aee2b"
"Assets/_Game/Docs/Checklist.md","bad9ae7c32d9e504c9de56e9b48d5e77",".md","6498","2c3fbe7520e2719df3ba46755ca7af9e8f2fb363f596406fa28418310168742e"
"Assets/_Game/Docs/EditorTools_Usage.md","65a953cb0484491489d7f98ae3e35db9",".md","21334","454573a50634e591fa3ddb19e6ba0409b877f390a5601f1fd758f8bf70e80396"
"Assets/_Game/Docs/GameDesign.md","ecfa8fc5795caba43bc9e71058b8b0bc",".md","9162","9d3e8cb47df387ddd2d92fb345aec0edad6bb5cdab8b3a4729a3980ccb2794bf"
"Assets/_Game/Docs/LogicLayer_Usage.md","ce3572547e5cc9a48a7d57f8496d1fa9",".md","9148","21f59f6aadf4f85525d6e71537cda27336dc130b08a27c0f67a727ed9ee828c4"
"Assets/_Game/Docs/TestAndBuild.md","4010a0a5dcd2217488f48bfe3ebf6bb3",".md","3342","a7f8e632b0f00bfe66d143b726e3d8a252d2ed6349c0b54e7c082d7e9dd2fb66"
"Assets/_Game/Editor/CompanyWarPrototype2DWindow.cs","dd6c08855cf1f22408e8ed590e28a057",".cs","24909","92d142f4573fe51a49bea063c17a6dac893e25ebf8b533d928227c156aa8a433"
"Assets/_Game/Editor/CoreTestRunnerWindow.cs","cedba3286d52b9b4bb802d8415ab4356",".cs","8245","77517071662a646f30c7ce221eca8147cdace23e3a70a95db82b4b22a820b7b6"
"Assets/_Game/Editor/EnemyCatalogEditorWindow.cs","565464a4fae31324d8996d56f4720559",".cs","505","e787ac4f12ff7e8f85125421196ba228fa97b4a2a135d286b4327054d1db4ab4"
"Assets/_Game/Editor/JsonValidatorWindow.cs","3f81815b24c8bef4fa1e0865b952375e",".cs","36080","92bd960fb558b36190fb6d52b96ff8ddb35914a775eb10d0651a2e6ffe00f94a"
"Assets/_Game/Editor/LevelGridEditorWindow.cs","9af6e4af9c6f62146823e11ec45b604c",".cs","25959","68b29260d934c08649134779f2a714935d146e2b41e46c3a6bee6474ac0216d6"
"Assets/_Game/Editor/LevelSelectUIBuilderWindow.cs","287f8ffc507a98f48b2b0542a0ec74a3",".cs","3164","e2ff0dcfe2adb361af267c2eb06b5f77712e4ff274cd49e768ba99515807966a"
"Assets/_Game/Editor/LoadingScreenUIBuilderWindow.cs","be385d6eb472a88469842b3dd6f8d538",".cs","4296","bf5c5141e5f84f88c012a2e4b175569b4b3bb25d716d12e0d63de606ddb64324"
"Assets/_Game/Editor/MainMenuUIBuilderWindow.cs","dd3b6dd342342fb4989efd66af754273",".cs","3280","2618fb3e8e75376e78e7265587542425ca09971df54ed5885d4b6222c5943123"
"Assets/_Game/Editor/PrefabMaterialGeneratorWindow.cs","ca48a46958a226b42827af0cfee06ef4",".cs","23671","0f4c8b92f6c8df74352f9126d5e1564997a50bbc4eabde42b91a1e71d41a928a"
"Assets/_Game/Editor/RuntimeConfigBuildSync.cs","4f1088b7f6e29e04c974e07ef676d03d",".cs","3090","90c310bd4795c35edb2fe90f8e1396a641ea76f369b02961f1a0d3b824361a89"
"Assets/_Game/Editor/SpawnScheduleEditorWindow.cs","87c6e4dccdfafac4caa53721034b1354",".cs","20986","0db550f5192fbf53283d09083e9d1c5ab0f0cc97959080ec1d4647796ae549ae"
"Assets/_Game/Editor/UnitCatalogEditorWindow.cs","d5a2b74e0c34386458caeee73de83d8f",".cs","502","7b2a392a00442401bada82b6e786e894963034c94305bb22896c2da66bd903f4"
"Assets/_Game/Editor/UnitEnemyCatalogEditorWindow.cs","d2994c9c9f470944ea6fb3828fb36bfe",".cs","26845","509a8a2197510c6c87f363a19b5a35b95c05cf65d596b893c7e0b4c5a83ff315"
"Assets/_Game/Editor/VisualMappingAutoAssigner.cs","e41d89f94adcfb544a66662f0c73965f",".cs","8688","3b7d0d64cc9f79c55d2cefe1f22f63b9200b016303e2924744d32384373ae985"
"Assets/_Game/Editor/VisualMappingContextMenu.cs","30746652c91947448b71c4d41058b59e",".cs","6416","aed4b2a0f2037ead738ae5f171710abfbfef98accfcfa14234a6160e42aeae9f"
"Assets/_Game/Editor/VisualMappingEditorWindow.cs","21dd1882a3bff6d45ae5baf5e182bd25",".cs","7034","f8a5d428be76064082aaca6792a06854ef3844a903b761624bb17af6991248ca"
"Assets/_Game/Resources/11111/1.fbx","d3bdc38d9e243df47a93adcee51b362e",".fbx","27564","f5897dd987acdaf4f5987a17fba55eaef705837974ef85520a1ac12b7ed694cc"
"Assets/_Game/Resources/11111/1.glb","71716b69dc373ef4db09f8e00274e6df",".glb","3504","d522eccf53fa3824967b080d52966c2ce557ac0d835c71852666584557f494ad"
"Assets/_Game/Resources/11111/10.fbx","bbb645cefc6d6a3429d906700bbadd2e",".fbx","67596","d87d99413e6008f2ff9e2bab9e33084f703cd0f7d6f60a59863a1fb9ec7da05f"
"Assets/_Game/Resources/11111/10.glb","ddfa08e764ec9b240a8da672ef47f1a2",".glb","132672","dff765ae5ff4fdbc37d0433c41f1774948834fe15ad2955af326709eb4795254"
"Assets/_Game/Resources/11111/11.fbx","a6c92b4b0361d1b418c4316308aafb58",".fbx","101004","e96b2ab50b66405010afa4af37bdcfc4df771e872794c77077b63839d2b07a4f"
"Assets/_Game/Resources/11111/11.glb","007065359eca9234182ad5aabe4232f6",".glb","95936","58a1ade851bf8c17ce0566b4c67f8c86cff307f612a211dc3074e60c8a1a9140"
"Assets/_Game/Resources/11111/12.fbx","57b0b7d9f47442a438e8fb0ed660e715",".fbx","28492","34cd54915359137c5faa4ab7dd7f78057e31dc8201429efccdbd45dfc3cd3c44"
"Assets/_Game/Resources/11111/12.glb","4919275f3e7372741bdd22dd9e863fb5",".glb","31504","ffa6896bee7d07bf9911cab8b520f562e5e9a71bb07edb25d40d0c288c6845ac"
"Assets/_Game/Resources/11111/13.fbx","c68ef938225c36c4189195d2131ed93a",".fbx","41772","e3aa7afffaf5649bdfbb9c295ec87c7caadcf05f6c4a77b46da7c43909322337"
"Assets/_Game/Resources/11111/13.glb","e442b3f60180e8542bf7541d9aa6e357",".glb","47800","d0d5b152f057bca4fa122dbbdd30b134e05463c326ff88cb0e495778d0018e33"
"Assets/_Game/Resources/11111/14.fbx","15bb3752e6a753f41b600e16a200143f",".fbx","15628","dba9746b7c10994e70c55beff7a08a1ff7151bc327f48d633ac3de6203ef8b5c"
"Assets/_Game/Resources/11111/14.glb","cba86459a4ce8f04dbc627e73c52378f",".glb","2732","61564a4e53127773bab72cfe4a08344b2f6780a6e6f46d814ee13c10bc9b370c"
"Assets/_Game/Resources/11111/15.fbx","18cab212848f1e942a633d195f30e6ec",".fbx","100764","89825cc8fc43c0af7509889af8ec3978ab03d513a46010e7df2c7f95f8a23044"
"Assets/_Game/Resources/11111/15.glb","539e92595386f964f8d393fea7426420",".glb","108980","fcd36523fd199fc117e305037b24591a208075fef64651858a85c667ed4ec0d3"
"Assets/_Game/Resources/11111/2.fbx","7f8fb0ecd50c6d0498fe78ae60d52675",".fbx","33004","06be0e9dce83651a31d1590e25aea2aa2edaf780bd35e7d4c03067dfbc407ee9"
"Assets/_Game/Resources/11111/2.glb","12df38250867ae34fad330bc4fd7b882",".glb","5144","cc3c173372e0832942604ca515d38de4a57c74e517d5f20c8f8ce42b44bbb256"
"Assets/_Game/Resources/11111/3.fbx","5285d1d77ad220b41b362e3ce71ca0de",".fbx","15980","1932d9cd9b420387fa915fac7d0524fe4cc9bf32d8014a862ab01521fa20b5a2"
"Assets/_Game/Resources/11111/3.glb","45e5b70cc809a2e44838cc9f704cd23b",".glb","3120","6fa189f5bfed67294686134bae1752d152058b198563f4e0ac5a89d4c15f6c18"
"Assets/_Game/Resources/11111/4.fbx","15da9bc824a181d4f9c6155bc025b946",".fbx","24876","72c601157d49abfa9675574d6f1b2bceb49d951e48da933f96909e7d7c358975"
"Assets/_Game/Resources/11111/4.glb","ff4452986b0a82f448f7a5da2e8936ad",".glb","18492","91fd90925adbd490614776e326a8c7cc995253fbfdbfdbd2cbad9cbe66ae83e3"
"Assets/_Game/Resources/11111/5.fbx","2def6418fee239340805d2473950578b",".fbx","15500","7ce625e25011b7a5372e31d19afa0a81026a5a76d10a02db690be220ee1c615e"
"Assets/_Game/Resources/11111/5.glb","d4df1e59d158c8a4299229c7a7bfbae7",".glb","2140","3bc98fdec60d892fe125b877b0cf137fb390f90861f56e71328b3f011f545c59"
"Assets/_Game/Resources/11111/6.fbx","6587bd970d7104147955315630d14712",".fbx","39020","fd74e666ad942da7a69471cb1aad52a13f52ffeb74f6d42a135e55d402a111c7"
"Assets/_Game/Resources/11111/6.glb","53b025a8b0a47074fa9c98f4f9fd7620",".glb","26212","c346b592e9de1b6f55902e61342130aad4a0ab621a9e7983e400f729a8c9f036"
"Assets/_Game/Resources/11111/7.fbx","68413b30f6236ad45840f8c4294add33",".fbx","79388","4187600eb103edf5451acbe3f38a5b9278cc533b34c57b9bfff8e0c57a30f48e"
"Assets/_Game/Resources/11111/7.glb","9bd9f3d1cc133d447bd5b71262aab95a",".glb","125308","636c816e3b7fc44addd0576a465f887727893d20961dd64fc0fb81c3d23225a7"
"Assets/_Game/Resources/11111/8.fbx","27d86da6997118d4aaf9619aa89c3378",".fbx","25340","2357b9ec30e3de293b17937ec5db5308085c664ed6cbc5d211e0e901412876a8"
"Assets/_Game/Resources/11111/8.glb","455b09c2a8290c74788643ec4c9a7db0",".glb","12292","ec8bfc52833ba74e68e5622a8897f44ccae6e9fc92ea131534b17218b37fa676"
"Assets/_Game/Resources/11111/9.fbx","b20ae08aeefb5d54e9d3885720dbf2b8",".fbx","21724","f43938a48613b3050e1307124f61ddca71b67a8abc99214fce69c96e3daba524"
"Assets/_Game/Resources/11111/9.glb","ba66c98f2d9dbd04c9b9e433d5d9720b",".glb","8112","6b09eb7b513e6403b5e563bbe17a65c871596f8b66adc047267efe8bdf196569"
"Assets/_Game/Resources/BGMs/01_07_BattleBGM.mp3","18e9e22b566225d43aca1842c0d91740",".mp3","3841089","d24551b68317c7c7df330e1c7c764697b86ea9b0727199ed88bb9737328090de"
"Assets/_Game/Resources/BGMs/LevelSelectBGM.mp3","776fb7b5e7bd6bb479254a28678d27e7",".mp3","3836910","326f890db862802d3b53763d2371dd143374c3768c3fa51c9441327efe1c36bd"
"Assets/_Game/Resources/BGMs/MenuBGM.mp3","e1d099996d65f11418d9375782d9e1c8",".mp3","3841089","573bf83022437e107840d83b8f2113d07cb0c418a768f7e98ecb4cbd50a636a4"
"Assets/_Game/Resources/u25.fbx","71dd222b664f2dd4bad7db06bea49f6f",".fbx","16620","bbcc6f626c1ec3bc93ea43f8681be68e24ee3ffe3d472fd11f4d0f0fee09f6f9"
"Assets/_Game/Resources/u26.fbx","0aa86820830c6c04aad6058c8461bcb6",".fbx","22908","065a360c20490a68fa008df3d2f4f1841398c5590b07bf750595b230f3f58ca8"
"Assets/_Game/Resources/u27.fbx","d77e9a4600cc9734e98e189c3056d183",".fbx","17180","eb51956a7a4327e7102f3556fa121e0981e16e589ca5e5b534d7ea761a28f6bb"
"Assets/_Game/Resources/u28.fbx","247ebbd6584a4ed40b134e8eba1264b2",".fbx","239468","1bcb24c68dab8e4ffefd0e5e54a0dcb67449cdf33a347e9787c7634a9119d248"
"Assets/_Game/Resources/u29.fbx","42db1090b6cdb9f44a4e1ebec7f774ad",".fbx","101260","1ced3bd0a7fc26c05cf08a84d9738684af8c127f2bc72ecd8157dba39035c0c6"
"Assets/_Game/Resources/u30.fbx","5b83fbb5e29fce641964061aa2dfe055",".fbx","35116","b2e825435e3f713eb6f482a8b534898027b54733d93c84ad291956ff3e2a8bbd"
"Assets/_Game/Resources/u31fbx.fbx","290d574d41075334f8592bc76741b01d",".fbx","60492","d93e43f8cea6934351e86f6c639c2ebe7d0138a71e033ff3be0184a371ed1cb6"
"Assets/_Game/Resources/u32.fbx","f480bba0361852147914fb6ca5b79ec4",".fbx","20620","7ac2093a1b8d59026df44e7b31dea9cc24e3b25aa7940ab887c9e5f8ddfe5c71"
"Assets/_Game/Resources/u33.fbx","6e32aa0a679432a48bc258313c546d72",".fbx","51260","30613d62c2d0bd9981f8ca66ecc8fd9f6eb2fc215f0cec766a321c45f2dd63fd"
"Assets/_Game/Resources/u34.fbx","ade51b4967bb72644b3910464166f806",".fbx","81804","c05fb429302dfff9ad09997c42bb82e684a4584a9c5a84b845a8fefa982ed466"
"Assets/_Game/Resources/u35.fbx","4c26b9315913fb846a5d463b3a6efa87",".fbx","259516","8506755bf6204e5128e9f6d304d2dcb6dfda14d1b11c22633c2d4fd7cc1b10da"
"Assets/_Game/Resources/u36.fbx","df92ac2564996814da348089a258201f",".fbx","129068","056b08a585a97610b0fa6ccbdc974c46ea7e56bc8de7b8f18f276c49ee5cf1c5"
"Assets/_Game/Resources/UI/Avatar.png","23fb5639a8d2a3147bf5c664c20868cc",".png","1067776","69a0188799dd1f664767cd75be4a313be3633580b60b282a2da856e3ca436ff0"
"Assets/_Game/Resources/VisualMapping.asset","23d67128e4f3e1c4596ad42947fa7a12",".asset","13964","96cac99fa0fee1cd7f858bf0d578b5e84e80df0f4e06f2350055896e84fbf445"
"Assets/_Game/Scenes/《管风琴的午夜邪影之战》钟爱圣代 (1).mp3","e6e438871465b6c45b4d9f3ca2167124",".mp3","3836910","46877656e4c36289b30d4e23ba231ee44b04a07c60a7a92b47ee7fcb8b80728d"
"Assets/_Game/Scenes/《管风琴的午夜邪影之战》钟爱圣代.mp3","2c92bf0461d2e6a46b00f8ec23498c14",".mp3","3836910","46877656e4c36289b30d4e23ba231ee44b04a07c60a7a92b47ee7fcb8b80728d"
"Assets/_Game/Scenes/《海雾深处的克系威胁》钟爱圣代 (2).mp3","155ec0ea3f9180546937200533d13eac",".mp3","3841089","0ca46a873e9fe7b03814b61e576d04511b36134c29f7521e88b7cb6264d79f99"
"Assets/_Game/Scenes/《黑暗克系的无尽科幻轮回》钟爱圣代.mp3","cab260536c3ae7d4b8f1768625e95ce3",".mp3","3836910","326f890db862802d3b53763d2371dd143374c3768c3fa51c9441327efe1c36bd"
"Assets/_Game/Scenes/《黑暗克系科幻战斗的弦乐交锋》钟爱圣代.mp3","b387857d282c06d45a64921f8e9e86c6",".mp3","3841089","d24551b68317c7c7df330e1c7c764697b86ea9b0727199ed88bb9737328090de"
"Assets/_Game/Scenes/《克系黑暗科幻的无尽耐力之循环》钟爱圣代.mp3","00b367e15e1be0543b9cc431fc4d3ed8",".mp3","3841089","573bf83022437e107840d83b8f2113d07cb0c418a768f7e98ecb4cbd50a636a4"
"Assets/_Game/Scenes/Battle.unity","29b5496dee418c049a3b75157a60e934",".unity","24169","9a840972f45e46a5e09d0d4f20b24d4e7fe0846f000cb55dc67be492f582f244"
"Assets/_Game/Scenes/Battle3D.unity","31241cab989c7d544ae04e045cd1fbb3",".unity","19690","f1c7ee13fac670ce80e39e35bf57d06b46a2ab87bf46b3ae85b1ca34a0e190f5"
"Assets/_Game/Scenes/Boot.unity","8085ce9d700c9cf4886456adcc8939ce",".unity","13722348","4f52d79e3dcababc5fe263f977b6f298c3233238fb0206f09c43ceaf57bee249"
"Assets/_Game/Scenes/companywar.shader","2f55a4f68b45664438d9997a5d413d4f",".shader","1996","687ccfe55835f872c87e633c458835ca2a2989c5aabf7a0c28e62593f3396022"
"Assets/_Game/Scenes/Shader2_CULL.shader","06e9424b02d23144a9882e46e3f17fca",".shader","2836","bc37e8ea113f7cbe00bf94ea90a3ca350d1cbe03818814e088403d2f5e39f12c"
"Assets/_Game/Scenes/Shader3_ALPHA TEST.shader","c0d22a21fdaa31e4b93588e584f22b30",".shader","1878","2818b555cdbb2b5719d2e6cf8028c2796b083e362fa46b23577d8981ac82e808"
"Assets/_Game/Scenes/ShaderPractice_02.mat","de2ed8bdad72a1245adf84a3e7b9c54c",".mat","1486","a0deb8a2a55913cfcf343a7f9f448371dfc9f060ee77495aafe5accf202ab516"
"Assets/_Game/Scripts/Audio/AudioManager.cs","99f948e3e8b78e44e95503d2983ddc19",".cs","6857","c1bb6c8fe8e8154df4614f41c624a0577396ccde9e0c0d0f474836001d6f8d6b"
"Assets/_Game/Scripts/Commands/ApplyPollutionCommand.cs","e782e9db0ca73f04eb5f2ccba8bc0ce1",".cs","1530","3f40ebfed888ba1599c4bf8432ee51dd90d8236568b9ec907b35355bc2fce521"
"Assets/_Game/Scripts/Commands/DeployUnitCommand.cs","5c95bbf11a6c9ef4e90b0bc83ba69bd8",".cs","1647","91e00b714fd4f5de6975a88e1069312a16cde12e2348387c808140d28b1cdac3"
"Assets/_Game/Scripts/Commands/DestroyBuildingCommand.cs","5292e268b6cb40844b10028dab396e08",".cs","1306","23f253cca49806ff4c33bc6191b4b3e75ca389e611f6d1c2be412f8668981b6a"
"Assets/_Game/Scripts/Commands/GainResourceCommand.cs","cc161680c2b2c7b4793f38ed58ee7de9",".cs","1254","1e48fcb05c6a9f451fa2cf8efaa28d788f75906ee6b76a4860e6f415479e9adf"
"Assets/_Game/Scripts/Commands/SpendResourceCommand.cs","840b5ca745323f5449a7a51fcbbaae90",".cs","1214","43374ba869d7a963ede80c0f1adeb066176a0f6eaced15359007f756f057d37d"
"Assets/_Game/Scripts/Commands/UnlockQualificationCommand.cs","a4f3f710f3e6b574b820088ebda28c1f",".cs","1261","4d38eb33ff506767ce891043226578940ba96e758c6caf8ce501cfc933037471"
"Assets/_Game/Scripts/Configs/ConfigModels.cs","010f451ca865c7c40948471c7337dab2",".cs","12336","1395fcb2cb1c491da8c86a610bcd4ad8a9d6ee871df895e84b575700882e9016"
"Assets/_Game/Scripts/Configs/VisualMapping.cs","e4e65e1ec4a34c068baf55ae0319f61c",".cs","1193","f6e1f65caf9d2e9243cfc1242a847bd55b6051286774a64408e0109b45445175"
"Assets/_Game/Scripts/Logic/Adapters/LogicToViewBridge.cs","9d4e28d47bdbe8a4288e7d5e48298e38",".cs","2685","2dd0f506f38cb9dbbc6c14f86d76be77bd0eab44eb3c32fb58acd3db34ed35f4"
"Assets/_Game/Scripts/Logic/Adapters/ViewEventTypes.cs","ea84faf83a52a9a4db73bbed2539d58d",".cs","322","2183c9a9c4c5547eb1cf62ca6fcc58a51d32d3a53a90fc8973ed518a5bff2a7b"
"Assets/_Game/Scripts/Logic/Core/Abstraction/ICommand.cs","11212377217176e42a87b07b73a56d06",".cs","446","0a80c0a323e59eefac3dd4cfbe1005fafe5a1677f3bbd2b179c8871fd51cd1f7"
"Assets/_Game/Scripts/Logic/Core/Abstraction/IQuery.cs","b584bd50f6b297043be2d535f86e7823",".cs","396","125494e2f7d36f421edb410b3f5acf2bf063e783e4e6c10b92840d130e4033ec"
"Assets/_Game/Scripts/Logic/Core/Data/JsonConfigProvider.cs","0d03295341a2c8e488a604413bcc8422",".cs","10420","c7c624307f2f5cb1a61b972181c17a912efc159a5caa32c2ac257f7410befcef"
"Assets/_Game/Scripts/Logic/Core/Domain/AcceptQualificationCommand.cs","3080ab2bff36a5341bd5f3b0188cdf97",".cs","994","6f0ad34e8119faff42062a7c4fe089de8c9e85be626f6689059d591abe3af3f2"
"Assets/_Game/Scripts/Logic/Core/Domain/ApplyPollutionCommand.cs","d1bd38c1710e4444596dbe81fb3ed7ca",".cs","1243","0d8fca4e00f3c8ba1d573fffa222db9f367808492c0163803519ed720d5b10dd"
"Assets/_Game/Scripts/Logic/Core/Domain/AuthorizationEngine.cs","1dc2a6d97fdb65847b29d2bdba12d31d",".cs","23187","ef96a877a03b23d65f527ee62b831039067213d9e6421107e048394bcf67f116"
"Assets/_Game/Scripts/Logic/Core/Domain/BattleEngine.cs","6246d2363ac53954896146ce6adbec3a",".cs","69514","1e9fcd05b219df4f7f546c19b57b497944df77ef41e184bd5c117885e00b08c6"
"Assets/_Game/Scripts/Logic/Core/Domain/BattleSnapshot.cs","9f6f648973a17514f845a992c9ad1641",".cs","8117","ac2fb6c4caa8dbd3e1fee0e6f1dbf3281c05162be5905db922d709472c8206de"
"Assets/_Game/Scripts/Logic/Core/Domain/DeploymentRules.cs","9879bf091559f2243aea8bef41514d06",".cs","7444","c1d39503eb414a5ae40af8d5390c702ac0cfa0a889d7cfc8bff6ab22f18a7866"
"Assets/_Game/Scripts/Logic/Core/Domain/DeployUnitCommand.cs","1bb687937666623458ca53dd3f525fdc",".cs","9901","baf675721c7aceafb6b63e8eebe7b60f5555413c78f740139c74c6e65e3c6361"
"Assets/_Game/Scripts/Logic/Core/Domain/DestroyBuildingCommand.cs","316128b8d702fde43b18c1d45a8bd32b",".cs","1356","faca3a2fbd9429ffee47ac47adca236c96671e8190d29b671b496c38890f4cc6"
"Assets/_Game/Scripts/Logic/Core/Domain/GainPointsCommand.cs","9613b9c0d370b5a4781288e9cabb313c",".cs","1025","c4c88dda0fcbaddf9c3b9348ae557285845e8e7bf8b4e1c7ade959a49a348939"
"Assets/_Game/Scripts/Logic/Core/Domain/GainResourceCommand.cs","1cdf8f53daef00c49a666d8e7c5a9076",".cs","1052","3e76e727def7631df1384f4ef659f054dc1df380093b0ebf3268d68eeb52963e"
"Assets/_Game/Scripts/Logic/Core/Domain/GridMap.cs","bf7aa8f14f8016a41b0e37be880461c9",".cs","28658","49a17115b63bfd79b03dc215cf347bfbb959eecb6566d3fc7ce595fd7f19c884"
"Assets/_Game/Scripts/Logic/Core/Domain/QueryService.cs","66c34908b4cfe21458a82265161b0186",".cs","3345","3d62d5d11a1da2eb795ea52d3c5d750c819277a7f30aa3c127a462266e5e065f"
"Assets/_Game/Scripts/Logic/Core/Domain/ReplaceQualificationCommand.cs","e73ae62c26964034db28bb13d043150d",".cs","1147","e3446698e70dcdebc59895e71b75d6e134b5e87e5e4d0fb4be8068878e5b3f1e"
"Assets/_Game/Scripts/Logic/Core/Domain/ResourceEngine.cs","cfaf4eba4e95d2949b07f6120aa9b303",".cs","8020","7a85bbac2be2fdfd8b4e6869fd897804fa66506446b56f1e9509d613feb666b5"
"Assets/_Game/Scripts/Logic/Core/Domain/SpawnEngine.cs","8875ca41ea303694e9aa5953c7a3a185",".cs","15800","4432aa47eed42e5dbbcda71ff9534fb6c69c521548e3e912ca4a74a97405123b"
"Assets/_Game/Scripts/Logic/Core/Domain/SpendResourceCommand.cs","f286d5f022d46be41a6acc5bf4e7477b",".cs","997","690e9edf4a9ae41e037b17177baa715ff09f6d53bd7cea026ea6e3818ddf8312"
"Assets/_Game/Scripts/Logic/Core/Domain/Stats.cs","a94b476ed4f724b4189355d6a558e9f6",".cs","1529","183792b4b47445cca61de5208df32c057111a61a44f25f10bc8fcd9281aaeb84"
"Assets/_Game/Scripts/Logic/Core/Domain/SystemTickController.cs","801e02d102cb404498895c96e0baf565",".cs","3796","2a842f5840cc1b962041f2cab5db8c67fd84db8a3c752f7424ee52b0f2b7c824"
"Assets/_Game/Scripts/Models/ConfigModel.cs","c1aaa83d5afab634a939d77fa58e4ed2",".cs","3092","d3788d23a5c71a66640217468399d88c4f0f8e6b8081025df976537923e9cbcb"
"Assets/_Game/Scripts/Models/GameRuntimeModel.cs","3ccaf7d17ca0b524a9846034e4d6258b",".cs","1440","782a7145315656b5ac40c6e6c304169cec7693a4f3cee33155429403df019c88"
"Assets/_Game/Scripts/Models/GridModel.cs","1921e294fee2ce041a4f7f21f1cd6b7b",".cs","1850","e56b22f08f47e5d89f2cd2380b1795ff07f4129b6211c52c762fa103ace595de"
"Assets/_Game/Scripts/Models/IConfigModel.cs","044ed4e33bc981f47ab404ed3c195f8f",".cs","1334","aeac78c907278b6d9bf2275abfa96adca9861279f5184841eae1f17edffa6706"
"Assets/_Game/Scripts/Models/IGameRuntimeModel.cs","ae01af12e4debf545a62e3f1dd0cd09e",".cs","710","5b40f123e0ee8c147838c3728e3dc154a7de5a104d7812ebfdcaadb184df8c93"
"Assets/_Game/Scripts/Models/IGridModel.cs","c0a3e63c832c64b448ffeb0728f86f2d",".cs","1118","994271bdac7be1e4ec5372a1d260f80c8b5707c8bde4928061466459d283100b"
"Assets/_Game/Scripts/Procedure/BattleLaunchContext.cs","4ce0d2c0e7de9f646afae5e260887007",".cs","1237","96bec3b131c8476a897b79dd2e46f296f99df4318995b9cbe595d6d038443570"
"Assets/_Game/Scripts/Procedure/CompanyWarBootstrap.cs","010baf09f174b7a46a86c3375f169960",".cs","673","3b7cf0a2d413e17fe58bad5564bee9934bdac1dac5698a56312db5b2f93c5ffc"
"Assets/_Game/Scripts/Procedure/CompanyWarManager.cs","5444a92cbcc0b4744a17f05e1a7d34e5",".cs","1183","fdfb6f008d77adbe9f7734a40e27db84e034d681002a18522d86a4cd261a3502"
"Assets/_Game/Scripts/Procedure/LevelCatalog.cs","c94a6b2bfbe274145af461862d30efd7",".cs","4342","3964665c2769e5db5ee35eda0882532ab1041fca453bdb0d5fef2a2631fbe5a3"
"Assets/_Game/Scripts/Procedure/ResultContext.cs","79d73554cd3d38b4baf10fa5e50d4d92",".cs","1388","513a9c928735331878219f4f7d9490763589929323b338a918506f57148ee582"
"Assets/_Game/Scripts/Procedure/States/BattleState.cs","e840f817ffac1874da1945bf16476fa6",".cs","2909","fe131cc63fece78311a65acab4d088a63aacb788d93920780aeb1e115f4d680f"
"Assets/_Game/Scripts/Procedure/States/BootState.cs","d762f1d769a77334fb522c856f497403",".cs","1513","5809dc141be9ae8cc22fab4c3d0a565074af2b81f4dab45f09152f08c1bc0c44"
"Assets/_Game/Scripts/Procedure/States/LevelSelectState.cs","c56bfa1671724ec4a882fe8c2f98384e",".cs","1642","4af93f7f3d241a96f3a7c862ca54b93b30c69dad5296b021c0807420a13382d3"
"Assets/_Game/Scripts/Procedure/States/MenuState.cs","bfd861f8eae742742aa9c04a9dd46b48",".cs","1533","04036645cab9efc43a1a2a3e5749c4ebeea6afabc4ba97a897910697abce175b"
"Assets/_Game/Scripts/Procedure/States/ResultState.cs","a6fc51fe9dff7804dbca7290d11e704e",".cs","1326","5ce943a8413774f43f8b1caf01cf1ce3b7c8d255bfa1b0e675bf6dcabf57ea0d"
"Assets/_Game/Scripts/Prototype3D/BattleCameraController.cs","e6acdfc33576e214580cb1e562e78d45",".cs","6795","31e8ff37b31dc0681672cd42228f3ea36c4256a6997bbd529bc34561a11dcee1"
"Assets/_Game/Scripts/Prototype3D/CompanyWarEnvironmentRingRenderer.cs","70de14cba7ff49dda736954e76c4bec5",".cs","44782","518d55928ab21383f7c49087523ae7cb365870676c57195f0888b1989921b6cb"
"Assets/_Game/Scripts/Prototype3D/CompanyWarGrid3DRenderer.cs","bbf390857e266064c8b5cbf4727ec069",".cs","38199","b0747aecf36e7f240eaf70cbe27ad4f7d4060873bb2d9503167d7afb5c34cbce"
"Assets/_Game/Scripts/Prototype3D/CompanyWarGridCell3D.cs","1ffc5828a7d5c7f4faea1c439961565f",".cs","5073","a613532baa80f9dcc2f55152f50a06e4cd693c6b3e489eb6b55a8678fbe726d3"
"Assets/_Game/Scripts/Prototype3D/CompanyWarPrototype3DRuntime.cs","b0c7a557f3cd7234881d01af014e0c74",".cs","160811","fb75493f71c03a7c3733bd2f142b11980de3fa8186125f1d04bac59cf21bab0b"
"Assets/_Game/Scripts/Prototype3D/CompanyWarPrototype3DSimple.cs","a9f317b0d5f7efb4489d604563cf78c2",".cs","28907","4a0a131a8844db6960519eeb837fe9be0b5600098dcc20af605bd6f51f2f70a9"
"Assets/_Game/Scripts/Prototype3D/CompanyWarPrototype3DSimpleV2.cs","16bd488bcc2f95e4881fcd18c312c421",".cs","30896","969764a734075a27e31299ce1f929f4c3ba7ce2cf2ce866bcd5e9c9ff2d686f0"
"Assets/_Game/Scripts/Prototype3D/CompanyWarScenePropRegistry.cs","1f32b00e1c3f4c87a5089161e70cb022",".cs","1705","abfb14f20d88a9575789bd94ae4af23e07b6c3f2fa2e9855f3659529cd65080c"
"Assets/_Game/Scripts/Prototype3D/CorporateWarCorridorFloor.cs","886a9d7f809bb314ea9acb4acff95da2",".cs","24051","4b284a989d339340dc7a0ea0948c4be221058c38f4eece07e91b43bee81757d4"
"Assets/_Game/Scripts/Prototype3D/CorporateWarCorridorTheme.cs","0cb1669def5734a4a86d23eec9ab64ea",".cs","2437","22e2c8db3f7e9cf5500e5d8d5b4464cad6f6797df6a8e352a78831e5ad99402e"
"Assets/_Game/Scripts/Prototype3D/SimpleTest.cs","f4dde09b848e9cf45a0fec2b7d532ce8",".cs","2215","6d8ad699fce01c53c0a8b77771f4a7ff70bebb8c2ed3d368e7e788700e0fb961"
"Assets/_Game/Scripts/Queries/GetAuthorizationProgressQuery.cs","df4698d5f2308d64382c883a75075e3e",".cs","1240","584020d2c8614270f8bd6f310156bd7e50904682db8f37a10f786027f1546157"
"Assets/_Game/Scripts/Queries/GetDeployableListQuery.cs","fe14bdc9a2fb6f14bb84aa29b2fe9cd9",".cs","1051","e71f25735475275f37a1199471c12e2ea4e52fb163a3789b65edff97210de66b"
"Assets/_Game/Scripts/Queries/GetEnemyStatsQuery.cs","056d8c540ba0b6e498ad02b7b0c1aa12",".cs","1132","19737b2eeef6c7126c1f7b1d3850784a262e6eb1082818b3bafd90f58d21724e"
"Assets/_Game/Scripts/Queries/GetGridCellQuery.cs","e415ec882288bc949a9e980dd71f24b5",".cs","1228","8ff2c5e50486311ba071cfaae742a98651e11e910b09a0def798268980418e2a"
"Assets/_Game/Scripts/Queries/GetMapOwnershipQuery.cs","2a1ffb20ce05d01448f3af9846315d45",".cs","1452","29a4304486129a1763660bf0b03d7144ecfd0cb0c1fc7a2591763a630578cf71"
"Assets/_Game/Scripts/Queries/GetResourceQuery.cs","b1d6208a54a6eb04d915814fc699fcbf",".cs","945","02de1eb487db8bf773d85d4608466aedcc45bbf145beb58538e911a2eeabe2c1"
"Assets/_Game/Scripts/Queries/GetUnitStatsQuery.cs","4378e9ecf3ac53141bb4a6a48a809385",".cs","1119","24b53cfa3aa274dc2ed464c9ff1555fe35207af136e2991fd2eb7f1a34fb04a5"
"Assets/_Game/Scripts/Systems/ILevelSystem.cs","35914078f998e9c47bbb6bb1fc2a5251",".cs","920","7a30bdc86650a8b931e7ab3c9ee31071f0998be636d95254fdcf740d645490a1"
"Assets/_Game/Scripts/Systems/ISpawnSystem.cs","f17decddc7a01954d92fbbd1f59d418c",".cs","612","46549b4495d90989c8450d5cda578f47671a51525c95a2cee5ea5f4e4753f612"
"Assets/_Game/Scripts/Systems/LevelSystem.cs","56ef4f93265be0946bd0a1ba56d3e7af",".cs","2755","41aac108670dbe78c90a40b97b415c1efc96fa79f2fa2da415ad62811fe39d1b"
"Assets/_Game/Scripts/Systems/SpawnSystem.cs","c4847a190ae108a4aa3852330b4879ba",".cs","1603","f7bb790a6b4a4565d341dbf3432a8b1af32c286997c45c7f8ac21c4dafb1ce4f"
"Assets/_Game/Scripts/UI/ActorAnimator.cs","4a8423a8d26f2f541a4fa75ffbbfc45b",".cs","5788","eab3bc7c1a9ce50e801094a56261a3895e2a0c5bf4b4ec81be7ad6114b28d95f"
"Assets/_Game/Scripts/UI/ActorWorldHealthBar.cs","8577d4d4f90d4ec4b8770db21832e9cc",".cs","9757","84c2f41a0a5db5eca3cc3ecc35e4690f792f1b10c3e2e3067ed38d63a510fcf8"
"Assets/_Game/Scripts/UI/BattleCardPanel.cs","15e1104258847be4bb2ea10afd33c7e1",".cs","18190","13038f85dc89c27742550b8d637ac00ec8220add7f17c6e6038266858dfc66c6"
"Assets/_Game/Scripts/UI/BattleCardUI.cs","7202df5a44e931544b7a23afa57eb024",".cs","7609","a5172d0afeee28209300629549654f9b1781dbf5f17c27ab21c89050c4962dd1"
"Assets/_Game/Scripts/UI/BattlePanel.cs","642b2c2954fd5574fa229fca7cac5ac4",".cs","534","98ee63622cd10941ccc7e50ee991a7cbc4e499fcbbb619b654d84825c5bcf52b"
"Assets/_Game/Scripts/UI/BattlePanel.prefab","e7e1df7b19d70bd448fe75ed4627e17e",".prefab","19424","bf0246feaaec7f1a14a9d9031e93de728cbcc9bd5cd8c8dfdb583121f7255014"
"Assets/_Game/Scripts/UI/BattleResultData.cs","d16b3de09926e47439930d98445b90dc",".cs","2954","519f6635323fce171470e86e8eb19f85782f7bcb79a7656593f44aa0dccd6ac7"
"Assets/_Game/Scripts/UI/BattleSelectableActor.cs","909f7bbaec2ec384f8f5132c870cb8c0",".cs","1157","903c506e5adb6f8f149fb39d2f305ac9aa948cbe0f45a02b5a64805d41478c02"
"Assets/_Game/Scripts/UI/BattleUIController.cs","d94cb6cad35f9254eb29c544b139e871",".cs","101048","2dabcbe0ed151840e8b6eaedff43e13092154c68b353b3954574bdd6881ee0f8"
"Assets/_Game/Scripts/UI/BootPanel.cs","941ec4cc9a997d94993aad435b506952",".cs","2536","7327a7bbbbfef83df07636915bf32d29f446bf907d9b3c3546737df154e63af6"
"Assets/_Game/Scripts/UI/CompanyWarPresentationCatalog.cs","13bc1068191d12a469aa7ed47f01fd13",".cs","23926","15b1b694b2976cd247b2d5b8771b74a0fe0731c3419399a97a4eb1bee1bf8f59"
"Assets/_Game/Scripts/UI/CompanyWarTMPFontProvider.cs","f2650bb025cd17847a946ff2f5f08c9e",".cs","11309","fa0423f597d478bede2d3726cf7d02488e103e124b74153df1477a669f883d0d"
"Assets/_Game/Scripts/UI/CompanyWarUIFactory.cs","f9645a9e766859a479aef880094e09a1",".cs","10052","60e40bcbe706e00c0a6e1e88580d006926fd207cf52eca22030e123c90eed3b6"
"Assets/_Game/Scripts/UI/CompanyWarUIPressDepth.cs","d1cd2bbb5f374a7b81ec08e9e2f3e0f9",".cs","3963","08ea4c55c4426116280f6c11c65e523c319d1fd5a32828d6f4373ad80efeb36c"
"Assets/_Game/Scripts/UI/HudNewsTicker.cs","59fb71799f2041f4dbcbbfdd23b1d017",".cs","1428","5d27b69991ae3f630ecb8c67f2dc16242b56663c564739cafef394a3a36d4dc9"
"Assets/_Game/Scripts/UI/LevelSelectPanel.cs","81c4b70ccd8a8b94bbc0f6eff40736f7",".cs","3543","63d46b6ad6772801882be98d699021ed22a910a65330bfd58f2d7c504b884895"
"Assets/_Game/Scripts/UI/LevelSelectPanel.prefab","44e02acd9e3c0de4798f6bcc2d934a26",".prefab","51033","213bd7b0cea09ee58f96cf792c1182d09826e0c76e07d35136a83d4d86eeb97c"
"Assets/_Game/Scripts/UI/LevelSelectRuntimeUIController.cs","496dd07a364d40e4bb57437540138c1f",".cs","716","69673f5f248dacebba986432b8ca80239635ca8612dc0486fa45f0498605beb6"
"Assets/_Game/Scripts/UI/LevelSelectUIController.cs","4d3429b2001f4ab4d90b7cdbd073314a",".cs","37224","0e591c2220f7afa1f7ee8d280533da4f6ac2018226a45b62e55514b15ec0d2bc"
"Assets/_Game/Scripts/UI/LevelSelectUIHierarchyBuilder.cs","f4f4f6e0c24efe541b998227b5231c33",".cs","58817","ead6222b87990a0477e00ba99a354d86bb268d6c53fefb3c269db473bba4de92"
"Assets/_Game/Scripts/UI/LoadingScreenController.cs","220800c5c9ec38e4a9c2cf2b45d03608",".cs","10244","8f4e86fe9e821d9624d247e9150dc48fde161720fe9c50489807dc7553a22938"
"Assets/_Game/Scripts/UI/LoadingScreenUIHierarchyBuilder.cs","7af261815386e7e469ff5728a951746c",".cs","22126","dd0f0f5642b045e93e041e9da5a4a1d80d9f18d55876a5297fe734113f772482"
"Assets/_Game/Scripts/UI/MainMenuUIController.cs","f8259503862a03c4689d4061a4d764f0",".cs","7628","695e6f6b9aeacbd09e602fb9547c803e52e43cad9028e918828178ffaacc030c"
"Assets/_Game/Scripts/UI/MainMenuUIHierarchyBuilder.cs","33008a216af83e247bc2cd38a1c9da97",".cs","33259","9de228eb333048f14d4e2e20f79c12ce5ac807d55624cff60156bb7bc30dc0c6"
"Assets/_Game/Scripts/UI/Menu.prefab","290e077e0729742428a81a8ebc2598ab",".prefab","11131","e455edce7728fd68c4181612c8885988d1a39b3f3902a90c4be01519a2dac768"
"Assets/_Game/Scripts/UI/MenuPanel.cs","e52691e61cc9cfb4eb29e48a69f4f231",".cs","2906","8f6bbfdc69d0c4a3ab2529d4a454dc64e31d1ada0d7cdfcd7bcb5fd357ab215c"
"Assets/_Game/Scripts/UI/MenuRuntimeUIController.cs","3889eb0614c8faf44900c57b8b6bd53c",".cs","696","ca47b2afcddc385939458a741c0a5be0f720488b953b478dae12e59e1aa4b1e0"
"Assets/_Game/Scripts/UI/PausePanelController.cs","71fb30020ea4f274eac77fb30b822893",".cs","3774","1e91403df57c40f3ec67d9cd7f0d8edd6b273c743a5f35c17fa95d17da94b6e6"
"Assets/_Game/Scripts/UI/PhaseUpgradeController.cs","ece84cf814dfbfc42bb9fb5a6c055de0",".cs","29625","35750df27c67c4cd551059120674d910fb2b14e18633766a08c4115f346ed222"
"Assets/_Game/Scripts/UI/ResultScreenController.cs","950ae82f6bf579245be39c39095fae44",".cs","33333","3d2c66368dbab90b258b45fac0361cd1fd5a731a85ea57ae2979554635d14a6e"
"Assets/_Game/Scripts/UI/SceneTransitionManager.cs","eef4ad43d5d6c5e448df0dd908bc15c4",".cs","15814","767656928606c22d16848e7fd0b6354cd37f5b33117869d4c66b483ab002d2b0"
"Assets/_Game/Scripts/UI/SimpleLevelSelectUI.cs","05bf4c45599deb341b5568094c01a81a",".cs","7737","813a0869f43fc44a296e5a568c9a476e80aa388c43020b8bfffc0f2c9bda24e6"
"Assets/_Game/Scripts/UI/SimpleMenuUI.cs","ab08bc8c743d1fb4b9cc2b032f31fae4",".cs","677","fa68c5a4226fcf80fd4895df4a73a93ae4948e89515210a009c06ad0a71becaf"
"Assets/_Game/Scripts/UI/UIChineseFontBinder.cs","622eb800e761d4b43aab33553df4a430",".cs","5784","cc46fd8ed81c82eccb11ba7aeebe27b389c528684e147055f43f32e690c1634f"
"Assets/_Game/Scripts/UI/UnitCardBarController.cs","1f411b8503c5f87478e39669365ca766",".cs","16558","762778d85649779a302253214830de8b3d2a1d06e597ce74431519ba38c6c99e"
"Assets/_Game/Scripts/UI/UnitInfoPanelController.cs","b7c67987cecceaf47b3f536c9dd8cf76",".cs","13628","8ec1884370f625a8f8ac7d648a59aa4ebd3d23a1210fe8b5c866f92eb1bea17f"
"Assets/_Game/Scripts/Utils/BattleSimUtil.cs","88f94eba54024b74898b2adb35eaa4d6",".cs","1258","3dfd2126669a5d84b3ebd612e3ff5195add8f7c73dc49b67ac09181789e437ac"
"Assets/_Game/Scripts/Utils/ConfigUtil.cs","5bf091dd7f42e004c80ab39b3e661cf5",".cs","6691","acca2b4ae12c345325db0fb9d1c6f3ce5aec595cafa257a9d14ab39d23594f43"
"Assets/_Game/Scripts/Utils/ConfigValidator.cs","13b899cf4f537084c9997eb2c855afcb",".cs","7216","f963562ca33237994b5cade1c64c4e181745345d9e9f51ffa53d0ac75cddc3a8"
"Assets/_Game/Scripts/Utils/JsonConfigUtil.cs","679a82d1118718a4da12db12c0245813",".cs","4430","5e61432d475d90d1a0ffa251b28dafb886ea3563d3b4075d71298c25a6a2833e"
"Assets/_Game/Scripts/Utils/ObjectPoolManager.cs","dc7ec7a016dc4a74aaafc7fe467996e8",".cs","4795","f02e279b506be6943c433a8272d696d37c2b36dbf6d38ef5a46ab167d2fe6d8d"
"Assets/_Game/Tests/Cases/CW_Core_01_ResourceProductionTests.cs","2d83df26ce5f3394598c81d1ab7ee99e",".cs","1607","28674cea98c2c6763fa9e071151575b3f0fdde7e4f0aa998a3777aa873e7bd6d"
"Assets/_Game/Tests/Cases/CW_Core_02_AuthorizationUnlockTests.cs","5ec2be4e6a00f6949a366d5108e6c7f2",".cs","4605","8ca52cc9e4846bcf352f6ae295ee517a074fe870684b577db81159b9194e70df"
"Assets/_Game/Tests/Cases/CW_Core_03_SpawnPointRetreatTests.cs","5ae05d8a779ae1c4fac1145f710a443b",".cs","2281","857d714c6f095aaa4850d31607d4ec10294fb72ae6be3650f205bd29164dcfa9"
"Assets/_Game/Tests/Cases/CW_Core_04_CombatRotationAndDeathTests.cs","8ce59ec413b25ab49b0bd40c324a34f7",".cs","5190","ade54f90e504aa677c72d7d1f2d62a6bad22401c16cc6418ab0af3f5a7ff80ce"
"Assets/_Game/Tests/Cases/CW_Core_05_PollutionAndLossConditionTests.cs","ca93553e129b38b48933b2e7d45f4201",".cs","2196","9cacac59d0a94315b95e807d705007ed6a3b544700233891d99c085e42fa8652"
"Assets/_Game/Tests/Cases/CW_Core_06_StageScheduleTimingTests.cs","c3d97459d58390d4fae5d275bb2c1199",".cs","3211","c1a917a1fd0af011a6d974b5bb32e5b828a7dd1867ef809a2a9c754fe1994bc3"
"Assets/_Game/Tests/Cases/CW_Core_07_SpawnPointColumnLossTests.cs","2c552bea9c970434da02094daccbfb45",".cs","4984","bde25787e000b2690b0b4c4936fbdb8c13d7eca2542cc670892e9e97b3c06f2f"
"Assets/_Game/Tests/Cases/CW_Core_08_VictoryByPointsTests.cs","eef6804500e93a743b315a0d19c055b1",".cs","3191","126e6b52ab3347ecd3983bacdadf035c0557ddad75abb26ce4cbef2eaf1c88df"
"Assets/_Game/Tests/Cases/CW_TEST_U01_VS_E02_Detailed.cs","712ae2ee0cba19949b3be0a36818e12b",".cs","4830","ed12d3161f6b56516071d2426d9214cb06f13fbd5dfb3b4ffc7cfc7c9dbbd372"
"Assets/_Game/Tests/Cases/CW_UNIT_0101_GridMap.cs","dd28b8c6c2a857046abc39c049e4d35a",".cs","2021","6955636148fb1783f0179a4e29b9fc4f76618e1a4b9fd7e6272fc48d8b9117cc"
"Assets/_Game/Tests/Cases/CW_UNIT_0102_ConfigProvider.cs","6debaf13cb077324abe502e06a9bb0bd",".cs","2250","23ded5b22f3c3dc0785caeb18bd88cd6bc76abb823c8233a81af74ef0588efa8"
"Assets/_Game/Tests/Cases/CW_UNIT_0103_BattleEngine.cs","f4b6401fb49eca9489249bb525dff550",".cs","5198","d45fbd264586f68f18f11fc5daedaa8be942184a122a423908f234ac24ed1d7d"
"Assets/_Game/Tests/Cases/CW_UNIT_0104_SpawnEngine.cs","931b988363197db49b2c209938ab0d27",".cs","2380","62b4d21d91871b3d0bf326af69e2e8a25d6d072faef88e0835192504ba210944"
"Assets/_Game/Tests/Cases/CW_UNIT_0105_AuthorizationEngine.cs","edc1c2d74c06a124fbdceb13e7010792",".cs","2787","87bac77bbce87339fc2516405f77d144b70f8d6b96741d255095812705ca7400"
"Assets/_Game/Tests/Cases/CW_UNIT_0106_ResourceEngine.cs","7f8a0b4d420ad8b498ca10789f3847a3",".cs","1811","5129c864b7908010d37bf662cbc9c12185c8389cf84321d57c5a970f85ad8321"
"Assets/_Game/Tests/Cases/CW_UNIT_0107_DeploymentRules.cs","e744f59c7615dec4cada9ac42483bd8c",".cs","4926","01a06b4a0c84c7b8fa758072cd2fa669e30c2b9e8ebeb4eaea6c84363ecd1c1a"
"Assets/_Game/Tests/Cases/CW_UNIT_0108_BattleSpeed.cs","43da0158cc7e1bf489102df497e775a1",".cs","379","24fae1356b3ba65f4669dac26144f8a36ac4eb81a32e9045a85728741f581a7f"
"Assets/_Game/Tests/Cases/CW_UNIT_0109_ControlBlockEncounter.cs","8f2c4b7d1a0e4f6f9c3d5e7a2b4c6d8e",".cs","11508","785d3f2caa82db5e1f160eec0ad25d70b74b0b019847a2ba69eeedc7c8249145"
"Assets/_Game/Tests/Cases/CW_UNIT_0201_Commands.cs","24b6772d19a49644d83d46bf542f9365",".cs","6705","b232c6e87ffc0bbbe9ad2fd4f2866bb59c6a01b1f77e0fc99f0289736bb2a256"
"Assets/_Game/Tests/Cases/CW_UNIT_0202_QueryService.cs","0722a26e9a7ffa14288d9a470a1ad622",".cs","2507","bd634ef1767e1dcdcfbf58ef02c4a21cc451a84dfe117a704ba6cfdf833dc078"
"Assets/_Game/Tests/Cases/CW_UNIT_0203_SystemTickController.cs","a49585f6582152c429684754d1dd799d",".cs","2420","827cc083163959e0cbcb9376cfbade448c793d8c6bef8730bbb9b2de9a975b26"
"Assets/_Game/Tests/Cases/CW0401_CoreUseCases.cs","d8d82229a256ee54eb106341e00c3c3a",".cs","4795","01d2781756938889368cc0757766344e11a864845f7fa8161eb67fe0ce20c1b8"
"Assets/_Game/Tests/Cases/CW0402_PerformanceAndStability.cs","13b045e12cd15ab4694c55b50a17d70c",".cs","7476","1e12d97c253ccac710bbc07e1efd71c2da128026ab3bd79db4d90ffa83ef0965"
"Assets/_Game/Tests/Cases/CW0403_BoundaryAndErrorHandling.cs","a6f0e302a7c0d9740bc298a1f6ded592",".cs","13494","3248cc1ee28f59e41afe349021ca2a609aa1d3ceeff42f2f9c005cbee9dac050"
"Assets/_Game/Tests/Cases/DemoCase.cs","bf204968e6af6f64bb5e62c0a84f55fd",".cs","1010","730fd229a3fa640485ca6e94b732fedea8a53f03dc02ea72ff567c899ee77da5"
"Assets/_Game/Tests/Framework/Assert.cs","45ef7af3e9f747d43b9c062d080c9f55",".cs","3901","0d3a665cb75c77008f98dc0653db8967ff61274b9ddac15abe1a600c1e4aa92e"
"Assets/_Game/Tests/Framework/CoreTestRunner.cs","661604ad6e46c21468a2056042cf1ad5",".cs","7230","fccc19e961841ff2a4ff6de0f76cf73c5e550f8ad25c27799ebf91abe44b9b50"
"Assets/_Game/Tests/Framework/ITestCase.cs","e15d655e669b5394bb466c4808f95503",".cs","722","f8ca4b8f109043c7ce8129958a8929e0c54a409db70e39935d2e9dea48b284bb"
"Assets/_YFanFramework/Docs/架构优化计划表.md","4d090656a01bf2640b1ed9297c8d4450",".md","2359","853ab17aa46b59f98ad13cd97875510030e5703ad5edf019621fd7bec4794dbe"
"Assets/_YFanFramework/Docs/Architecture_MSUPCQ_Usage.md","988b5e1402a4c6244b1a5c124f69e1b9",".md","6367","f59d8d5c9aeb5cfc0b08527941002d2f16f31e2b847c01892e1a9a6bc6556b79"
"Assets/_YFanFramework/Docs/AudioSystem_Usage.md","fb4f45e766831894e9e0059b38bd6372",".md","5400","9ea490bd1e92b82628401cea5ad046c49365bc602d74e99ad0833cda83e82d93"
"Assets/_YFanFramework/Docs/AutoRegister_Usage.md","04c96aaf3dacc4e4fa191493c6ec9908",".md","4123","86018a8da2dd3e50f1515ef0a8ef9147656092e038f889723801a7bf2c535a41"
"Assets/_YFanFramework/Docs/ConfigUtil_Usage.md","90270de137afa164799ab3e3d1a6e8f3",".md","8579","e3e6a5747050f7071770fba03bb22214f83d2900f1ee9c2121fe99c11b642832"
"Assets/_YFanFramework/Docs/EncryptionUtil_Usage.md","0359e108196a75f46be9abb5d6a8123e",".md","2516","512a8354fc3b446c7a942704fd5ee861f38a7d56adb38926ace50b7719f0a24d"
"Assets/_YFanFramework/Docs/FileIOUtil_Usage.md","c450f133fdc77b84cb3d5d0208e09d97",".md","3611","cd5cf942267991739630eefd1875585d3f83c429fe4ffc896d6fbd2d88451c31"
"Assets/_YFanFramework/Docs/FloatingTextSystem_Usage.md","92be30049d7bfee4ba3ff2e93d6736f0",".md","5998","1ed125bbf8925a9c6da0414405c06bd57f7412095198669d9b5ab8d405653f43"
"Assets/_YFanFramework/Docs/FSMUtil_Usage.md","a952106e337fdd0419534d97baa670cc",".md","3740","76caf966d9b7cd7ed250a090bd2932d2609b5a9b757eeaec1b781e379f047e42"
"Assets/_YFanFramework/Docs/GameDesign_UIHero.md","de066fda5984c034bb84d2831cd411b5",".md","17356","1200647fde2408fcbf2ad68def139f60b9b529f7cdcfda194ad3f50040155219"
"Assets/_YFanFramework/Docs/InputSystem_Usage.md","f00479c8fb773c24fb184934a6a04ecf",".md","5831","544c5e658eec7f6b573251572b8aad800e4c3d1e7dca21f13e0b955912694dda"
"Assets/_YFanFramework/Docs/LogUtil_Usage.md","9afe6c3500a38f24a8ff8daca915082e",".md","3924","6c4f291b94fde29b7f5d5d6a27fc778dd44d2f54b341b4ce847a1fecf4b052de"
"Assets/_YFanFramework/Docs/MonoUtil_Usage.md","9fd73f278c2c9bd4192506d9a23dde9e",".md","4091","66aa10d2e985753c4404a44f8d536787935c5e54df9ab89b016e4327d1639993"
"Assets/_YFanFramework/Docs/PoolUtil_Usage.md","f31aafb59d99abb409adcfa9283ee1bb",".md","5192","932b4ac268afd50e2ff39fc466a81e919bbba5b4217eee4cf3c305b8e681a033"
"Assets/_YFanFramework/Docs/Procedure_GameFlow_Usage.md","1224e866031c7d341b001a36a922d07f",".md","5379","1430a2c64e64baff0e8e45ff96aa5f3ffa61b397d86059f4c121d1f0c6c76573"
"Assets/_YFanFramework/Docs/ResUtil_Usage.md","5d53ba54a61a44e4c9c206d9b0062b8d",".md","4601","020358b0374e8eeb5fbca216d65601cf841d6e0d233aa9bce8c1dae96a1b1633"
"Assets/_YFanFramework/Docs/SaveUtil_Usage.md","851ebe2f92ce9fd42bd5ae483d76216f",".md","6246","db7811e6e04db37f1af7396b18d077a3b07ab02e024b8629746fff0f8cbfd300"
"Assets/_YFanFramework/Docs/TaskUtil_Usage.md","81d8ff0b5df7d4745ad4007aa0b2d329",".md","5933","9ba211f2f8213b5e1b691a3502fa28dd8fd4365b244bba33ab8d8b87b7be5074"
"Assets/_YFanFramework/Docs/TimerUtil_Usage.md","5fc1f557736750f4282bb8e6d1c4eeda",".md","3439","8d8f93e02c366f2e93b87c5956d85e164fcc0ae9db4e18809201e9e16b0d468d"
"Assets/_YFanFramework/Docs/TweenUtil_Usage.md","493e33c29cec2b045ae813bb15b83666",".md","10629","341019d0521da0878e02cd3ba47ada350454313a2d5ea9117c2fa82dbeae3701"
"Assets/_YFanFramework/Docs/UIAttributes_Usage.md","4bbe5497b7ffb444993a2e2244b78788",".md","4824","0771a930f303914828ee6ae8f6ce544feabd4f4b16eaa24fd9703dd63f760143"
"Assets/_YFanFramework/Docs/UIFramework_Usage.md","3740ec1ae300d854caf58e59c25c9fff",".md","7028","1d86249147b70cabdd5079717c2649f382747a2e9b01d18caad43f204fc0a602"
"Assets/_YFanFramework/Docs/YLog_Usage.md","68cc81c069dc37a4a953b1ddf8feb7fc",".md","2890","2683d62b12e1a31f692643c9c07f4b33ff9f3cb7354649d599cb58da3c8401bb"
"Assets/_YFanFramework/Prefabs/AudioSourceItem.prefab","6a27c6d8582c61a4e8a2d107f5b6a557",".prefab","3137","95f69fe2423af7ca30cbaadec01aec7d37611bfa95d8f3a3399c8504e26b486e"
"Assets/_YFanFramework/Prefabs/FloatingTextItem.prefab","c703bb07e37ba0245b58dcc9f167b260",".prefab","4891","1c01856236c9c8b46508dceab321fcaa429487537c504ed010b3fff540ded5ee"
"Assets/_YFanFramework/Scripts/Core/Abstract/AbstractController.cs","291a1c30b54e54b4f97531b463061cb0",".cs","790","c780ba937b1cbdbeb1696cd9c324e27f078d8fe1211bc1c286ee8ad8acb5b3ca"
"Assets/_YFanFramework/Scripts/Core/Attributes/AutoRegisterAttribute.cs","66a20bcf1614c6343b92f445a5ac3e8c",".cs","2403","9cc066a5921abf63ef3e7dc12723ec0be43175fbe9cd0cd01eb31221af99964a"
"Assets/_YFanFramework/Scripts/Core/Attributes/UIAttributes.cs","afcec4b56156e3648b9f924d536411de",".cs","4218","b2c9c61b2abc7f5a30e4670e9e54ab951e9b1cd954b2c8eeaee8d91993e3e3a9"
"Assets/_YFanFramework/Scripts/Core/AutoModuleRegisterer.cs","b444e2c4416499c4ead8057378999c27",".cs","17641","b4959489a1901b4a258414c863d4ad54742d4b7a28ae16e1f5f703a474b2553e"
"Assets/_YFanFramework/Scripts/Core/AutoUIBinder.cs","cf45723e27602e94286afe25bcdaa0d0",".cs","15396","4bbbea40aa0355591f91cadd6bde9314b97023a43558abb4d678a93c755116ba"
"Assets/_YFanFramework/Scripts/Core/YFanApp.cs","96c14c559b9d7f34eaeb04c97fe501f1",".cs","1998","89fbdce76f5d9e813edb86fa280b3285e5c610d212d3b533fcd9cbbc8badf4fe"
"Assets/_YFanFramework/Scripts/Procedure/GameFlowManager.cs","91f5d05d77ca1304a854d845c5322397",".cs","5562","f470380144d67d188db5915f25e5747a8a397d78b49e33e0ad01c0b66b9271c7"
"Assets/_YFanFramework/Scripts/Systems/ActorViewSystem/ActorViewSystem.cs","c16f62c594e5d1a4ca504c3475e9d6ff",".cs","39479","909c9e8d35410f37f22e2a7fddb765b5c4f1494a4dca3db0c0b655602f263efa"
"Assets/_YFanFramework/Scripts/Systems/ActorViewSystem/IActorViewSystem.cs","f2b38f4219e66494d8c3985ef686f32c",".cs","3595","5612b590608b2e5b80b8d1f6b17696598276b36f8661fc8267ed6aeb5a45e449"
"Assets/_YFanFramework/Scripts/Systems/AudioSystem/AudioDefines.cs","e5dafbed2d9ef8542890d59f2913b6cb",".cs","2090","73328af124f991f9ac9d479574105f923a976479270d634271ad92e7954f4eed"
"Assets/_YFanFramework/Scripts/Systems/AudioSystem/AudioSystem.cs","57f56637f0f31e64e9f0e0f12fc10988",".cs","19794","8506e5c70aab1c6e2d5ad542a9e1c4c2b8c780341b5ef6a47349275c5a7860c4"
"Assets/_YFanFramework/Scripts/Systems/AuthorizationSystem/AuthorizationSystem.cs","dd375e1a7fd5f5b4d9135d4ddfe01937",".cs","2874","cc2295724cb34e880e785c030b7d9bf2246002f938ee1d4defc9801d3e0c7f0a"
"Assets/_YFanFramework/Scripts/Systems/AuthorizationSystem/IAuthorizationSystem.cs","1f194c531aa4a3948be20216c1f3364f",".cs","1614","659b16b3f0fddfd33ea104f9cde926ad2a04231324a50377ae979af5107d787b"
"Assets/_YFanFramework/Scripts/Systems/BattleSystem/BattleSystem.cs","38080368f03605841922f1e2451a6e6f",".cs","9733","17d759442f10d59be2a0b2e6a86c27f2d3016ac04d3a187a80602f33dbfcc35f"
"Assets/_YFanFramework/Scripts/Systems/BattleSystem/IBattleSystem.cs","65310ecd42c0ea14e8282e199bb589d3",".cs","6279","7fd1a2f45ab5898857ad791d42606ba5560b2f10c558a50140eb013f34336960"
"Assets/_YFanFramework/Scripts/Systems/FloatingTextSystem/FloatingTextDefines.cs","e9b30502037014f49b49d63466e23af1",".cs","5905","446dd9f4b8a0a82f3106cbd67f063545ce040caba290c1073147644442707630"
"Assets/_YFanFramework/Scripts/Systems/FloatingTextSystem/FloatingTextItem.cs","0411f205fe34b6e4aa5bc9e62ecaec3c",".cs","11600","6d23193dead2ab99d5814c63792e6527728138440f3ae0de59008a9e61aa71d4"
"Assets/_YFanFramework/Scripts/Systems/FloatingTextSystem/FloatingTextSystem.cs","8731f6971642a81498ada46b17bd8622",".cs","9589","173597eaabd99b47db7eac6ea467a944d335ec1b6bf3c3cdf657c7d23f8de3da"
"Assets/_YFanFramework/Scripts/Systems/GuideSystem/GuideDefines.cs","2a211b8496f76c446ba016f7796d34e2",".cs","2880","258d10ceba7cb0f3a01bb9687ccd56adc05d002d13d62fcde5882751bf8420bf"
"Assets/_YFanFramework/Scripts/Systems/GuideSystem/GuideOverlayPanel.cs","f78aac5293e33304bb6f8de6f15975ef",".cs","5401","d270bf7e1ba47efa83a41b8f18f8706a2b6d7b25aaed570c2f5a41451e756b5f"
"Assets/_YFanFramework/Scripts/Systems/GuideSystem/GuideSystem.cs","fba425b20a73248409c2e57dc74258c3",".cs","17454","eca3e2c7298b8a036b4510352a0d12e8c266239bafbfba52615de892bc47b1c0"
"Assets/_YFanFramework/Scripts/Systems/InputSystem/InputDefines.cs","20b2c8fc10aee984c9b37a3cd0cc2d8f",".cs","909","6a25c8f268860f4cfcec6e3ea34b1c15afdd980493839c2b5d5cddc59da971d5"
"Assets/_YFanFramework/Scripts/Systems/InputSystem/InputSystem.cs","c5b9adcacaf21c940b18ecd5d65e16ef",".cs","15301","31d9e8084ac528ab1650c80121fc85bedf212689f5061adf2e85e4c556216e41"
"Assets/_YFanFramework/Scripts/Systems/ResourceSystem/IResourceSystem.cs","32cd64c0a0ac3c444a3e1f7e0fa6544b",".cs","1867","c78240a65d6f1918826cc5e7947d01134775bdf2691b9b77872355cb846a65d7"
"Assets/_YFanFramework/Scripts/Systems/ResourceSystem/ResourceSystem.cs","d1ee9f085923a6045ab15efa71fe010b",".cs","3959","1b06acde16b4cabe895de4c76c41dedd3f2b206725df0c5e9c04f739898e86a8"
"Assets/_YFanFramework/Scripts/Systems/UIManager/UIDefines.cs","ebfe6a25fc481424299cc793da3738d4",".cs","702","066468f123890fb72b17578384f2d5af83be9f1f4766e53776f38dfa4f659a32"
"Assets/_YFanFramework/Scripts/Systems/UIManager/UIManager.cs","9b213ca52abdf9742ad2c8af2be0a95c",".cs","19601","f278d0e4803ac45bba14d69e842e93c2da53d41e2e217c155dc1ac9324c6ffb5"
"Assets/_YFanFramework/Scripts/Systems/UIManager/UIPanel.cs","8931d29c33164f9419a7c34a9ce4ae28",".cs","3211","7344c1a2965da984af470783c22cef414afb5c20ad1f6886e138b5264d8871e5"
"Assets/_YFanFramework/Scripts/Systems/VFXSystem/IVFXSystem.cs","aca122dcaeaaf194f8da216a89cb4204",".cs","2952","6330196cedf65ced85bd3e19eeff07974b9b113dd09ffe65f5fafb0e7a679f01"
"Assets/_YFanFramework/Scripts/Systems/VFXSystem/VFXSystem.cs","3fc6096dce724b04c8f00d5da460dbe8",".cs","6713","bc83db428d2ddba351bcdb106227e71ddf45535e8941cbeab45a087bcf1016bb"
"Assets/_YFanFramework/Scripts/Utils/EncryptionUtil.cs","bb5dba98c25e23044b8ecf6b54075d9c",".cs","5421","c982fbfd5a06363789fb1fa38a1e01d3c837653bff28ee9527548027b34f7de0"
"Assets/_YFanFramework/Scripts/Utils/FileIOUtil.cs","f643d6d1615d61542a9e2831c7904e01",".cs","10306","37598960ff2dacdb0c4c003859cfd29d137ebcf2ed35ed5764fbbe66cd48e5bc"
"Assets/_YFanFramework/Scripts/Utils/FSMUtil.cs","7b1c4e0e6c013b942bb34f5e6dc4aa2d",".cs","10248","4d45fad0a93bd5e8c54fb64b1b254d929f5f311e7f5c29e23530ec6d9b8b86a0"
"Assets/_YFanFramework/Scripts/Utils/LogUtil.cs","9f5ff7b3cded61d46bc32fd86d8b4c39",".cs","15797","82e27fe11e12fb971c65a008f1bc41dfa42de7cb8dfc4840bd77348803ff46c2"
"Assets/_YFanFramework/Scripts/Utils/MonoUtil.cs","dc55e0ed89dbc8342a0f0a72ebea9501",".cs","16532","fc8497077e3fbde8ed54fe6ec8168e510b4fbcc13b1ec8884ecd7a7b1084fb63"
"Assets/_YFanFramework/Scripts/Utils/PoolUtil.cs","96264b8d5c05c2d42b8dd421d936a7ce",".cs","34563","3f2cafdfe326b3c6b504e2488b34df606f85773c8960dec5717b422197ee6a37"
"Assets/_YFanFramework/Scripts/Utils/ResUtil.cs","716ae6dbc1adf2e41a87221b49ada1d5",".cs","17111","c375677b719f4959293f89138af6d1ae197cc2e14dbd339f91e6f308054ea233"
"Assets/_YFanFramework/Scripts/Utils/SaveUtil.cs","f3188340b3246b14896efea21f716711",".cs","15819","8746011d42b28cba0dd948a2cac457110406230b4c962df48c3cd804767aa1f3"
"Assets/_YFanFramework/Scripts/Utils/TaskUtil.cs","980fd38ccd28bc147aeb5305d31dd666",".cs","19603","1fb16a6fb9acc05b595fb0b37cde1348ccd29b4f98a9e248085b001cc9821aa8"
"Assets/_YFanFramework/Scripts/Utils/TimerUtil.cs","13e7e425ba4eddc4a9c44bcf5ed1eaea",".cs","14745","61eae24858b03658e44be404c4218ffd13bb60252fb054d7711971592f8dc1b6"
"Assets/_YFanFramework/Scripts/Utils/TweenUtil.cs","127d9412c33a14b4895c072bd9199bca",".cs","35656","22fd4f8fc0d1cb2bc29ad7d93490a4ea096f5566a33b3784306b17ca3ea7662b"
"Assets/_YFanFramework/Scripts/Utils/YLog.cs","92224144c42bf9943aa8d7932c64fb1c",".cs","4431","4e2723cc6b8bd9c38c53fbcc1b12f791c8894e459b163087f40c265971c7c8b6"
"Assets/AddressableAssetsData/AddressableAssetSettings.asset","c07b58d30e7b5914fb0518b3c26a1f8b",".asset","4015","91555854a219ae5c4e1d32af14c8696f26a99c29f1b1bade5f1390a1afd1bb48"
"Assets/AddressableAssetsData/AssetGroups/Built In Data.asset","731c7388c6b12db4d8f388873db18be5",".asset","1053","4058ce811662a76aae1d19a944eefda5e5b6f72a6da51ced0c6d650e265f7b97"
"Assets/AddressableAssetsData/AssetGroups/Default Local Group.asset","3ee7124a2b27fe74597233f30255ddc8",".asset","1910","7548bd55f7715bf7c5e2207bcc726834b1eef7eeb510821585381c44867588d7"
"Assets/AddressableAssetsData/AssetGroups/Schemas/Built In Data_PlayerDataGroupSchema.asset","1632da4f26fb1f64daedeb926a46a0ad",".asset","585","a68069db0fc1253b54a17ef7e1ea2d37ea37c7c2194055cbded96d599397bc72"
"Assets/AddressableAssetsData/AssetGroups/Schemas/Default Local Group_BundledAssetGroupSchema.asset","2cf195c98af5ca345810d40e87768163",".asset","1595","ef87c1480158b282d1ee1a0c891e59a710c9d20a72f5905c05d00c900f3a03ac"
"Assets/AddressableAssetsData/AssetGroups/Schemas/Default Local Group_ContentUpdateGroupSchema.asset","8167e687fb380214eb42adefc221ea36",".asset","549","1b63ac0034ec3091c3d95e2ad9297fbfca6ef25d76ed0a25a9f04dbb4a38d13f"
"Assets/AddressableAssetsData/AssetGroupTemplates/Packed Assets.asset","cbe35974b91d3f34ba5d236345290ac2",".asset","2216","3843170a716ffb636c546135bd95192d2450efdfc220df97f2f9c916845719ab"
"Assets/AddressableAssetsData/DataBuilders/BuildScriptFastMode.asset","55e4a3046f0a81143b26185c1c98fb88",".asset","830","74e0d0b02d12be099213b5712cdba1d485c37f34c4d39acd35faf79632ed3f16"
"Assets/AddressableAssetsData/DataBuilders/BuildScriptPackedMode.asset","82e5b0aa5fa0b33418c6513d0e3919e4",".asset","832","0098281401aef175fc4541b56d836098a95962ca6bcf68c19114236ff69d549c"
"Assets/AddressableAssetsData/DataBuilders/BuildScriptPackedPlayMode.asset","f8795174a0556b844a240dd03c8aec84",".asset","836","c8ff955069915bb7dd4bddf377cb9ce0e8603571de95d7adb06227c7b1136721"
"Assets/AddressableAssetsData/DataBuilders/BuildScriptVirtualMode.asset","0575421d9bbcedb4c97570942822a20a",".asset","833","fce803d7ac634104f8016c365c23dfd35722ecaf56692b2bfcb80226428ce453"
"Assets/AddressableAssetsData/DefaultObject.asset","220375fa25a9cf14fb1e42b80fb416a4",".asset","484","f8c6b1564d807ab9104da0b794e1bbc1236d26fe332dbca4e58543cd174c9a71"
"Assets/AddressableAssetsData/link.xml","f328e4c0ec1f9754c9c9dba0791e029f",".xml","4716","6753fedb4d8baf1b9bb77faaa5e6aa26f3b97e1752095cc6a872a48ac751aa30"
"Assets/AddressableAssetsData/ProfileDataSourceSettings.asset","2d3f506a87c99fb4989aeb1c1efb4fc3",".asset","1067","519a53e05fac356f11aed5bf9a44a4be8fa8ad4c05b81aeaf807fe696812c2f3"
"Assets/AddressableAssetsData/Windows/addressables_content_state.bin","feea7260005b954488b83aa4be0ba299",".bin","1807","2f171e16c83a01ed9abc5c98c5f6327d525caa5c043c15438700679853dc5753"
"Assets/HDRPDefaultResources/DefaultSettingsVolumeProfile.asset","e8d1d65d4e22e7c469b399220f88542f",".asset","17510","72ac800c555f1342357c079cfc7db9fc12455ceb1689a7620ee0cd66c2b67670"
"Assets/HDRPDefaultResources/HDRenderPipelineAsset.asset","0b2b317ae2699024d900ca9aaa12d6f6",".asset","14494","5f998709296fdcc72c8d2e707e7c882888d720f99849db174f7331873335aef1"
"Assets/HDRPDefaultResources/HDRenderPipelineGlobalSettings.asset","c825e3524af49f642bc3df0a0789dd55",".asset","3251","319d4f38e26ec9d0ba06c401bf349a798d0f10b0477108c460081faa4223d1ce"
"Assets/Plugins/DOTween/DOTween.dll","c5867386aeb529b4dbb04ee17b24d759",".dll","177664","d48a4a4a962d929a33f83136b58e58e48168a3d92fef6a09fb04a8ee50ffd9c8"
"Assets/Plugins/DOTween/DOTween.XML","76499fe7e798e07459aa61e31afe16c5",".xml","234735","fcc00f425967e04c71043cf4aa1b87233988bfb3b45333cea97c281ebd866cf5"
"Assets/Plugins/DOTween/Editor/DOTweenEditor.dll","bf90056db39a0344e95c08ef7c62f73d",".dll","70656","a960f9292813faefcf00aaaa6dabaf9082e64a58e59952dee3a341c632ca5672"
"Assets/Plugins/DOTween/Editor/DOTweenEditor.XML","315a1214d8c5f4b4a8a6ae9f8c2a7db1",".xml","7956","64ebabaaa68e3b371350bb7c0b647448b1b79c0ab9039c80565ecbe4c3845cd6"
"Assets/Plugins/DOTween/Editor/Imgs/DOTweenIcon.png","c40be5443bda56741a346eb6473fc342",".png","1565","6e6ca81af7b3fdbecc7069b8644047713af97c8e311cd3da97e75eff0b973faa"
"Assets/Plugins/DOTween/Editor/Imgs/DOTweenMiniIcon.png","42103b336a518264aaa2c417e5fe6b58",".png","319","29cd2e4bf91e3fe91a2485ac1608d2ba6ae338d04c82fd8d343ae4336684e644"
"Assets/Plugins/DOTween/Editor/Imgs/Footer_dark.png","43d0d465fa192df4a874f86540522ed7",".png","4429","2bc04d9700e60b53aa4741c4580d61e490b1192d3ea4f98f4437a2e776057a5a"
"Assets/Plugins/DOTween/Editor/Imgs/Footer.png","cab1e5bb9b569cc44b7fbeb50e74feeb",".png","4409","b1bccfb25ef58988d123ade538e28637da988dfaf33272067b641f34582e7b89"
"Assets/Plugins/DOTween/Editor/Imgs/Header.jpg","629be5f41dcecd74aabcc84d3d3941b3",".jpg","22787","80652902491d99fe580056ed204d204d9ecaccf810e7ec546bd949ccff8d67fd"
"Assets/Plugins/DOTween/Modules/DOTweenModuleAudio.cs","5c43eb43aecdf6147beb889f6807a9b3",".cs","8943","72671c591110372c239622d551131fd7698e8fbb4596580811ab8e0248b45093"
"Assets/Plugins/DOTween/Modules/DOTweenModuleEPOOutline.cs","14818f4682e2d2743a6c98a4735b98ec",".cs","6855","f20e26d35f1013148baf520b0ba91982e73204859ab1110d5f19f7f60cac730d"
"Assets/Plugins/DOTween/Modules/DOTweenModulePhysics.cs","bb76ccb76637b5144b816c97d94690cb",".cs","13989","e4a3478813a970fc4a5152a9b014d47900fcf96523b6645243d6a75de8e36b10"
"Assets/Plugins/DOTween/Modules/DOTweenModulePhysics2D.cs","3db9e527e099efa4cac1dcda9fa9987e",".cs","12125","d82bd5ceae8233f9808a2588e9fe0a956e4ba6c7931ddb85c7fe1e1dd4deb105"
"Assets/Plugins/DOTween/Modules/DOTweenModuleSprite.cs","bdda75456865bf442b69112b4bfdede5",".cs","4166","7a5669ebe2164aefe161c8801b34a6e9457855d88e56d46e5d8640c3dd9f0623"
"Assets/Plugins/DOTween/Modules/DOTweenModuleUI.cs","3baccd1fe1702ae4da55e58b9b2ac9ed",".cs","43245","e6d6e9b2ae6010add7a3809419441abe762e41bdb0081006352b74e5a35ade91"
"Assets/Plugins/DOTween/Modules/DOTweenModuleUnityVersion.cs","01dbd6468012621479204c404943a5d2",".cs","18321","26126010ad8b836b74ebe7524baccd6d4cc04da4064cd840e92d4060194cf71d"
"Assets/Plugins/DOTween/Modules/DOTweenModuleUtils.cs","e0d623d6af26e124cb55b331938948d0",".cs","6719","6e972f0918e588952061aee6dfab9d1250434b3b28bf5beba41d53628470c100"
"Assets/Plugins/DOTween/readme.txt","929389a4bbd06264f96f252c7ddf5fa8",".txt","2190","37b99ffdbb8b01b159d807b1fe77db664ae5b3b201734a5ad602c7c7f83941f0"
"Assets/Plugins/QFramework/QFramework.cs","4831c651fa931ec4a91b58b7059e144a",".cs","29001","c4676b31a0a3876bdd7935499b7ef26f8f56e65f937f98a9c63d6a1395287dc9"
"Assets/Plugins/UniTask/Editor/SplitterGUILayout.cs","40ef2e46f900131419e869398a8d3c9d",".cs","2414","f4bca5daf71fec695bbff4886bb21720d316ca3c40f93b17a7da7eb007867bd0"
"Assets/Plugins/UniTask/Editor/UniTask.Editor.asmdef","4129704b5a1a13841ba16f230bf24a57",".asmdef","384","575826b369d5196fd00d9a8fcd7a8ef11ddc26955d638abba60ee3270c97dcfe"
"Assets/Plugins/UniTask/Editor/UniTaskTrackerTreeView.cs","52e2d973a2156674e8c1c9433ed031f7",".cs","6939","a79c017a711753226ad16efcd578d4750ff1a26325cba013c4c424eee098e984"
"Assets/Plugins/UniTask/Editor/UniTaskTrackerWindow.cs","5bee3e3860e37484aa3b861bf76d129f",".cs","7730","e74fbe323058c960acd4afc37f47eae161e879dd768803cb406f84b7afe81fe4"
"Assets/Plugins/UniTask/package.json","d1a9a71f68bb0d04db91ddaa3329abf9",".json","418","d06eb9060792acffb48d160ccc54e705a91be764c261af74a212433663946417"
"Assets/Plugins/UniTask/Runtime/_InternalVisibleTo.cs","8507e97eb606fad4b99c6edf92e19cb8",".cs","253","67d7aacdc5b9d7c1d1b74dbab627b7cb2c152859116478b950333f48e27844b1"
"Assets/Plugins/UniTask/Runtime/AsyncLazy.cs","01d1404ca421466419a7db7340ff5e77",".cs","6875","02fb54687ad47c133090c087b82a592dcb98ae0aa1ba154e0c2525b7b53a8877"
"Assets/Plugins/UniTask/Runtime/AsyncReactiveProperty.cs","8ef320b87f537ee4fb2282e765dc6166",".cs","20968","43add1477bebb8273332d7fa35336bde8ad4c4c1094f1293f469a639b1120c8b"
"Assets/Plugins/UniTask/Runtime/AsyncUnit.cs","4f95ac245430d304bb5128d13b6becc8",".cs","571","cb2e150a9f752d4569461a5247a4f6e01205098ec39afedbd6922cdcbc980eab"
"Assets/Plugins/UniTask/Runtime/CancellationTokenEqualityComparer.cs","7d739f510b125b74fa7290ac4335e46e",".cs","671","f188954761761939f125ade43ad58e83ab367bff2d540d85c024056649d094f7"
"Assets/Plugins/UniTask/Runtime/CancellationTokenExtensions.cs","4be7209f04146bd45ac5ee775a5f7c26",".cs","5877","532a61b40d4c753759823ac64eccbfa2e82665861e40fa9f4418fd6c84e42356"
"Assets/Plugins/UniTask/Runtime/CancellationTokenSourceExtensions.cs","22d85d07f1e70ab42a7a4c25bd65e661",".cs","1946","31c357a827a9e9b860664f4cd595943acf5b42dc4e490a437d48c4ef001bf631"
"Assets/Plugins/UniTask/Runtime/Channel.cs","5ceb3107bbdd1f14eb39091273798360",".cs","16148","9798fea436bbf684b0d733f01d00be24003eae81674bbad805ffa93f4a8587ae"
"Assets/Plugins/UniTask/Runtime/CompilerServices/AsyncMethodBuilderAttribute.cs","02ce354d37b10454e8376062f7cbe57a",".cs","430","155e9a9656761a437870d45adf2c044cf2151d51223d47e8870d6be0880f4151"
"Assets/Plugins/UniTask/Runtime/CompilerServices/AsyncUniTaskMethodBuilder.cs","68d72a45afdec574ebc26e7de2c38330",".cs","8087","1a3eebcf1868ae00a4e8c6bcb6653e27b24141441d2ad9a93ca0146f8014bd14"
"Assets/Plugins/UniTask/Runtime/CompilerServices/AsyncUniTaskVoidMethodBuilder.cs","e891aaac17b933a47a9d7fa3b8e1226f",".cs","4156","744e88314c4f24504e56840b3fcdf3de40d631eb7a59baadcf04d141f7a2565f"
"Assets/Plugins/UniTask/Runtime/CompilerServices/StateMachineRunner.cs","98649642833cabf44a9dc060ce4c84a1",".cs","10908","a9d05edaf047a7defb3b510fef5aa629c9aa6c8cb84440ea7a09537e5c551bda"
"Assets/Plugins/UniTask/Runtime/EnumerableAsyncExtensions.cs","ff50260d74bd54c4b92cf99895549445",".cs","1182","39b044f4b27ca19565bdee092ba7f75303fcfe0e5772064730ecd0bb9e9c932e"
"Assets/Plugins/UniTask/Runtime/EnumeratorAsyncExtensions.cs","bc661232f11e4a741af54ba1c175d5ee",".cs","10355","7762aab55d76dec79dc9cea11bf6ba946d6cb653498babd7a43a70a60b86fca0"
"Assets/Plugins/UniTask/Runtime/ExceptionExtensions.cs","930800098504c0d46958ce23a0495202",".cs","290","726ec432ce681ddaaf39ea5d4e1d36e49b05ece573df17344a3e2efd89318864"
"Assets/Plugins/UniTask/Runtime/External/Addressables/AddressablesAsyncExtensions.cs","3dc6441f9094f354b931dc3c79fb99e5",".cs","18203","c1e7824d82ae3502a21084b77ae8619fac0111ba5998a0bb2b6d60ed4d375331"
"Assets/Plugins/UniTask/Runtime/External/Addressables/UniTask.Addressables.asmdef","593a5b492d29ac6448b1ebf7f035ef33",".asmdef","741","1859708fb0ee5d35adec78e39791c050b6ea497f056a81b30534be39bd5dff59"
"Assets/Plugins/UniTask/Runtime/External/DOTween/DOTweenAsyncExtensions.cs","1f448d5bc5b232e4f98d89d5d1832e8e",".cs","17537","f5704a6019c1c4237094891c0c31acb5ee9b2600c1a93fa0dacf8ae6b46de456"
"Assets/Plugins/UniTask/Runtime/External/DOTween/UniTask.DOTween.asmdef","029c1c1b674aaae47a6841a0b89ad80e",".asmdef","507","3ded1442b2304beec4ccd0c27c321a8da0b4b7bf207784b69639c9c734e8349d"
"Assets/Plugins/UniTask/Runtime/External/TextMeshPro/TextMeshProAsyncExtensions.cs","b6ba480edafb67d4e91bb10feb64fae5",".cs","4305","26c7bf263f24a3efe2c1d80417c286f9db11f2a088317c07dda0958d33e89f5b"
"Assets/Plugins/UniTask/Runtime/External/TextMeshPro/TextMeshProAsyncExtensions.InputField.cs","79f4f2475e0b2c44e97ed1dee760627b",".cs","12535","0bf650925ec7a922576ff4bb192729938e29f6a1b66c541ce2ddebc70396ac61"
"Assets/Plugins/UniTask/Runtime/External/TextMeshPro/UniTask.TextMeshPro.asmdef","dc47925d1a5fa2946bdd37746b2b5d48",".asmdef","705","d7898b9c441a76cbb66bf991f2b03414d64cf29f31a7fa5f285c2aaf8f7b88a1"
"Assets/Plugins/UniTask/Runtime/Internal/ArrayPool.cs","f83ebad81fb89fb4882331616ca6d248",".cs","4222","5ead0420d50a99d085bbe52b85e5403a119e3638576e00c5943e33485802e3df"
"Assets/Plugins/UniTask/Runtime/Internal/ArrayPoolUtil.cs","424cc208fb61d4e448b08fcfa0eee25e",".cs","3627","4c3bd618c7d82f17b2e0d28f5fccd0bbc94975591159f6c8349eb35e2bcd032a"
"Assets/Plugins/UniTask/Runtime/Internal/ArrayUtil.cs","23146a82ec99f2542a87971c8d3d7988",".cs","2214","6755fe29a4e2e741666a72dd6dcc70c8f299e07d73461b19826695ac0286ae05"
"Assets/Plugins/UniTask/Runtime/Internal/ContinuationQueue.cs","f66c32454e50f2546b17deadc80a4c77",".cs","7188","84d93d92406dcc73f7ca5695ac3d6ec8a4662245f83449f9753615ab737bb69f"
"Assets/Plugins/UniTask/Runtime/Internal/DiagnosticsExtensions.cs","f80fb1c9ed4c99447be1b0a47a8d980b",".cs","9159","36ec74820bab6f470693d20a19e0849f55559ddd3e844f14d152c7cd5b23348f"
"Assets/Plugins/UniTask/Runtime/Internal/Error.cs","5f39f495294d4604b8082202faf98554",".cs","2725","95c217b1e89ac94add9f7454de8cdef638021df2582c23116ffac8ab9f8810b4"
"Assets/Plugins/UniTask/Runtime/Internal/MinimumQueue.cs","7d63add489ccc99498114d79702b904d",".cs","3004","cd048c1083318d5da839de301b1641a05d549cf6b61b9cbaef208cc564572cf7"
"Assets/Plugins/UniTask/Runtime/Internal/PlayerLoopRunner.cs","340c6d420bb4f484aa8683415ea92571",".cs","8454","dd568914216057dd042e77d57d873bf9f0d4e60a3b488346322ff4b549f2c514"
"Assets/Plugins/UniTask/Runtime/Internal/PooledDelegate.cs","8932579438742fa40b010edd412dbfba",".cs","1318","5286bbd6c7f402af69b544fa9c0be53281c1c65a82d9d5f2ece65fcf14137e31"
"Assets/Plugins/UniTask/Runtime/Internal/RuntimeHelpersAbstraction.cs","94975e4d4e0c0ea4ba787d3872ce9bb4",".cs","2265","e8e6194750f7aaaf6937392c782fd232d286f173954d8005be6fed7c1541ba33"
"Assets/Plugins/UniTask/Runtime/Internal/StatePool.cs","60cdf0bcaea36b444a7ae7263ae7598f",".cs","4329","f1b0ab543109d5382ac35ee5e937737d2f6664bcfc75e345587adcaa19a70772"
"Assets/Plugins/UniTask/Runtime/Internal/TaskTracker.cs","a203c73eb4ccdbb44bddfd82d38fdda9",".cs","6112","c8f5c2c484b5e79d6d332b3a8863f1c96188322bb98d8ede261db9e81e0e7b07"
"Assets/Plugins/UniTask/Runtime/Internal/UnityEqualityComparer.cs","ebaaf14253c9cfb47b23283218ff9b67",".cs","11292","c444d5f060798df20e3e9bd3f80c1ee88d410eb8be98ebde5297d44820f84a11"
"Assets/Plugins/UniTask/Runtime/Internal/UnityWebRequestExtensions.cs","111ba0e639de1d7428af6c823ead4918",".cs","867","2735c8e13e6d2cf4c3f465d5908fe30e059e1cb1f91dee5939c15a97e4d99ed9"
"Assets/Plugins/UniTask/Runtime/Internal/ValueStopwatch.cs","f16fb466974ad034c8732c79c7fd67ea",".cs","1113","0c9a0b51ba0a8aeead4c98971325d12d1717ca4d917e97ddcfd62b9defce79b2"
"Assets/Plugins/UniTask/Runtime/Internal/WeakDictionary.cs","6c78563864409714593226af59bcb6f3",".cs","9956","87bab4267c0c236ae3e5a147ed4d97c07361b2ff37aeb193f3c99795af3721b6"
"Assets/Plugins/UniTask/Runtime/IUniTaskAsyncEnumerable.cs","b20cf9f02ac585948a4372fa4ee06504",".cs","3180","e749a6cab6bd3b3e01e4d71a5abd9f3f5cced3d3ffa703c359061310e930056f"
"Assets/Plugins/UniTask/Runtime/IUniTaskSource.cs","3e4d023d8404ab742b5e808c98097c3c",".cs","4406","90bd65ac67679c0c662b8108ecd1b74f5f7ea71fa0d2e32aadf3e0c3029e77c6"
"Assets/Plugins/UniTask/Runtime/Linq/Aggregate.cs","5dc68c05a4228c643937f6ebd185bcca",".cs","13543","20a04f5aec700d0bdc868cd24bedcaadd80aff1a9af61e58d533b9ae55916b6c"
"Assets/Plugins/UniTask/Runtime/Linq/All.cs","7271437e0033af2448b600ee248924dd",".cs","3912","b7ce063d95fac7bd2eb1e3d048d70f28f68b822228df86883a838bf14882629d"
"Assets/Plugins/UniTask/Runtime/Linq/Any.cs","e2b2e65745263994fbe34f3e0ec8eb12",".cs","4814","e39ac89c4625bc4801b70563fa4a1501d816a2847d2864081b8e658dce526342"
"Assets/Plugins/UniTask/Runtime/Linq/AppendPrepend.cs","3268ec424b8055f45aa2a26d17c80468",".cs","5170","03191c3af2bc1d7f3534d881ca3d9a133e4d75bdad409b0992724cbbf7a48726"
"Assets/Plugins/UniTask/Runtime/Linq/AsUniTaskAsyncEnumerable.cs","69866e262589ea643bbc62a1d696077a",".cs","305","7340d6ba15b6eb4f004769356612b84601864b19270f237e05465a6ed9fb116e"
"Assets/Plugins/UniTask/Runtime/Linq/AsyncEnumeratorBase.cs","01ba1d3b17e13fb4c95740131c7e6e19",".cs","11671","d1146fc81a250df9835fc7d3a518c6d6a17a8e49327ecd57e1dd570642911a7f"
"Assets/Plugins/UniTask/Runtime/Linq/Average.cs","58499f95012fb3c47bb7bcbc5862e562",".cs","53889","3c5a2373878706375dd5d40ba1998d8ed169d807a29ed6b848f8c67d14b9cb9a"
"Assets/Plugins/UniTask/Runtime/Linq/Buffer.cs","951310243334a3148a7872977cb31c5c",".cs","11890","8547e8cf4ce423423a62d9bc422485dc6c642d43056c5e8756d6ff391533618e"
"Assets/Plugins/UniTask/Runtime/Linq/Cast.cs","edebeae8b61352b428abe9ce8f3fc71a",".cs","1586","d5e55638582259752263a235fa0e507ebf0196e7779dda75af20bf0379bee322"
"Assets/Plugins/UniTask/Runtime/Linq/CombineLatest.cs","6cb07f6e88287e34d9b9301a572284a5",".cs","452562","1a1da262e48f3f021a3ff7e6cf4bdc35bcb7ccce4ec9202ee8a1fea99571703c"
"Assets/Plugins/UniTask/Runtime/Linq/Concat.cs","7cb9e19c449127a459851a135ce7d527",".cs","5610","fee451507dd724f9da5ad8699d53f893da324b01b9dd88f34d0d9a229cfe5609"
"Assets/Plugins/UniTask/Runtime/Linq/Contains.cs","36ab06d30f3223048b4f676e05431a7f",".cs","1816","ab7584ddef5e17ed5003555e6e638b47b25cde19b5dd816ad38c9ac8342d70e7"
"Assets/Plugins/UniTask/Runtime/Linq/Count.cs","e606d38eed688574bb2ba89d983cc9bb",".cs","4975","84f67c891904e07fcbb360f36e8c63c1ae87e9feb51c159cba22183ef7eb90c5"
"Assets/Plugins/UniTask/Runtime/Linq/Create.cs","0202f723469f93945afa063bfb440d15",".cs","5776","6afba444c7eeca12842890cd69204b928dcf9156c3006b83a0420686d107f3f5"
"Assets/Plugins/UniTask/Runtime/Linq/DefaultIfEmpty.cs","19e437c039ad7e1478dbce1779ef8660",".cs","4886","38db02131e7bff51dc4371a0e0ad088c0fcdf9c6599dd03d59be8e96349887ff"
"Assets/Plugins/UniTask/Runtime/Linq/Distinct.cs","8f09903be66e5d943b243d7c19cb3811",".cs","11372","4ec11bb952b215cbdf876672e1209e65afec8333d0d46a531408580aa482b419"
"Assets/Plugins/UniTask/Runtime/Linq/DistinctUntilChanged.cs","0351f6767df7e644b935d4d599968162",".cs","27023","d6cea88cb7c03fb49b3073d7017c9e1e1875b79fdfa81a0a5e9d3170e1aaa945"
"Assets/Plugins/UniTask/Runtime/Linq/Do.cs","dd83c8e12dedf75409b829b93146d130",".cs","10252","92474536dfb695ab354691920d49e0de08122b8daf8143e64f933042e6c055d8"
"Assets/Plugins/UniTask/Runtime/Linq/ElementAt.cs","c835bd2dd8555234c8919c7b8ef3b69a",".cs","1930","20e9b02d818d7e3921dd17292f6b24da216714d95f8a9d31faba3907588b0174"
"Assets/Plugins/UniTask/Runtime/Linq/Empty.cs","4fa123ad6258abb4184721b719a13810",".cs","1163","5670a171b5c4cb0eb4107309ce56d135a3905c0da93579db37383b2b8f44d55a"
"Assets/Plugins/UniTask/Runtime/Linq/Except.cs","38c1c4129f59dcb49a5b864eaf4ec63c",".cs","4186","a126040eed9807a0cac0c58f2c2ec3b1936a02c79f8bff8ce4c79d4bc070da8e"
"Assets/Plugins/UniTask/Runtime/Linq/First.cs","417946e97e9eed84db6f840f57037ca6",".cs","7673","ddaf3db26d2b4f1447f260ba4ace5bcbc38e1b636da30e886a00c2ea9db0c0d6"
"Assets/Plugins/UniTask/Runtime/Linq/ForEach.cs","ca8d7f8177ba16140920af405aea3fd4",".cs","8022","fd82d312513d52b35f4672114284cbb7dd7ab2f6d5ed5fbcce4ae8e588f48424"
"Assets/Plugins/UniTask/Runtime/Linq/GroupBy.cs","a2de80df1cc8a1240ab0ee7badd334d0",".cs","45925","5015635a7c0dd70f9dd7a372c6d73c7641311f192c5b58aa60bf86f9eb7fb1b8"
"Assets/Plugins/UniTask/Runtime/Linq/GroupJoin.cs","7bf7759d03bf3f64190d3ae83b182c2c",".cs","28149","614ada2dd3bcc2c47f18892eecb0893a2d674516a6a7c52561a9cff20edd381d"
"Assets/Plugins/UniTask/Runtime/Linq/Intersect.cs","93999a70f5d57134bbe971f3e988c4f2",".cs","4221","867c91d7826acf15c5a3dad1f56d67a7b4d3574b6681e3e2920bda38aae07c0d"
"Assets/Plugins/UniTask/Runtime/Linq/Join.cs","dc4ff8cb6d7c9a64896f2f082124d6b3",".cs","31447","6ae5612e13e7af10e00a45211b0cc90840ab6e3b2817e0da4df5311a000fc76d"
"Assets/Plugins/UniTask/Runtime/Linq/Last.cs","a0ccc93be1387fa4a975f06310127c11",".cs","8781","5778d5ae887cb36967d42eacf1d4e28519fb11edaaa6e7e5d7c27ed869208098"
"Assets/Plugins/UniTask/Runtime/Linq/LongCount.cs","198b39e58ced3ab4f97ccbe0916787d5",".cs","5047","c9a06aff1987727d38c3b3d195d6a6bb27439907e4a109e25bb47b5df626d2f7"
"Assets/Plugins/UniTask/Runtime/Linq/Max.cs","5c8a118a6b664c441820b8a87d7f6e28",".cs","6565","309a75c1dc97d6a5cd5ed4560f9eee72d468bcf54a82dcb5179fdd8c51eabbfc"
"Assets/Plugins/UniTask/Runtime/Linq/Merge.cs","ca56812f160c45d0bacb4339819edf1a",".cs","8565","cbc4b585e0ca359698a9feb55ddae128a9af92f2365e72f5377a7936ea3039a4"
"Assets/Plugins/UniTask/Runtime/Linq/Min.cs","57ac9da21d3457849a8e45548290a508",".cs","6565","ba04ae707a98ee0d2c001265b8d45c1abc5640c74811f9221dba8a565f828fb0"
"Assets/Plugins/UniTask/Runtime/Linq/MinMax.cs","2d6da02d9ab970e4999daf7147d98e36",".cs","125086","05eb5dace634027ecbaa83ee1763ad8236ad1b679f7120f3f782e86ab8580b31"
"Assets/Plugins/UniTask/Runtime/Linq/Never.cs","8b307c3d3be71a94da251564bcdefa3d",".cs","1527","f1f87a73d3cd6879886515369bfbfb95296cbb61e9d295023d48e6c8a223d95e"
"Assets/Plugins/UniTask/Runtime/Linq/OfType.cs","111ffe87a7d700442a9ef5af554b252c",".cs","1862","c9b331ae43bdcc215d8b6dd8949b478bb99997784cfc357c828c761a17793092"
"Assets/Plugins/UniTask/Runtime/Linq/OrderBy.cs","413883ceff8546143bdf200aafa4b8f7",".cs","26875","f97c90c15ee1b38840e4fffa5ad1c7ba9b674fa4f822a9974bf47e49ecb12427"
"Assets/Plugins/UniTask/Runtime/Linq/Pairwise.cs","cddbf051d2a88f549986c468b23214af",".cs","4343","82450145528f9ded3c7bb5f5e515af634fee2a9db4070a27064ae6246e5c0b37"
"Assets/Plugins/UniTask/Runtime/Linq/Publish.cs","93c684d1e88c09d4e89b79437d97b810",".cs","5693","223e209b245987baa2f51839d37b2a9fc7791515ad4ec2cd15980331a1123b74"
"Assets/Plugins/UniTask/Runtime/Linq/Queue.cs","b7ea1bcf9dbebb042bc99c7816249e02",".cs","3508","3cb731e9ffc640a8a64ada8c49656851c1584f7d02c296a53668fa7ab650ced5"
"Assets/Plugins/UniTask/Runtime/Linq/Range.cs","d826418a813498648b10542d0a5fb173",".cs","2124","2b46dffd0201356ab1354d39f3169d03abac01f32865fa97538f88c32c5afc47"
"Assets/Plugins/UniTask/Runtime/Linq/Repeat.cs","3819a3925165a674d80ee848c8600379",".cs","1979","b1a6ece1e47056ec9f09e1db8a771f3a5cb33285990f511ee387b1f2c144de02"
"Assets/Plugins/UniTask/Runtime/Linq/Return.cs","4313cd8ecf705e44f9064ce46e293c2c",".cs","1695","db6d6a3f27b7d9be8a4c2bb8862975dcf4bedc4d0d5072b20345ce03a880dc4d"
"Assets/Plugins/UniTask/Runtime/Linq/Reverse.cs","b2769e65c729b4f4ca6af9826d9c7b90",".cs","2510","baed7850095735ebe17f3e130923cb85a0ba54859c8fc97433d2ea5320e533a6"
"Assets/Plugins/UniTask/Runtime/Linq/Select.cs","dc68e598ca44a134b988dfaf5e53bfba",".cs","29396","f48aa112edef0623347c8dad0c68535f7042587c90b6ded688f6a47d50757d19"
"Assets/Plugins/UniTask/Runtime/Linq/SelectMany.cs","d81862f0eb12680479ccaaf2ac319d24",".cs","39659","503f618ab8559e8c8a8f2a656ca2e231b5e2eb180e72f4efb36ef4b4d2d7876c"
"Assets/Plugins/UniTask/Runtime/Linq/SequenceEqual.cs","b382772aba6128842928cdb6b2e034b0",".cs","3382","7f8e4e19abeca614d5962abfbdc688b8a666d8ae701a8851f82498bd6601aa1e"
"Assets/Plugins/UniTask/Runtime/Linq/Single.cs","1bcd3928b90472e43a3a92c3ba708967",".cs","8891","d66aee27bfdcbf711f573426f6aacdc7735541b8732cb8167f9693299960eeff"
"Assets/Plugins/UniTask/Runtime/Linq/Skip.cs","9c46b6c7dce0cb049a73c81084c75154",".cs","2126","dffab80849978addcac15ba0b37154ad5d55bb67599fdddd5e80cdc329a9d1e8"
"Assets/Plugins/UniTask/Runtime/Linq/SkipLast.cs","df1d7f44d4fe7754f972c9e0b6fa72d5",".cs","5208","b4315375dd9fcd013f40a18cfb7f10b5512ab446776ae59d4f73c6ac9228fc59"
"Assets/Plugins/UniTask/Runtime/Linq/SkipUntil.cs","de932d79c8d9f3841a066d05ff29edc9",".cs","6546","8d6592b956c8b332df3e94e997e172487c6badbd2e0186ab848d3b0090fccf14"
"Assets/Plugins/UniTask/Runtime/Linq/SkipUntilCanceled.cs","4b1a778aef7150d47b93a49aa1bc34ae",".cs","6687","033a93a115d326c3811f46cf827f80d17b755869ca8f2fd8ccf6c0d4c349d393"
"Assets/Plugins/UniTask/Runtime/Linq/SkipWhile.cs","0b74b9fe361bf7148b51a29c8b2561e8",".cs","14297","d6460f51a83332be89af0bd8c35624f95784e91dd44dab0c439e0b8ced8a7f9a"
"Assets/Plugins/UniTask/Runtime/Linq/Subscribe.cs","263479eb04c189741931fc0e2f615c2d",".cs","23507","cf7f294618c98cec89823712bc923d65d29642234367ece10aeaaa7a5f78df78"
"Assets/Plugins/UniTask/Runtime/Linq/Sum.cs","4149754066a21a341be58c04357061f6",".cs","44809","8dc78686eba77777f5e9c05bbec877adb68e84b39ee2a655a82222694f24c01b"
"Assets/Plugins/UniTask/Runtime/Linq/Take.cs","42f02cb84e5875b488304755d0e1383d",".cs","4028","bea014b74cf96be8698882c929aa338087ebf4647a62c7598b73f438e38ed052"
"Assets/Plugins/UniTask/Runtime/Linq/TakeLast.cs","510aa9fd35b45fc40bcdb7e59f01fd1b",".cs","5716","d3bb0a7e3cbf9d9673b35d5bf69741b7b8e430f1785959d627f55c8acb3a953c"
"Assets/Plugins/UniTask/Runtime/Linq/TakeUntil.cs","12bda324162f15349afefc2c152ac07f",".cs","6683","637d98a8d1b6e5c045d43f344976f9895ac4990ee592b2bf3681c7f1a453ff47"
"Assets/Plugins/UniTask/Runtime/Linq/TakeUntilCanceled.cs","e82f498cf3a1df04cbf646773fc11319",".cs","6269","056ae939d7ea273702755d73e887014d7186784c01df8bb3e6718cf7f6acc12f"
"Assets/Plugins/UniTask/Runtime/Linq/TakeWhile.cs","bca55adabcc4b3141b50b8b09634f764",".cs","13358","482ede7e63c06904ed84a5ad31c84157593bdd1ec58970009d82ba359dcbe5b6"
"Assets/Plugins/UniTask/Runtime/Linq/Throw.cs","9d05a7d4f4161e549b4789e1022baae8",".cs","1559","8feb4e0d78534f3b402ee57275059825e0b1d6308d2fdbad035fa5807ef5aab5"
"Assets/Plugins/UniTask/Runtime/Linq/ToArray.cs","debb010bbb1622e43b94fe70ec0133dd",".cs","1947","5de6a3cda0634e132f3418db4b8c961ead747933d908cae47bbe2e9caae937e4"
"Assets/Plugins/UniTask/Runtime/Linq/ToDictionary.cs","03b109b1fe1f2df46aa56ffb26747654",".cs","14194","fcd9cd1cbe0afb279e0cd0fd5d8486a65a7d46a8f4ee64f579dd1bc678ea5d5a"
"Assets/Plugins/UniTask/Runtime/Linq/ToHashSet.cs","7a3e552113af96e4986805ec3c4fc80a",".cs","1868","7026f5fb7ef57c518af7fd126dacd3b39f2324c4426df514021d9017d07c0121"
"Assets/Plugins/UniTask/Runtime/Linq/ToList.cs","3859c1b31e81d9b44b282e7d97e11635",".cs","1280","f8bc99db4ec577735deccc0fb153cc97e2645751ab843009d548da3f001879ac"
"Assets/Plugins/UniTask/Runtime/Linq/ToLookup.cs","57da22563bcd6ca4aaf256d941de5cb0",".cs","24990","4d1d23c983e1c6de3b2e9a3a21e588f2e89a021a704dfe1afc54818da09df899"
"Assets/Plugins/UniTask/Runtime/Linq/ToObservable.cs","b4f6f48a532188e4c80b7ebe69aea3a8",".cs","2848","cfbf8a8836d1ea698860c64067c2abd6dc29f6c728206ce7f14a57e62c821fec"
"Assets/Plugins/UniTask/Runtime/Linq/ToUniTaskAsyncEnumerable.cs","d7192de2a0581ec4db62962cc1404af5",".cs","12496","66228b44001f4ed50cc09df977aad2f40c00df1023bf7f9bc7034a758e167ae2"
"Assets/Plugins/UniTask/Runtime/Linq/Union.cs","ae57a55bdeba98b4f8ff234d98d7dd76",".cs","1140","307f0a4c3e5613c56e8badddd561314a2254696b3a355853a4b4065c192bbd22"
"Assets/Plugins/UniTask/Runtime/Linq/UniTask.Linq.asmdef","5c01796d064528144a599661eaab93a6",".asmdef","357","e0284f964dcbb47944d5a2f2aad9e39b7fa9b56867d12406501fc563190a3a4e"
"Assets/Plugins/UniTask/Runtime/Linq/UnityExtensions/EveryUpdate.cs","00520eb52e49b5b4e8d9870d6ff1aced",".cs","3574","c09f995680d7410d1e27177cdf26867693e2a288a1ae6c1be8c2b2cb43e821e4"
"Assets/Plugins/UniTask/Runtime/Linq/UnityExtensions/EveryValueChanged.cs","1ec39f1c41c305344854782c935ad354",".cs","12181","596fde9b949296673c827eba56deafe91579b055a8ece3c8fcb365df06cc3482"
"Assets/Plugins/UniTask/Runtime/Linq/UnityExtensions/Timer.cs","382caacde439855418709c641e4d7b04",".cs","14143","d2f5bf7c1212199b5859cd128f2976b8b40dcdd82f56893274170a2f20e0e70a"
"Assets/Plugins/UniTask/Runtime/Linq/Where.cs","d882a3238d9535e4e8ce1ad3291eb7fb",".cs","31020","d75dd1cf2b116e29b768846318824f96a6fc2305cb861e50d7594cdccb111283"
"Assets/Plugins/UniTask/Runtime/Linq/Zip.cs","acc1acff153e347418f0f30b1c535994",".cs","21591","edfbc96e71600f89beedf62c6d147942916a6a0cbd0d8afc8b42db9677212a81"
"Assets/Plugins/UniTask/Runtime/MoveNextSource.cs","dc4c5dc2a5f246e4f8df44cab735826c",".cs","1668","f40a368a7ee662502f00704e4c368da4f2debe36dc56d730a93d789a44d2e1ed"
"Assets/Plugins/UniTask/Runtime/PlayerLoopHelper.cs","15fb5b85042f19640b973ce651795aca",".cs","22798","e08f5e0c2c35a803048fec5cc2291d6005be912ca7564ddc6c83645d139d1286"
"Assets/Plugins/UniTask/Runtime/PlayerLoopTimer.cs","57095a17fdca7ee4380450910afc7f26",".cs","8291","8f7666895be7888a58d96cfbe0d3d09e20cd6246582d5faa1c3ad8724e271bbf"
"Assets/Plugins/UniTask/Runtime/Progress.cs","e3377e2ae934ed54fb8fd5388e2d9eb9",".cs","2471","e9e1476c20718c4c77335a6fcd66eed5fa35723e66f92a94747cf0b3b9178c56"
"Assets/Plugins/UniTask/Runtime/TaskPool.cs","19f4e6575150765449cc99f25f06f25f",".cs","3394","f79b57c24ce8b9f21a0e4465f15a3e6e38cd588a54a30138b45abe93ba950834"
"Assets/Plugins/UniTask/Runtime/TimeoutController.cs","6347ab34d2db6d744a654e8d62d96b96",".cs","4809","608043da6137e3e8c9daef9568770ca192a5a4dd32a96f7b7dcc9b9328eace58"
"Assets/Plugins/UniTask/Runtime/TriggerEvent.cs","f68b22bb8f66f5c4885f9bd3c4fc43ed",".cs","8049","1a75dfe665d9d1cf7b892223809f9c32b68f21bdf4320eeaa6a2ec7243a23282"
"Assets/Plugins/UniTask/Runtime/Triggers/AsyncAwakeTrigger.cs","ef2840a2586894741a0ae211b8fd669b",".cs","974","4d46d7367b7b8fbd6fe58cb8e05dced494facb1d8f057337ba3385166f4483cf"
"Assets/Plugins/UniTask/Runtime/Triggers/AsyncDestroyTrigger.cs","f4afdcb1cbadf954ba8b1cf465429e17",".cs","2708","4814fb553d50cff90175c945f98828431b8ba9c3ebc38abf2afabac25d401ade"
"Assets/Plugins/UniTask/Runtime/Triggers/AsyncStartTrigger.cs","b4fd0f75e54ec3d4fbcb7fc65b11646b",".cs","1082","df6e48bc163d37eab4a573a8e2658191dc75029b92928a0ef3d8c29572ef4000"
"Assets/Plugins/UniTask/Runtime/Triggers/AsyncTriggerBase.cs","2c0c2bcee832c6641b25949c412f020f",".cs","9160","b6f18feeb4de8c144350aeab1348e39cbf57198a7e216699ac99878e4192cc92"
"Assets/Plugins/UniTask/Runtime/Triggers/AsyncTriggerExtensions.cs","59b61dbea1562a84fb7a38ae0a0a0f88",".cs","3308","c462d48e3ed275a0cff230df1bd17cf1ab3529fc92b4dc7a8b5584a8c810818c"
"Assets/Plugins/UniTask/Runtime/Triggers/MonoBehaviourMessagesTriggers.cs","c30655636c35c3d4da44064af3d2d9a7",".cs","154858","b7722c9a5928caea8bb5bed04c10b81f9e82aef0804924b74fd8a319d6241471"
"Assets/Plugins/UniTask/Runtime/UniTask.asmdef","f51ebe6a0ceec4240a699833d6309b23",".asmdef","1299","c0f6366fb2f7da4608f702811aed08f632f6b7d4a69451d6f65e79cbcf9f7312"
"Assets/Plugins/UniTask/Runtime/UniTask.AsValueTask.cs","d38f0478933be42d895c37b862540a1c",".cs","2856","1aa8eaacfde11896a4802c575fe0cbaefeb7e084db2fd52d7c45e7405f0cb0f1"
"Assets/Plugins/UniTask/Runtime/UniTask.Bridge.cs","bd6beac8e0ebd264e9ba246c39429c72",".cs","408","0e5123307cc47ded5e6e85f462cde47f0d6dd7b0dd2a578533bdfbeb3e59de3c"
"Assets/Plugins/UniTask/Runtime/UniTask.cs","8947adf23181ff04db73829df217ca94",".cs","21645","2fc00df8bdf103cc2d325471b68dd1e303a76c363f298f1bb93b1b8e90f6ba01"
"Assets/Plugins/UniTask/Runtime/UniTask.Delay.cs","ecff7972251de0848b2c0fa89bbd3489",".cs","41637","d14f244c99422ca4d86201cf25d3fcc57d8bd2baedbdb4aa571558ffd0faf91d"
"Assets/Plugins/UniTask/Runtime/UniTask.Factory.cs","4e12b66d6b9bd7845b04a594cbe386b4",".cs","23809","c3d1ced639c00dca4c858c3614bddf77f98ef19403679e6bed4abcbd6b2bcb80"
"Assets/Plugins/UniTask/Runtime/UniTask.Run.cs","8473162fc285a5f44bcca90f7da073e7",".cs","11838","335331f912f91445511fa8c823804ef2e33919c979b090c79e7d05e009e279ff"
"Assets/Plugins/UniTask/Runtime/UniTask.Threading.cs","4132ea600454134439fa2c7eb931b5e6",".cs","14920","1a8b2464462837bb2e6ed6be08fcccf7a4baec46bd321aebd7c12262a6caac12"
"Assets/Plugins/UniTask/Runtime/UniTask.WaitUntil.cs","87c9c533491903a4288536b5ac173db8",".cs","35071","165e62c3e52ae5f8b89c2961f8d5848e92e1e0577b0a8432741822f0bde54bb6"
"Assets/Plugins/UniTask/Runtime/UniTask.WhenAll.cs","355997a305ba64248822eec34998a1a0",".cs","7805","97c309f85853c9ae4db0e78e022a4012db68cd78e0368d579ffe545a596e980d"
"Assets/Plugins/UniTask/Runtime/UniTask.WhenAll.Generated.cs","5110117231c8a6d4095fd0cbd3f4c142",".cs","217099","c767c4045f9fe1b894d3902a717f950ad806b4494e4fc0cc28ec1205ebc94281"
"Assets/Plugins/UniTask/Runtime/UniTask.WhenAny.cs","c32578978c37eaf41bdd90e1b034637d",".cs","12025","df77bd0e0a99eacda6344d5537937cd7924a17b39f881a8178fb462b961b9250"
"Assets/Plugins/UniTask/Runtime/UniTask.WhenAny.Generated.cs","13d604ac281570c4eac9962429f19ca9",".cs","209934","00f61a483072bfb1475be7d4171bf64d16dd11b2c8757d615951ed268dc8d0f4"
"Assets/Plugins/UniTask/Runtime/UniTask.WhenEach.cs","7cac24fdda5112047a1cd3dd66b542c4",".cs","5831","7bd6633b349aa4717ca367c9be86fd4e8488e9801460a1c9e02ce1acb6970b05"
"Assets/Plugins/UniTask/Runtime/UniTaskCompletionSource.cs","ed03524d09e7eb24a9fb9137198feb84",".cs","30784","c17408320ce578b172964b506e43ccb3571da1b7bccb97f06aaa503e706ed695"
"Assets/Plugins/UniTask/Runtime/UniTaskExtensions.cs","05460c617dae1e440861a7438535389f",".cs","30869","7c901291424dd3b4f7d0da6465ab64b98925a0e5ad0dafa5bef87d3a2a5dc9a3"
"Assets/Plugins/UniTask/Runtime/UniTaskExtensions.Shorthand.cs","4b4ff020f73dc6d4b8ebd4760d61fb43",".cs","13065","0ec30703ddd5b0ccc73d50bcdba977065d3a44b4043212db8b5b760409861883"
"Assets/Plugins/UniTask/Runtime/UniTaskObservableExtensions.cs","eaea262a5ad393d419c15b3b2901d664",".cs","21189","55b538dc40202382f6a6e377828ecc51b99137e28a179e8fb6f4d68258779a71"
"Assets/Plugins/UniTask/Runtime/UniTaskScheduler.cs","d6cad69921702d5488d96b5ef30df1b0",".cs","3840","1d04db89e7da3a1522dddbb0898dc8f690085262886f013798a587594f7a270e"
"Assets/Plugins/UniTask/Runtime/UniTaskSynchronizationContext.cs","abf3aae9813db2849bce518f8596e920",".cs","4750","fa4f09ebdd0db54578690921185bb3772fb5b4a2bb14fb3214bf15d0be8eb3ee"
"Assets/Plugins/UniTask/Runtime/UniTaskVoid.cs","e9f28cd922179634d863011548f89ae7",".cs","416","9270ac36444c59ba8cac8dddeed0f8c93eaa745b70bd283c3cd5e629a0d00b6c"
"Assets/Plugins/UniTask/Runtime/UnityAsyncExtensions.AssetBundleRequestAllAssets.cs","e9147caba40da434da95b39709c13784",".cs","9775","1db1dddf12dd25f9d7fa9f1cf05099abcaa141c53ec06ebdeba728d78afb552b"
"Assets/Plugins/UniTask/Runtime/UnityAsyncExtensions.AsyncGPUReadback.cs","98f5fedb44749ab4688674d79126b46a",".cs","6539","42c1aa749f874408efe4c118b374cfd401d2ec28c8ed503b71f93c1b76f75343"
"Assets/Plugins/UniTask/Runtime/UnityAsyncExtensions.AsyncInstantiate.cs","8321f4244edfdcd4798b4fcc92a736c9",".cs","15518","ceb0833ddb1c12948a802d410cf9b5d092967af36717643cdca18f71e3c8b1bb"
"Assets/Plugins/UniTask/Runtime/UnityAsyncExtensions.cs","8cc7fd65dd1433e419be4764aeb51391",".cs","46847","60c24c81badfa32247da1f00887a8fa1713a4ce2b1be53e89419e2da580e0d4b"
"Assets/Plugins/UniTask/Runtime/UnityAsyncExtensions.Jobs.cs","30979a768fbd4b94f8694eee8a305c99",".cs","3440","34f3940bf99ccfff1f98d2295810fe114e383c373f6eae1445ba75b1c00d2b3c"
"Assets/Plugins/UniTask/Runtime/UnityAsyncExtensions.MonoBehaviour.cs","2edd588bb09eb0a4695d039d6a1f02b2",".cs","435","3a1a3f5c11bab27b09480f312c132a6aa8844f2c47caff514bea73107aae8ef9"
"Assets/Plugins/UniTask/Runtime/UnityAsyncExtensions.uGUI.cs","6804799fba2376d4099561d176101aff",".cs","32846","0ba760ed046a462a745ea8992f19acd08735697a9b998d72fb531da82add6a67"
"Assets/Plugins/UniTask/Runtime/UnityAwaitableExtensions.cs","c29533c9e4284dee914b71a6579ea274",".cs","440","726a77bb464d5a41437334541c29fbf007c3c12b00a225fab918b67d205d030d"
"Assets/Plugins/UniTask/Runtime/UnityBindingExtensions.cs","090b20e3528552b4a8d751f7df525c2b",".cs","8615","a433f097fe9bddcd8558836bd9ab47899fafe4b5c36e08bde8c886c4659779be"
"Assets/Plugins/UniTask/Runtime/UnityWebRequestException.cs","013a499e522703a42962a779b4d9850c",".cs","2042","bdd384bfceeec024ccaa87410344b6ff20824e993bc0546e00c589800423b6f3"
"Assets/Resources/Fonts/ChineseUIFont.ttf","eb4b4efc09625be47af580d907e9c787",".ttf","17773244","763146584cf0710223441356b4395e279021b0806c196614377a7a0174ae074a"
"Assets/StreamingAssets/CompanyWar/Configs/AbilityDefinitions.json","e4aaf4a44030286489a816282933e0d8",".json","747","a388d3943a64c1f2f17ea039b3a5c1b332ef69762792cea7764f12582b583e00"
"Assets/StreamingAssets/CompanyWar/Configs/AuthorizationStages.json","1e4977045f8c3644f84556b26f92f277",".json","1136","3b18bde2b097cafa4e6e92e1893f57aa07ce63d52267fb618a61c6d4e106194b"
"Assets/StreamingAssets/CompanyWar/Configs/CorporateCorridorTheme_Default.asset","e1e1dce0728cf454e9f019f3e8ce7077",".asset","1546","35eb3d6a7e0de61108cd2252870732b623e49dbc6f64af3d2776abdd59800823"
"Assets/StreamingAssets/CompanyWar/Configs/EndlessModeConfig.json","9844b572b00a2084faf93067fc804aec",".json","960","5a396cadd0abada0eb19a747465631bfc6472789db2ac33354871b544c46df6f"
"Assets/StreamingAssets/CompanyWar/Configs/EndlessRewardConfig.json","492e36e2b55196a40b605d10233203ea",".json","188","0354b7f7bc3742ebd73b883053c9bbe64d436dc583bb2e6bca9aff6f34c283f6"
"Assets/StreamingAssets/CompanyWar/Configs/Enemies.json","0ee8ea7d0d5a01c4c8a9d164946355d1",".json","2485","d30c6e03f6a9c2418680577a47c4693cdeeef598b43d1df14716bf7d9267ebee"
"Assets/StreamingAssets/CompanyWar/Configs/LevelArchives.json","6a8a673604c68704ebbbf6f050c8dd25",".json","24461","4ecacf74094ff64fd0efbfcd223f1bfb4d25773b18c8b1a2efdd742080031520"
"Assets/StreamingAssets/CompanyWar/Configs/Levels/L_ENDLESS.json","fb013a35c6ef17b40963a1ac3587320f",".json","851","65d799724d0f08993940f90dad68ad1a5520799b32aa09b6e6c69474f4405981"
"Assets/StreamingAssets/CompanyWar/Configs/Levels/L00.json","5dd9dc33d3580de4ca03a6c750e59c75",".json","395","2e0c4f3da9c4cb761b914133fc3d59d0a5d8a7fe1719917d5b54ad7a0dd681a2"
"Assets/StreamingAssets/CompanyWar/Configs/Levels/L01.json","d1c7406aa7305284ab960e73aeb5ef23",".json","445","92dfc23f7a3da223abcfd67015265f2e80eb7b68799a8ba2ea805e5514519ae5"
"Assets/StreamingAssets/CompanyWar/Configs/Levels/L02.json","a65add32bd942864799173def15525b3",".json","548","8e21c91c3302ac54409e8fc0a44510456c3f250c47adcdacc06bec2b62231b90"
"Assets/StreamingAssets/CompanyWar/Configs/Levels/L03.json","41a2c08bad93774439bc75b3c34ff8cc",".json","640","b0740ded5545745c73ddbd57717bb41b5d418d6dea2c70c4d77eb726f6391236"
"Assets/StreamingAssets/CompanyWar/Configs/Levels/L04.json","56b83364b7f52904aadd36106fae74da",".json","741","b625f47a8705c8ecadcc55f56d186e604b628e0ea09183ed7647c3cb6dc9daeb"
"Assets/StreamingAssets/CompanyWar/Configs/Levels/L05.json","ddeadabd2edc585429e428139b3ff117",".json","882","665e00eeabd3adadb7e02b9c1f6bb4b3cebbc93713230aa279b7196cdabbc6a2"
"Assets/StreamingAssets/CompanyWar/Configs/Levels/L06.json","96fe9641111cf764cb20e351bebc418d",".json","2861","8595c7a3fb3f8368d6974f20aaed337e67f5885f37e271ab257dc9f2149b2ce0"
"Assets/StreamingAssets/CompanyWar/Configs/Levels/L07.json","4332908af27d83145a9431d7b19629de",".json","3452","3ee871217910147c336d467ee10b75ec8bdc1ef80cfc0ea00029a73ed9fdac08"
"Assets/StreamingAssets/CompanyWar/Configs/Levels/L08.json","3aa061a9f04329d4cbb339034021fef3",".json","2226","573e26742d69664ac07702859966fa1cbabd32fcda8e51248f69be96d8db3c9c"
"Assets/StreamingAssets/CompanyWar/Configs/Levels/L09.json","1f20b5e3a47002146948bab6fb373744",".json","2262","17da7af96e15eeefc06af13a75e4e1f506cb1078ce0414bc377b3f2ba53ad268"
"Assets/StreamingAssets/CompanyWar/Configs/Levels/L10.json","c92f2f7edf2b1374e8d43103fa967d9b",".json","2461","030d6bdb71673ad52268ff469c63917ff247c8126cea0ccb58a2d2bb23d877fc"
"Assets/StreamingAssets/CompanyWar/Configs/Levels/L11.json","37a7bdf2ce35bad4b87828fe84f61cbf",".json","2844","49f936863df6d2d35f296da62e57ba9dbdc2d9fa3d8c46cb61d7649a28e093d3"
"Assets/StreamingAssets/CompanyWar/Configs/Levels/L12.json","c849e9698fcb4894b9eb62146bb1ae1b",".json","2459","471cd946431f021ba623054f220b15c85a29f672a2fd7c714f43c7af4617be21"
"Assets/StreamingAssets/CompanyWar/Configs/Levels/L13.json","6e2a09ccb8262c34182f4dd003460a9f",".json","2493","2b6c90598554cf707616c82b522a6191147734bf623bef79254e92797cc3ff3b"
"Assets/StreamingAssets/CompanyWar/Configs/Levels/L14.json","8340f43e791924a46a9f40ec6af2150a",".json","2493","2ea8b5407a9bb99215239bc611cbcf1e17945b2cd1f7ce0b6d7dcf094675371d"
"Assets/StreamingAssets/CompanyWar/Configs/Levels/L15.json","71a08142ab9cc3e4c9ae929dc2ae704a",".json","2140","bc4715fec84551a884b483c44689f09174b90ec68e9da7aab95df55c812f510d"
"Assets/StreamingAssets/CompanyWar/Configs/Levels/L16.json","eacd01269b186c14dbc0ddb2089289c4",".json","2690","105ce8df2024af1b7c7c0a68571235a2afb854fa281302f1142f9c1510bc73ac"
"Assets/StreamingAssets/CompanyWar/Configs/Levels/L17.json","238df2e3e1dbea14585e14ba0a71e536",".json","2690","20efe7dfe29d268cd4384f72beebe441f7be0d21ecbdcaf8106a09818df903b3"
"Assets/StreamingAssets/CompanyWar/Configs/Levels/L18.json","acc2e58c6a79fac45b04064217b1402a",".json","2884","87cf967171a89bfeb25a46d37e7fe177ac237d565ecd5c80e1aea09378885c1e"
"Assets/StreamingAssets/CompanyWar/Configs/Levels/L19.json","501349c07660d434f8999271afc25936",".json","3146","afc1feadd250d9071a337c077aa04acd5c2aa80f23cb632aef6808fbd5c4ae3e"
"Assets/StreamingAssets/CompanyWar/Configs/Levels/L20.json","ae7cf3010f84ec3429b33b22dbb88e7c",".json","2951","be895358da54bff1c710f32f5ba6a0c92f32399657a3a3b261422a7ebfee7f9b"
"Assets/StreamingAssets/CompanyWar/Configs/SpawnSchedules.json","a6d8707369679fd4a8db36df88429232",".json","1270","318e662451d2da73d6fc83d4cf41b12ea81b8c1858855ce257035097c81d6f08"
"Assets/StreamingAssets/CompanyWar/Configs/Units.json","fa2f8f493081575468ad671691b57759",".json","6516","8c156a406d6e54e551745ebd6bd2451efd38bfc575120d7c9d641b0cd3a696db"
"Assets/StreamingAssets/CompanyWar/Configs/VisualMapping.asset","0b0d2acc843e0b94d98bf5c614eb9c67",".asset","5851","34f5a8b76a4597b2dd6bb701dfcfd957dc8eb4092c1232cb9d8fdb0e4774d31c"
"Assets/TextMesh Pro/Documentation/TextMesh Pro User Guide 2016.pdf","1b8d251f9af63b746bf2f7ffe00ebb9b",".pdf","694398","93d6d3ca8a7d8423b01faacd00fa3921fe055fb2187873653a925e4cc1af85c0"
"Assets/TextMesh Pro/Fonts/LiberationSans - OFL.txt","6e59c59b81ab47f9b6ec5781fa725d2c",".txt","4514","a130e89b7b2326b599c4b2bbd873eaae63feda407541a2899cb8acb306723de6"
"Assets/TextMesh Pro/Fonts/LiberationSans.ttf","e3265ab4bf004d28a9537516768c1c75",".ttf","350200","e5b0af421ea2bfbc1ac8d251d647268087ae82786234c57f757d1f0b90fa8b49"
"Assets/TextMesh Pro/Resources/Fonts & Materials/LiberationSans SDF - Drop Shadow.mat","e73a58f6e2794ae7b1b7e50b7fb811b0",".mat","3081","73f941d7702c761483bb184fad6e262648032969f0f310344155758b8fad764f"
"Assets/TextMesh Pro/Resources/Fonts & Materials/LiberationSans SDF - Fallback.asset","2e498d1c8094910479dc3e1b768306a4",".asset","9633","6bcdf1945143494f20dfbd6eeabfb519490ee2f420000ee6b8b55b4c4ab61736"
"Assets/TextMesh Pro/Resources/Fonts & Materials/LiberationSans SDF - Outline.mat","79459efec17a4d00a321bdcc27bbc385",".mat","2993","4a07f16fcfa697f984d78b7acc005985fe45a256b4bf8b7907faea08075b4961"
"Assets/TextMesh Pro/Resources/Fonts & Materials/LiberationSans SDF.asset","8f586378b4e144a9851e7b34d9b748ee",".asset","2264683","3e255bf16c9d35f6019c541174813b6f9e2dbfa5b0b458311cac63fea66a0357"
"Assets/TextMesh Pro/Resources/LineBreaking Following Characters.txt","fade42e8bc714b018fac513c043d323b",".txt","269","3a73e5ffe2510756dd3c2e982fdc1218b4be82c6e21abde88070d6860e1bc8e6"
"Assets/TextMesh Pro/Resources/LineBreaking Leading Characters.txt","d82c1b31c7e74239bff1220585707d2b",".txt","95","62d3f4d5f64aaf885692d2d13a8313f6918e6e4c5aeb3990a43f614652bfd89c"
"Assets/TextMesh Pro/Resources/Sprite Assets/EmojiOne.asset","c41005c129ba4d66911b75229fd70b45",".asset","14100","73802f0c67f6e13bf226fcad8511477acd5ea1e2263387003fe561d3211664f9"
"Assets/TextMesh Pro/Resources/Style Sheets/Default Style Sheet.asset","f952c082cb03451daed3ee968ac6c63e",".asset","5021","5e19480d4ef48ba9753cbbd20befab3da1cbeefcb1e0939133beee812b23ae8b"
"Assets/TextMesh Pro/Resources/TMP Settings.asset","3f5b5dff67a942289a9defa416b206f3",".asset","1729","3cf206f810db04a03c24840a3ecc28979372fe1b0f609e539650e18ff3e1e387"
"Assets/TextMesh Pro/Shaders/TMP_Bitmap-Custom-Atlas.shader","48bb5f55d8670e349b6e614913f9d910",".shader","3640","906059fb8e3c2c3e0c24ff5d90723ec36b9c3b22e51b7d098d38d9997f104b26"
"Assets/TextMesh Pro/Shaders/TMP_Bitmap-Mobile.shader","1e3b057af24249748ff873be7fafee47",".shader","3694","df460d71d48e25554babfe3bfc29f6b76a85e5fed40463bb1c3e95b853008aa9"
"Assets/TextMesh Pro/Shaders/TMP_Bitmap.shader","128e987d567d4e2c824d754223b3f3b0",".shader","3642","c28c901dcfd36dc281a1328e5481a9339a473ae6bcac0a1e26fd1cb5527c45af"
"Assets/TextMesh Pro/Shaders/TMP_SDF Overlay.shader","dd89cf5b9246416f84610a006f916af7",".shader","10902","02fe226b660522fbf4ccdb371bea79b1d5dd2ee3a41f64e4d3fe991c7468d113"
"Assets/TextMesh Pro/Shaders/TMP_SDF SSD.shader","14eb328de4b8eb245bb7cea29e4ac00b",".shader","12310","c1dd1eecca9c652bfefa1e3450a7c2901cc1da497dec7ceeb96386f0619ec6ff"
"Assets/TextMesh Pro/Shaders/TMP_SDF-Mobile Masking.shader","bc1ede39bf3643ee8e493720e4259791",".shader","8069","e95ff9dea7544bdf73d98052323940eba990de239cde6caed9680af2510aa2a5"
"Assets/TextMesh Pro/Shaders/TMP_SDF-Mobile Overlay.shader","a02a7d8c237544f1962732b55a9aebf1",".shader","7883","25935596a6d82ff5e0ac57a8e333101b5ce23281500cea414c317d930d6d9cfd"
"Assets/TextMesh Pro/Shaders/TMP_SDF-Mobile SSD.shader","c8d12adcee749c344b8117cf7c7eb912",".shader","3177","7adb4d1c6f4e92b0cfcab7d7227b05b84ceb4edb729e24b7ad73e26cbd87fd76"
"Assets/TextMesh Pro/Shaders/TMP_SDF-Mobile.shader","fe393ace9b354375a9cb14cdbbc28be4",".shader","7914","5678d5bcbba60a5a43b0934d0dbdaea674f8693268d3d296da18cbc9423a7c06"
"Assets/TextMesh Pro/Shaders/TMP_SDF-Surface-Mobile.shader","85187c2149c549c5b33f0cdb02836b17",".shader","3662","c19c10ae779577538e6d77fb16cb21318dde35903f0deda7feb3ad9257c8e2a4"
"Assets/TextMesh Pro/Shaders/TMP_SDF-Surface.shader","f7ada0af4f174f0694ca6a487b8f543d",".shader","4513","999b03ac7a8541b8d9cb92c245d0c617b2864a8e32be6b7b5f632770e7ca9825"
"Assets/TextMesh Pro/Shaders/TMP_SDF.shader","68e6db2ebdc24f95958faec2be5558d6",".shader","10917","21b8ea81bb6e3ef203d329f6c81afd9e4751684245d85c9b477010a157d01929"
"Assets/TextMesh Pro/Shaders/TMP_Sprite.shader","cf81c85f95fe47e1a27f6ae460cf182c",".shader","2789","adf8fb15e0d3e2da4191100210d803dcdb4c04dd981b2edfccb42f4ed721ad41"
"Assets/TextMesh Pro/Shaders/TMPro_Mobile.cginc","c334973cef89a9840b0b0c507e0377ab",".cginc","5468","4e408e0718166ec6b0faef4065bd622348b96455860e29d1b989e21f072a7bf9"
"Assets/TextMesh Pro/Shaders/TMPro_Properties.cginc","3997e2241185407d80309a82f9148466",".cginc","2928","bff345b3f9a4f4d6f0e183a8692b3dcbc94f3153b064c77f6d430d1d6c60fed8"
"Assets/TextMesh Pro/Shaders/TMPro_Surface.cginc","d930090c0cd643c7b55f19a38538c162",".cginc","3664","3f7a2ad0a7efd8b30492e64232bf3a80e42818d62822de7bbe2726fd1b363ed6"
"Assets/TextMesh Pro/Shaders/TMPro.cginc","407bc68d299748449bbf7f48ee690f8d",".cginc","2361","7b5e42e957e80ddac2c42cd49d15dc48c50b97a0e263248be8a074d1b3c79543"
"Assets/TextMesh Pro/Sprites/EmojiOne Attribution.txt","381dcb09d5029d14897e55f98031fca5",".txt","187","095907d2631301d08dbff9388fc0c278904fd86e18ba76bb0d401a790ade8f83"
"Assets/TextMesh Pro/Sprites/EmojiOne.json","8f05276190cf498a8153f6cbe761d4e6",".json","4122","fa35c4a1b7cfc12e872bcba7d0d20702077a5478472b87d619b2c72bf5bb48d0"
"Assets/TextMesh Pro/Sprites/EmojiOne.png","dffef66376be4fa480fb02b19edbe903",".png","112319","a87b965a701de3dc31d7401e542b1fc946587f912c51d7a26e46ade9f098bd1a"
