"Guid","AssetPath","Kind","Extension"
"000d7a662089d6b4090fb72037306f82","Library/PackageCache/com.unity.addressables@1.21.20/Runtime/ResourceManager/ResourceProviders/BinaryDataProvider.cs","PackageCache",".cs"
"00520eb52e49b5b4e8d9870d6ff1aced","Assets/Plugins/UniTask/Runtime/Linq/UnityExtensions/EveryUpdate.cs","Asset",".cs"
"00605699940079840ad0810d9d08dc97","Assets/_Game/Art/Prefabs/Units/PF_U20.prefab","Asset",".prefab"
"006633c8a6f4ae94aa9babf72234e1a2","Library/PackageCache/com.unity.ugui@1.0.0/Runtime/UI/Core/Layout/LayoutRebuilder.cs","PackageCache",".cs"
"0069ff676acf4c95a1d53bf8f9f21a44","Library/PackageCache/com.unity.addressables@1.21.20/Editor/GUI/ProfileTreeView.cs","PackageCache",".cs"
"007065359eca9234182ad5aabe4232f6","Assets/_Game/Resources/11111/11.glb","Asset",".glb"
"0072f10d593240f4b9e5a95df5d67782","Assets/_Game/Art/Prefabs/Units/U05.obj","Asset",".obj"
"009ac6640f9484547b2aa869eb90bb1c","Assets/_Game/Art/Prefabs/Units/U18.obj","Asset",".obj"
"00b367e15e1be0543b9cc431fc4d3ed8","Assets/_Game/Scenes/《克系黑暗科幻的无尽耐力之循环》钟爱圣代.mp3","Asset",".mp3"
"00e1416746642a9419ba6700f4267349","Library/PackageCache/com.unity.addressables@1.21.20/Tests/Editor/DocExampleCode/LoadSingle.cs","PackageCache",".cs"
"00f6abb2299813b4881f1f2b0f6640b1","Library/PackageCache/com.unity.addressables@1.21.20/Editor/Build/RevertUnchangedAssetsToPreviousAssetState.cs","PackageCache",".cs"
"00f9a68859b850648902e0c98c25b590","Library/PackageCache/com.unity.ugui@1.0.0/Tests/Runtime/ScrollBar/ScrollBarTests.cs","PackageCache",".cs"
"010baf09f174b7a46a86c3375f169960","Assets/_Game/Scripts/Procedure/CompanyWarBootstrap.cs","Asset",".cs"
"010f451ca865c7c40948471c7337dab2","Assets/_Game/Scripts/Configs/ConfigModels.cs","Asset",".cs"
"0127c38a607d9474c820c7f5044c18b4","Library/PackageCache/com.unity.addressables@1.21.20/Editor/BuildReportVisualizer/BuildReport Resources/Icons/FileNoIcon@2x.png","PackageCache",".png"
"013a499e522703a42962a779b4d9850c","Assets/Plugins/UniTask/Runtime/UnityWebRequestException.cs","Asset",".cs"
"01432b351984ba94aa0624cdc2783398","Library/PackageCache/com.unity.addressables@1.21.20/Editor/BuildReportVisualizer/UIToolKitAssets/UXML/DetailsPanel.uxml","PackageCache",".uxml"
"019dda5fbf4d3854eb49b455c17c0de6","Library/PackageCache/com.unity.addressables@1.21.20/Editor/Diagnostics/Data/EventDataPlayerSession.cs","PackageCache",".cs"
"01ada73c4792aba4c937ff5d92cce866","Library/PackageCache/com.unity.textmeshpro@3.0.6/Scripts/Editor/TMP_CharacterPropertyDrawer.cs","PackageCache",".cs"
"01ba1d3b17e13fb4c95740131c7e6e19","Assets/Plugins/UniTask/Runtime/Linq/AsyncEnumeratorBase.cs","Asset",".cs"
"01d1404ca421466419a7db7340ff5e77","Assets/Plugins/UniTask/Runtime/AsyncLazy.cs","Asset",".cs"
"01dbd6468012621479204c404943a5d2","Assets/Plugins/DOTween/Modules/DOTweenModuleUnityVersion.cs","Asset",".cs"
"01df650e1b86e9f4a8e2b5dc9782506f","Library/PackageCache/com.unity.ugui@1.0.0/Tests/Runtime/NestedLayout/SceneWithNestedLayoutElementsLoads.cs","PackageCache",".cs"
"01e830d7720a9494c9ef619a9a60c02d","Assets/AddressableAssetsData/AssetGroupTemplates","Asset",""
"0202f723469f93945afa063bfb440d15","Assets/Plugins/UniTask/Runtime/Linq/Create.cs","Asset",".cs"
"020ee4c1798a3d243a4b8cbfee6cac2d","Library/PackageCache/com.unity.ugui@1.0.0/Runtime/UI/Core/VertexModifiers/PositionAsUV1.cs","PackageCache",".cs"
"0221b486e1d6add49a03c67d6f62a0b7","Assets/_Game/公司战争Mesh/U10.obj","Asset",".obj"
"0244ca4987514734a84f74195d54113d","Library/PackageCache/com.unity.scriptablebuildpipeline@1.21.25/Tests/Editor/Unity.ScriptableBuildPipeline.Editor.Tests.asmdef","PackageCache",".asmdef"
"027c478450e773e47b8cc1fbe7455f72","Library/PackageCache/com.unity.addressables@1.21.20/Tests/Editor/DocExampleCode/ScriptReference/UsingRuntimePath.cs","PackageCache",".cs"
"02893ffb522b490a9fa28eedd2584309","Library/PackageCache/com.unity.textmeshpro@3.0.6/Scripts/Editor/TMPro_TextContainerEditor.cs","PackageCache",".cs"
"02902a547753c48fcbb45e39c3ccb955","Library/PackageCache/com.unity.addressables@1.21.20/Editor/GUI/AddressableAssetsSettingsGroupEditorBuildMenu.cs","PackageCache",".cs"
"029c1c1b674aaae47a6841a0b89ad80e","Assets/Plugins/UniTask/Runtime/External/DOTween/UniTask.DOTween.asmdef","Asset",".asmdef"
"02ce354d37b10454e8376062f7cbe57a","Assets/Plugins/UniTask/Runtime/CompilerServices/AsyncMethodBuilderAttribute.cs","Asset",".cs"
"02d56b860c3f05a47a85e63f62578654","Library/PackageCache/com.unity.scriptablebuildpipeline@1.21.25/Editor/Utilities/ProgressTracker.cs","PackageCache",".cs"
"03115f3e85a5cee4ba080db3d02670e9","Library/PackageCache/com.unity.addressables@1.21.20/Tests/Runtime/AddressableAssetSettingsResourceLocationTests.cs","PackageCache",".cs"
"0317692a989244f4a14947a9343a131c","Assets/_Game/Art/Prefabs/Environment","Asset",""
"03247bb50d05fdd49a286f08cc21db3b","Assets/_Game/公司战争Mesh/E04.obj","Asset",".obj"
"0351f6767df7e644b935d4d599968162","Assets/Plugins/UniTask/Runtime/Linq/DistinctUntilChanged.cs","Asset",".cs"
"0359e108196a75f46be9abb5d6a8123e","Assets/_YFanFramework/Docs/EncryptionUtil_Usage.md","Asset",".md"
"036b425ad83a556458a6870554c1c6c2","Assets/_Game/公司战争Mesh/U23.mtl","Asset",".mtl"
"0386b6eb838c47138cd51d1c1b879a35","Library/PackageCache/com.unity.textmeshpro@3.0.6/Scripts/Editor/TMP_SettingsEditor.cs","PackageCache",".cs"
"03b109b1fe1f2df46aa56ffb26747654","Assets/Plugins/UniTask/Runtime/Linq/ToDictionary.cs","Asset",".cs"
"04051f360312e3547be05554223ba464","Library/PackageCache/com.unity.addressables@1.21.20/Tests/Runtime/SyncAddressableTests.cs","PackageCache",".cs"
"0411f205fe34b6e4aa5bc9e62ecaec3c","Assets/_YFanFramework/Scripts/Systems/FloatingTextSystem/FloatingTextItem.cs","Asset",".cs"
"041a7b9469b592145b0632320727c4fe","Assets/_Game/Art/Prefabs/Units/U02.prefab","Asset",".prefab"
"041ea21fa30a4a34fa6cfe55505b452c","Library/PackageCache/com.unity.addressables@1.21.20/Tests/Editor/Build/BuildLayoutGenerationTaskTests.cs","PackageCache",".cs"
"042dc296246916648e55a43d0eeb2036","Library/PackageCache/com.unity.modules.audio@1.0.0/package.ModuleCompilationTrigger","PackageCache",".modulecompilationtrigger"
"0437b76f03e61424abbe630113ecd0f2","Library/PackageCache/com.unity.scriptablebuildpipeline@1.21.25/Tests/Editor/AssemblyInfo.cs","PackageCache",".cs"
"044ed4e33bc981f47ab404ed3c195f8f","Assets/_Game/Scripts/Models/IConfigModel.cs","Asset",".cs"
"04bc8d35a6d6c6645b68d8ecd2eb5de8","Assets/_Game/公司战争Mesh/U11.obj","Asset",".obj"
"04bd0f46978d2c345acddd9421f9db9e","Library/PackageCache/com.unity.addressables@1.21.20/Editor/GUI/GUIElements/Ribbon.cs","PackageCache",".cs"
"04c96aaf3dacc4e4fa191493c6ec9908","Assets/_YFanFramework/Docs/AutoRegister_Usage.md","Asset",".md"
"04d5b816ff9319b4483a48ffb00c762c","Assets/StreamingAssets","Asset",""
"0513702e28a05264db5ec83c66225dc1","Assets/_Game/Art/Prefabs/Units/PF_U03.prefab","Asset",".prefab"
"053ca114086a74fd6842a2f9944a47cc","Library/PackageCache/com.unity.addressables@1.21.20/Editor/AssemblyInfo.cs","PackageCache",".cs"
"05460c617dae1e440861a7438535389f","Assets/Plugins/UniTask/Runtime/UniTaskExtensions.cs","Asset",".cs"
"056819c66570ca54cadb72330a354050","Library/PackageCache/com.unity.textmeshpro@3.0.6/Scripts/Editor/TMP_SpriteGlyphPropertyDrawer.cs","PackageCache",".cs"
"056d8c540ba0b6e498ad02b7b0c1aa12","Assets/_Game/Scripts/Queries/GetEnemyStatsQuery.cs","Asset",".cs"
"0573713975c6b8246b7544ed524ef1dc","Library/PackageCache/com.unity.ugui@1.0.0/Tests/Runtime/EventSystem/InputModuleTests/PointerClickCallbackCheck.cs","PackageCache",".cs"
"0575421d9bbcedb4c97570942822a20a","Assets/AddressableAssetsData/DataBuilders/BuildScriptVirtualMode.asset","Asset",".asset"
"058b74f9ad5dc0e489456e842029fb0b","Library/PackageCache/com.unity.addressables@1.21.20/Editor/Diagnostics/GUI/EventGraphListView.cs","PackageCache",".cs"
"058cba836c1846c3aa1c5fd2e28aea77","Library/PackageCache/com.unity.textmeshpro@3.0.6/Scripts/Runtime/TMP_SubMeshUI.cs","PackageCache",".cs"
"05a0ed70356185a4ba7f840a0ab2afe1","Library/PackageCache/com.unity.addressables@1.21.20/Tests/Runtime/TestReflectionHelpers.cs","PackageCache",".cs"
"05b619d8a4e3fce47acecb2fcf4122b7","Library/PackageCache/com.unity.scriptablebuildpipeline@1.21.25/Editor/Utilities/FileCompressor.cs","PackageCache",".cs"
"05bf4c45599deb341b5568094c01a81a","Assets/_Game/Scripts/UI/SimpleLevelSelectUI.cs","Asset",".cs"
"05c9d8277f5ba7842ab3d74372eaa939","Assets/_Game/公司战争Mesh/U17.mtl","Asset",".mtl"
"05d506d6f1d0c4b66aa64cd1402fba70","Library/PackageCache/com.unity.addressables@1.21.20/Editor/HostingServices","PackageCache",""
"05e5d6bca4ce2b34bb7d5a9040a5f654","Assets/Plugins/QFramework","Asset",""
"05f582d4fbc8e0c40afccb76bbbe0935","Library/PackageCache/com.unity.ugui@1.0.0/Editor/UI/DropdownEditor.cs","PackageCache",".cs"
"05f5bfd584002f948982a1498890f9a9","Library/PackageCache/com.unity.textmeshpro@3.0.6/PackageConversionData.json","PackageCache",".json"
"05f7f519769978b79b31d063a7fc6fa1","Library/PackageCache/com.unity.modules.unitywebrequestassetbundle@1.0.0/package.json","PackageCache",".json"
"0619aca0c5e2b4dc38311d8bdc157e99","Library/PackageCache/com.unity.addressables@1.21.20/Runtime/ResourceManager/ResourceProviders/Simulation/VirtualAssetBundleProvider.cs","PackageCache",".cs"
"063574183aab9304da9d6b5a19002840","Assets/_Game/Art/Materials/U08.mtl","Asset",".mtl"
"06515ccb4c8b3e446bcf0d6fce5e9cd1","Library/PackageCache/com.unity.addressables@1.21.20/Editor/Settings","PackageCache",""
"066619c9c9c84f89acb1b48c11a7efe2","Library/PackageCache/com.unity.textmeshpro@3.0.6/Editor Resources/Textures/btn_AlignMiddle_Light.psd","PackageCache",".psd"
"06918f90dbd0876479cfb590c588234a","Assets/_Game/Art/Materials/Mat_E15.mat","Asset",".mat"
"06afb4c0c7e547af92b449eb353c0cb8","Library/PackageCache/com.unity.addressables@1.21.20/Tests/Editor/AddressableAssetEntryTreeViewTests.cs","PackageCache",".cs"
"06e104cf21d5fba46985b07321bbebe0","Library/PackageCache/com.unity.textmeshpro@3.0.6/Scripts/Editor/TMP_PreBuildProcessor.cs","PackageCache",".cs"
"06e9424b02d23144a9882e46e3f17fca","Assets/_Game/Scenes/Shader2_CULL.shader","Asset",".shader"
"0722a26e9a7ffa14288d9a470a1ad622","Assets/_Game/Tests/Cases/CW_UNIT_0202_QueryService.cs","Asset",".cs"
"07426e5d16eb07442847b80692e452c9","Library/PackageCache/com.unity.addressables@1.21.20/Tests/Runtime/AssetReferenceDrawerTests.cs","PackageCache",".cs"
"075abdc1bedf87a47bd280d08f52f9ae","Assets/_YFanFramework/Scripts/Systems/UIManager","Asset",""
"07994bfe8b0e4adb97d706de5dea48d5","Library/PackageCache/com.unity.textmeshpro@3.0.6/Scripts/Runtime/TMP_SubMesh.cs","PackageCache",".cs"
"07dd3f1d43b528f4ea00ed7dcb84972d","Library/PackageCache/com.unity.addressables@1.21.20/Tests/Editor/DocExampleCode/ScriptReference/UsingDownloadDependenciesAsync.cs","PackageCache",".cs"
"07f1aa649602868468258e90b486067e","Assets/_Game/Art/Prefabs/Enemies/E11.obj","Asset",".obj"
"07feb49ed5894cd459f42e594a2fbb94","Library/PackageCache/com.unity.scriptablebuildpipeline@1.21.25/Editor/Utilities/GraphicsSettingsApi.cs","PackageCache",".cs"
"082fbee38a82835433261a5e9c00e267","Library/PackageCache/com.unity.modules.cloth@1.0.0/package.ModuleCompilationTrigger","PackageCache",".modulecompilationtrigger"
"082ff03cd7a4f9943bafa0d18316d83f","Library/PackageCache/com.unity.addressables@1.21.20/Editor/BuildReportVisualizer/UIToolKitAssets/UXML/MainPanel.uxml","PackageCache",".uxml"
"087f94cda45c3f24188bfad1bc192e46","Assets/_Game/Art/Materials/U03.mtl","Asset",".mtl"
"088af34993ef24e4bb1eef60a41942d9","Library/PackageCache/com.unity.addressables@1.21.20/Samples~/CustomAnalyzeRules/Editor/CheckBundleDupeDependenciesMultiIsolatedGroups.cs","PackageCache",".cs"
"08a8587e5f07fb64f88a0cbe2ebe327e","Library/PackageCache/com.unity.ugui@1.0.0/Tests/Runtime/Canvas/RectangleContainsScreenPointTest.cs","PackageCache",".cs"
"08d6d38651abd624b9c945a1ed5d80bb","Library/PackageCache/com.unity.addressables@1.21.20/Tests/Editor/DocExampleCode/ScriptReference/UsingAddResourceLocator.cs","PackageCache",".cs"
"08e15d16f0070d0429a6ec852ac78abe","Library/PackageCache/com.unity.addressables@1.21.20/Tests/Editor/DocExampleCode","PackageCache",""
"090b20e3528552b4a8d751f7df525c2b","Assets/Plugins/UniTask/Runtime/UnityBindingExtensions.cs","Asset",".cs"
"0931d4af80159344eb7e15928166dafd","Library/PackageCache/com.unity.addressables@1.21.20/Editor/Diagnostics/GUI/Graph/GraphLayerEventMarker.cs","PackageCache",".cs"
"09b260528be79b74ab75d43b23001eab","Library/PackageCache/com.unity.addressables@1.21.20/Runtime/ResourceManager/Diagnostics/DiagnosticEventCollector.cs","PackageCache",".cs"
"09b3b931802726b4bb0194bac55fa739","Library/PackageCache/com.unity.addressables@1.21.20/Tests/Editor/DocExampleCode/ScriptReference/UsingResourceManager.cs","PackageCache",".cs"
"0a017569bfe174e4890797b4d64cbabc","Library/PackageCache/com.unity.textmeshpro@3.0.6/Scripts/Runtime/TMP_FontAssetUtilities.cs","PackageCache",".cs"
"0a15f049c10fa744ca827575ffac1c0d","Library/PackageCache/com.unity.addressables@1.21.20/Editor/Build/AddressablesBuildScriptHooks.cs","PackageCache",".cs"
"0a6d54cc4a4cbec4db6e4c14b3f92c22","Library/PackageCache/com.unity.addressables@1.21.20/Tests/Editor/BuildReportWindowTests.cs","PackageCache",".cs"
"0a9fe784d8fde9749972b6b47105a1c8","Assets/_Game/Scenes","Asset",""
"0aa86820830c6c04aad6058c8461bcb6","Assets/_Game/Resources/u26.fbx","Asset",".fbx"
"0aaa057ce5566e940b18a0ccd0344693","Library/PackageCache/com.unity.ugui@1.0.0/Runtime/EventSystem/UIBehaviour.cs","PackageCache",".cs"
"0ad7557d730913a45a22640bb85b2b83","Assets/_Game/Scripts/Models","Asset",""
"0add36b05968048499c42e29f87bf6ae","Library/PackageCache/com.unity.addressables@1.21.20/Editor/BuildReportVisualizer/UIToolKitAssets/StyleSheets","PackageCache",""
"0b0d2acc843e0b94d98bf5c614eb9c67","Assets/StreamingAssets/CompanyWar/Configs/VisualMapping.asset","Asset",".asset"
"0b2706df6fdff50448f84a3f6629b40f","Library/PackageCache/com.unity.ugui@1.0.0/Tests/Runtime/Util/ExceptionUtils.cs","PackageCache",".cs"
"0b2b317ae2699024d900ca9aaa12d6f6","Assets/HDRPDefaultResources/HDRenderPipelineAsset.asset","Asset",".asset"
"0b36364c0d8c8c34a91ea39f779676fc","Assets/_Game/Art/Prefabs/Buildings/PF_E06.prefab","Asset",".prefab"
"0b4bfdc141815e54c92eb01229936056","Assets/_Game/公司战争Mesh/U05.mtl","Asset",".mtl"
"0b74b9fe361bf7148b51a29c8b2561e8","Assets/Plugins/UniTask/Runtime/Linq/SkipWhile.cs","Asset",".cs"
"0b924bf365834e298b4511e3c121efb2","Library/PackageCache/com.unity.scriptablebuildpipeline@1.21.25/Tests/Editor/OptionalPackages/PlaceholderTests.cs","PackageCache",".cs"
"0b92edd448d83cc4d8558e4e11ffc3bd","Library/PackageCache/com.unity.scriptablebuildpipeline@1.21.25/Tests/Editor/WriteTypesTests.cs","PackageCache",".cs"
"0be87be5fff9bed408703777e5c234e7","Library/PackageCache/com.unity.addressables@1.21.20/Tests/Editor/DocExampleCode/LoadSynchronously.cs","PackageCache",".cs"
"0c2eb630b3a204847b868607a539fb4c","Library/PackageCache/com.unity.addressables@1.21.20/Tests/Runtime/ResourceManager","PackageCache",""
"0c39c5a44c2b90c4787a92f26e3286f4","Library/PackageCache/com.unity.addressables@1.21.20/Editor/Build/Layout","PackageCache",""
"0ca2545d76d1fb34fa45a9f1e432d259","Library/PackageCache/com.unity.ugui@1.0.0/Tests/Runtime/EventSystem/RaycastSortingTests.cs","PackageCache",".cs"
"0ca357c4ae0792540bd6600f4d7a07d5","Assets/_Game/公司战争Mesh/E05.mtl","Asset",".mtl"
"0ca81982e37e893498abf804c12a22c7","Library/PackageCache/com.unity.ugui@1.0.0/Tests/Editor/Canvas/UISystemProfilerAddMarkerWithNullObjectDoesNotCrash.cs","PackageCache",".cs"
"0cb1669def5734a4a86d23eec9ab64ea","Assets/_Game/Scripts/Prototype3D/CorporateWarCorridorTheme.cs","Asset",".cs"
"0cbdebf3ba7c84c42a15f1cb8c47c14e","Library/PackageCache/com.unity.addressables@1.21.20/Editor/Settings/AddressableAssetBuildSettings.cs","PackageCache",".cs"
"0cc816be7de984cd8ba3ef6b19370a30","Library/PackageCache/com.unity.addressables@1.21.20/Runtime/Utility/ResourceManagerEventCollector.cs","PackageCache",".cs"
"0cd44c1031e13a943bb63640046fad76","Library/PackageCache/com.unity.ugui@1.0.0/Runtime/UI/Core/Layout/CanvasScaler.cs","PackageCache",".cs"
"0d03295341a2c8e488a604413bcc8422","Assets/_Game/Scripts/Logic/Core/Data/JsonConfigProvider.cs","Asset",".cs"
"0d0b652f32a2cc243917e4028fa0f046","Library/PackageCache/com.unity.ugui@1.0.0/Runtime/UI/Core/Dropdown.cs","PackageCache",".cs"
"0d142c6ddde5f86428c60bc924edae0e","Library/PackageCache/com.unity.scriptablebuildpipeline@1.21.25/Documentation~/UsageExamples.md","PackageCache",".md"
"0d2d0f36e67d4518a07df76235e91f9a","Library/PackageCache/com.unity.textmeshpro@3.0.6/LICENSE.md","PackageCache",".md"
"0d357bc843467fc449dcb03de90d785c","Assets/_Game/公司战争Mesh/E01.obj","Asset",".obj"
"0d9a36012a224080966c7b55896aa0f9","Library/PackageCache/com.unity.textmeshpro@3.0.6/Editor Resources/Textures/btn_AlignCapLine.psd","PackageCache",".psd"
"0dc62a5955cf04ec298a2c3ca4b2edf2","Library/PackageCache/com.unity.ugui@1.0.0/Tests/Runtime/TextEditor/TextEditorTests.cs","PackageCache",".cs"
"0dd6e3aec9d41184288c10598dc10ab1","Assets/AddressableAssetsData/Windows","Asset",""
"0e0a28f46018d1342a61f044ab79d9f3","Assets/_Game/Art/Materials/E07.mtl","Asset",".mtl"
"0e0afa652c0031c48896a97b424d027b","Library/PackageCache/com.unity.textmeshpro@3.0.6/PackageConversionData_Assets.json","PackageCache",".json"
"0e751e877ed14d71a6b8e63ac54949cf","Library/PackageCache/com.unity.textmeshpro@3.0.6/Scripts/Editor/TMP_ProjectTextSettings.cs","PackageCache",".cs"
"0e950f1aaaed52d4c9e999fdd2a46c2c","Assets/_Game/Scripts/Queries","Asset",""
"0e9a094f0eb0f32448053a4bfb4e8df9","Assets/_Game/Resources/11111","Asset",""
"0ea2465c600278f4db3fdb6b76ee06a9","Library/PackageCache/com.unity.addressables@1.21.20/Tests/Runtime/RuntimePlatformMappingServiceTests.cs","PackageCache",".cs"
"0ee8ea7d0d5a01c4c8a9d164946355d1","Assets/StreamingAssets/CompanyWar/Configs/Enemies.json","Asset",".json"
"0f2109e178c64897a911d0c8471401d7","Library/PackageCache/com.unity.scriptablebuildpipeline@1.21.25/Editor/Tasks/PostWritingCallback.cs","PackageCache",".cs"
"0f39cb52d59e44a40b4cf36f34ccae52","Library/PackageCache/com.unity.scriptablebuildpipeline@1.21.25/Documentation~/index.md","PackageCache",".md"
"0f4712e2e66a54047bd4181d8a3d827f","Library/PackageCache/com.unity.addressables@1.21.20/Editor/BuildReportVisualizer/ContentView/DetailsView.cs","PackageCache",".cs"
"0f6bec7ad1d4ee23b07750e435909b8b","Library/PackageCache/com.unity.modules.physics2d@1.0.0/.icon.png","PackageCache",".png"
"0f913102eb457e246b99ac01ec3e9871","Assets/_Game/Art/Prefabs/Buildings/PF_E07.prefab","Asset",".prefab"
"0f978b2e43a73b8e5ac83d4087de8d69","Library/PackageCache/com.unity.modules.physics@1.0.0/.icon.png","PackageCache",".png"
"0fc8c72284fb9414ca3384e659772838","Library/PackageCache/com.unity.addressables@1.21.20/Tests/Editor/Build/AddressableBuildTaskTestBase.cs","PackageCache",".cs"
"0ff406a69ad88384f97d90bd557c387c","Assets/_Game/Art/Prefabs/Enemies/PF_E03.prefab","Asset",".prefab"
"1028fe2ffc42b9d4baeca26e6dda2673","Assets/_Game/Art/Prefabs/Models/Shader3_ALPHA TEST.shader","Asset",".shader"
"1048a87135154606808bf2030da32d18","Library/PackageCache/com.unity.textmeshpro@3.0.6/Scripts/Editor/TMP_SpriteAssetMenu.cs","PackageCache",".cs"
"1052cd47d54d3c941894699bcb6eb7f6","Library/PackageCache/com.unity.addressables@1.21.20/Tests/Editor/DocExampleCode/InstantiateReference.cs","PackageCache",".cs"
"10534ee7753023c4dbd1556e9efb590c","Library/PackageCache/com.unity.scriptablebuildpipeline@1.21.25/Editor/Utilities/ExtensionMethods.cs","PackageCache",".cs"
"1091bc2ad06e3234aac2b2fa2841c09d","Library/PackageCache/com.unity.ugui@1.0.0/Tests/Runtime/Image","PackageCache",""
"1095566ae23dbab4985b87dc92390bc2","Library/PackageCache/com.unity.addressables@1.21.20/Runtime/Initialization/InitializationObjectsOperation.cs","PackageCache",".cs"
"10fd20f634856da4a8adcac07d018d68","Library/PackageCache/com.unity.addressables@1.21.20/Runtime/ResourceProviders/ContentCatalogProvider.cs","PackageCache",".cs"
"111ba0e639de1d7428af6c823ead4918","Assets/Plugins/UniTask/Runtime/Internal/UnityWebRequestExtensions.cs","Asset",".cs"
"111ffe87a7d700442a9ef5af554b252c","Assets/Plugins/UniTask/Runtime/Linq/OfType.cs","Asset",".cs"
"11212377217176e42a87b07b73a56d06","Assets/_Game/Scripts/Logic/Core/Abstraction/ICommand.cs","Asset",".cs"
"1124702619dda99478239f155e89e8f7","Assets/_Game/Art/Materials/U06.mtl","Asset",".mtl"
"1143ae6bb91836f4a8f8ebfaabb9396d","Library/PackageCache/com.unity.ugui@1.0.0/Editor/EventSystem/Physics2DRaycasterEditor.cs","PackageCache",".cs"
"114ee901710203147bd1e6b8555e3887","Library/PackageCache/com.unity.textmeshpro@3.0.6/Tests/Runtime","PackageCache",""
"11643b1a70376ce4e807aa759c0f4dbd","Library/PackageCache/com.unity.addressables@1.21.20/Runtime/ResourceManager/Util/ComponentSingleton.cs","PackageCache",".cs"
"11a6a034ab84493cbed6af5ae7aae78b","Library/PackageCache/com.unity.textmeshpro@3.0.6/Scripts/Runtime/MaterialReferenceManager.cs","PackageCache",".cs"
"12005994fcca52c4b8d2fd5cdacbf35c","Assets/_Game/公司战争Mesh/E03.obj","Asset",".obj"
"1224e866031c7d341b001a36a922d07f","Assets/_YFanFramework/Docs/Procedure_GameFlow_Usage.md","Asset",".md"
"127023922adddf744b59fa7b0b0c3030","Library/PackageCache/com.unity.ugui@1.0.0/Editor/UI/InterceptedEventsPreview.cs","PackageCache",".cs"
"12736c98af174f91827a26b66d2b01b9","Library/PackageCache/com.unity.textmeshpro@3.0.6/Editor Resources/Textures/btn_AlignLeft_Light.psd","PackageCache",".psd"
"127d9412c33a14b4895c072bd9199bca","Assets/_YFanFramework/Scripts/Utils/TweenUtil.cs","Asset",".cs"
"128e987d567d4e2c824d754223b3f3b0","Assets/TextMesh Pro/Shaders/TMP_Bitmap.shader","Asset",".shader"
"12bda324162f15349afefc2c152ac07f","Assets/Plugins/UniTask/Runtime/Linq/TakeUntil.cs","Asset",".cs"
"12c42068351bb084abde965d725b9887","Library/PackageCache/com.unity.ugui@1.0.0/Runtime/UI/Core","PackageCache",""
"12df38250867ae34fad330bc4fd7b882","Assets/_Game/Resources/11111/2.glb","Asset",".glb"
"132f0fed7d3e0364580c338302196428","Assets/_Game/公司战争Mesh/E10.mtl","Asset",".mtl"
"1336690ece4db2740b4ba38873e00dfb","Library/PackageCache/com.unity.ugui@1.0.0/Editor/UI/TextEditor.cs","PackageCache",".cs"
"1344c3c82d62a2a41a3576d8abb8e3ea","Library/PackageCache/com.unity.ugui@1.0.0/Runtime/UI/Core/RawImage.cs","PackageCache",".cs"
"1385bc74f3945c943be16ecbb1381063","Library/PackageCache/com.unity.ugui@1.0.0/Editor/UI/PropertyDrawers/DropdownOptionListDrawer.cs","PackageCache",".cs"
"138dbec4f8742654fbceb0a19d68b9c5","Library/PackageCache/com.unity.ugui@1.0.0/Tests/Runtime/EventSystem/InputModuleTests/FakeBaseInput.cs","PackageCache",".cs"
"13a8bf0a944a2cc418921854106e6907","Assets/Plugins/DOTween/Modules","Asset",""
"13b045e12cd15ab4694c55b50a17d70c","Assets/_Game/Tests/Cases/CW0402_PerformanceAndStability.cs","Asset",".cs"
"13b899cf4f537084c9997eb2c855afcb","Assets/_Game/Scripts/Utils/ConfigValidator.cs","Asset",".cs"
"13bc1068191d12a469aa7ed47f01fd13","Assets/_Game/Scripts/UI/CompanyWarPresentationCatalog.cs","Asset",".cs"
"13cd966480ec3354bb318ee1aeccff6f","Library/PackageCache/com.unity.ugui@1.0.0/Runtime/UI/Core/FontData.cs","PackageCache",".cs"
"13d161b14bb3ab74e8a9634e26fb7a5e","Library/PackageCache/com.unity.ugui@1.0.0/Tests/Runtime/Canvas/CanvasScalerWithChildTextObjectDoesNotCrash.cs","PackageCache",".cs"
"13d604ac281570c4eac9962429f19ca9","Assets/Plugins/UniTask/Runtime/UniTask.WhenAny.Generated.cs","Asset",".cs"
"13e6567fabbed464e87dc439b6264f66","Assets/_Game/Scripts/Logic/Adapters","Asset",""
"13e7e425ba4eddc4a9c44bcf5ed1eaea","Assets/_YFanFramework/Scripts/Utils/TimerUtil.cs","Asset",".cs"
"142f7d4eae11d5b41a02b71169f6b854","Library/PackageCache/com.unity.addressables@1.21.20/Tests/Editor/Build","PackageCache",""
"14427eecd0bccea468addc3492aaef57","Library/PackageCache/com.unity.ugui@1.0.0/Tests/Runtime/Toggle/ToggleTests.cs","PackageCache",".cs"
"14818f4682e2d2743a6c98a4735b98ec","Assets/Plugins/DOTween/Modules/DOTweenModuleEPOOutline.cs","Asset",".cs"
"1493adaf1f830864e8af4a3a43b3a985","Assets/_Game/Art/Materials/Mat_U04.mat","Asset",".mat"
"14eabbd60aeb052409b51db02db54c84","Library/PackageCache/com.unity.addressables@1.21.20/Tests/Editor/DocExampleCode/ScriptReference","PackageCache",""
"14eb328de4b8eb245bb7cea29e4ac00b","Assets/TextMesh Pro/Shaders/TMP_SDF SSD.shader","Asset",".shader"
"14f51d689950f254e914d8d1be00f365","Assets/_Game/Art/Prefabs/Models/MD_E03.prefab","Asset",".prefab"
"151162d7cf38afb499fff9e970102f74","Library/PackageCache/com.unity.addressables@1.21.20/Editor/BuildReportVisualizer/UIToolKitAssets/UXML/DetailsPanelSummaryBundle.uxml","PackageCache",".uxml"
"1511ccae7919cfc46b603b9b337fdc94","Library/PackageCache/com.unity.ugui@1.0.0/Runtime/EventSystem/InputModules/BaseInput.cs","PackageCache",".cs"
"1533d5eea77db26469e0735c82e21648","Assets/_Game/Scripts/Logic/Core/Data","Asset",""
"155a61777399d7f48800d1791751daab","Library/PackageCache/com.unity.scriptablebuildpipeline@1.21.25/Tests/Editor/CalculateAssetDependencyTests.cs","PackageCache",".cs"
"155ec0ea3f9180546937200533d13eac","Assets/_Game/Scenes/《海雾深处的克系威胁》钟爱圣代 (2).mp3","Asset",".mp3"
"1575d1c3656610c40ad50c15e8f5855a","Library/PackageCache/com.unity.addressables@1.21.20/Tests/Editor/Build/DataBuilderInputTests.cs","PackageCache",".cs"
"15bb3752e6a753f41b600e16a200143f","Assets/_Game/Resources/11111/14.fbx","Asset",".fbx"
"15c4c65a2f08147dc8d82b3099685af5","Library/PackageCache/com.unity.addressables@1.21.20/Tests/Editor/TestSubObject.cs","PackageCache",".cs"
"15da9bc824a181d4f9c6155bc025b946","Assets/_Game/Resources/11111/4.fbx","Asset",".fbx"
"15e1104258847be4bb2ea10afd33c7e1","Assets/_Game/Scripts/UI/BattleCardPanel.cs","Asset",".cs"
"15f7962ec30713a4992a23b060cdf71c","Library/PackageCache/com.unity.addressables@1.21.20/Runtime/ResourceManager/ResourceProviders/TextDataProvider.cs","PackageCache",".cs"
"15fb5b85042f19640b973ce651795aca","Assets/Plugins/UniTask/Runtime/PlayerLoopHelper.cs","Asset",".cs"
"1605c3ecde3c79740a38a7d320a3f234","Library/PackageCache/com.unity.addressables@1.21.20/Editor/BuildReportVisualizer/BuildReport Resources/Icons/Button_RightPanel_DarkTheme.png","PackageCache",".png"
"1632da4f26fb1f64daedeb926a46a0ad","Assets/AddressableAssetsData/AssetGroups/Schemas/Built In Data_PlayerDataGroupSchema.asset","Asset",".asset"
"16446927d982c0c49a365b924471b526","Assets/_Game/Art/Prefabs/Enemies/E02.obj","Asset",".obj"
"1670aa4d848868b49a7f53192d5b603a","Assets/_Game/Art/Prefabs/Models/MD_E07.prefab","Asset",".prefab"
"16a5c005300e99942be8316c7ebddef4","Assets/_Game/Art/Materials/U04.mtl","Asset",".mtl"
"16bd488bcc2f95e4881fcd18c312c421","Assets/_Game/Scripts/Prototype3D/CompanyWarPrototype3DSimpleV2.cs","Asset",".cs"
"16c6414b77a90ff4098767dce485c495","Library/PackageCache/com.unity.ugui@1.0.0/Tests/Runtime/InputField/FakeInputModule.cs","PackageCache",".cs"
"170ac2c906650624cbab749adb2cc2ed","Library/PackageCache/com.unity.scriptablebuildpipeline@1.21.25/Tests/Editor/ScriptableBuildPipelineTests.cs","PackageCache",".cs"
"17371403cb6db7b4489e8fcd43b02b56","Library/PackageCache/com.unity.addressables@1.21.20/Tests/Editor/DocExampleCode/PreloadWithProgress.cs","PackageCache",".cs"
"17b34ab7ec0f811408ec679715b1f948","Assets/_Game/Art/Materials/Mat_U01.mat","Asset",".mat"
"17f093324b67f5bd57e55b546736750e","Library/PackageCache/com.unity.modules.particlesystem@1.0.0/package.ModuleCompilationTrigger","PackageCache",".modulecompilationtrigger"
"17f3afdeeb438464081ed4088648c676","Library/PackageCache/com.unity.addressables@1.21.20/Tests/Editor/DocExampleCode/ScriptReference/UsingReleaseInstance.cs","PackageCache",".cs"
"184cbfe1ed6d3c241b7ec9d9b5d2326d","Assets/_Game/Art/Materials/Mat_E06.mat","Asset",".mat"
"18618232bc2b07f4b92bf1186045e791","Assets/AddressableAssetsData","Asset",""
"18775b51e3bd42299fd30bd036ea982f","Library/PackageCache/com.unity.textmeshpro@3.0.6/Editor Resources/Textures/btn_AlignBaseLine_Light.psd","PackageCache",".psd"
"18a4fadfef534684d5af39ca8dc48fe9","Library/PackageCache/com.unity.modules.vr@1.0.0/package.json","PackageCache",".json"
"18ac4e58c7245c643bd60516a03adcd8","Assets/_Game/Configs/Levels/L05.json","Asset",".json"
"18b6fa968446e1d4a9241d201d4366f1","Assets/_Game/Art/Fonts/Default SDF.asset","Asset",".asset"
"18ba5a40298f2f144aa7d896fc2f4420","Library/PackageCache/com.unity.addressables@1.21.20/Editor/BuildReportVisualizer/UIToolKitAssets/UXML/ContentTab.uxml","PackageCache",".uxml"
"18cab212848f1e942a633d195f30e6ec","Assets/_Game/Resources/11111/15.fbx","Asset",".fbx"
"18e9e22b566225d43aca1842c0d91740","Assets/_Game/Resources/BGMs/01_07_BattleBGM.mp3","Asset",".mp3"
"1912c97b524efd244bc0647b18230c7e","Library/PackageCache/com.unity.addressables@1.21.20/Editor/Build/AddressablesDataBuilders.cs","PackageCache",".cs"
"1921e294fee2ce041a4f7f21f1cd6b7b","Assets/_Game/Scripts/Models/GridModel.cs","Asset",".cs"
"198b39e58ced3ab4f97ccbe0916787d5","Assets/Plugins/UniTask/Runtime/Linq/LongCount.cs","Asset",".cs"
"1999349e7f492c947bb6eb70f624382e","Library/PackageCache/com.unity.ugui@1.0.0/Runtime/UI/Core/Layout","PackageCache",""
"19c6f364c1e81cb4f829a057824639ad","Library/PackageCache/com.unity.ugui@1.0.0/Tests/Runtime/EventSystem/InputModuleTests/MouseUpdate.cs","PackageCache",".cs"
"19e437c039ad7e1478dbce1779ef8660","Assets/Plugins/UniTask/Runtime/Linq/DefaultIfEmpty.cs","Asset",".cs"
"19f4e6575150765449cc99f25f06f25f","Assets/Plugins/UniTask/Runtime/TaskPool.cs","Asset",".cs"
"1a0d0e3d3c25d544abf46757d8457591","Assets/_YFanFramework/Scripts/Systems/ActorViewSystem","Asset",""
"1a26e19d51cbfac42a02631ad1f9e39e","Library/PackageCache/com.unity.ugui@1.0.0/Tests/Runtime/Canvas/BridgeScriptForRetainingObjects.cs","PackageCache",".cs"
"1a3c5d64ac83548c09dd1678b9f6f1cd","Library/PackageCache/com.unity.addressables@1.21.20/Editor/Settings/AddressableAssetGroupTemplate.cs","PackageCache",".cs"
"1a4266815e998967becf686f9c71f0a6","Library/PackageCache/com.unity.modules.physics@1.0.0/package.json","PackageCache",".json"
"1a70a790a43cd0d4a96f75746841f764","Library/PackageCache/com.unity.ugui@1.0.0/Tests/Runtime/Image/ImageFilledGenerateWork.cs","PackageCache",".cs"
"1a78160a9be3bdf4d9397ca7b0466850","Library/PackageCache/com.unity.scriptablebuildpipeline@1.21.25/Editor/Interfaces/IBundleExplictObjectLayout.cs","PackageCache",".cs"
"1a93de9886d3e5046be743fac772d5c3","Library/PackageCache/com.unity.addressables@1.21.20/Tests/Editor/DocExampleCode/ScriptReference/UsingClearResourceLocators.cs","PackageCache",".cs"
"1aa08ab6e0800fa44ae55d278d1423e3","Library/PackageCache/com.unity.ugui@1.0.0/Runtime/UI/Core/ScrollRect.cs","PackageCache",".cs"
"1b3796ea87fc5fff384debb43db5f13d","Library/PackageCache/com.unity.modules.imageconversion@1.0.0/.icon.png","PackageCache",".png"
"1b50529888cb4f042b2f830c893efc9c","Library/PackageCache/com.unity.addressables@1.21.20/Editor/Diagnostics/Profiler/AddressablesProfilerViewController.cs","PackageCache",".cs"
"1b61a52d425c4e0f990ee2abd92efb46","Library/PackageCache/com.unity.addressables@1.21.20/Tests/Editor/Diagnostics/EventGraphListViewTests.cs","PackageCache",".cs"
"1b6246f2248883964991eac9e9b4817c","Library/PackageCache/com.unity.modules.umbra@1.0.0/package.ModuleCompilationTrigger","PackageCache",".modulecompilationtrigger"
"1b8d251f9af63b746bf2f7ffe00ebb9b","Assets/TextMesh Pro/Documentation/TextMesh Pro User Guide 2016.pdf","Asset",".pdf"
"1bb687937666623458ca53dd3f525fdc","Assets/_Game/Scripts/Logic/Core/Domain/DeployUnitCommand.cs","Asset",".cs"
"1bcd3928b90472e43a3a92c3ba708967","Assets/Plugins/UniTask/Runtime/Linq/Single.cs","Asset",".cs"
"1c147d10db452eb4b854a35f84472017","Library/PackageCache/com.unity.textmeshpro@3.0.6/Scripts/Runtime/AssemblyInfo.cs","PackageCache",".cs"
"1c250a53221434148be3ac31d903d8c2","Library/PackageCache/com.unity.addressables@1.21.20/Tests/Runtime/ObjectReferenceMonoBehaviour.cs","PackageCache",".cs"
"1c2a5303f46dbdc449288a5ca3566942","Library/PackageCache/com.unity.addressables@1.21.20/Runtime/Utility","PackageCache",""
"1c2d1f26ef3845fab1313226df7724c3","Library/PackageCache/com.unity.addressables@1.21.20/Tests/Runtime/TextDataProviderTests.cs","PackageCache",".cs"
"1c5c8da5461952541abda5b23165823f","Library/PackageCache/com.unity.addressables@1.21.20/Tests/Editor/OptionalPackages/Ccd/CcdManagementServiceSdkMock.cs","PackageCache",".cs"
"1c9bc2bb27e050d47aa4770a81642c8e","Library/PackageCache/com.unity.scriptablebuildpipeline@1.21.25/Tests/Editor/BundleDependencyTests.cs","PackageCache",".cs"
"1ca1e1e405efb114fa23798a8d0c4c56","Library/PackageCache/com.unity.addressables@1.21.20/Editor/BuildReportVisualizer/BuildReport Resources/Icons/PlatformLuminIcon.png","PackageCache",".png"
"1cdcbf100409f3d4aa907f8b5caf6b72","Library/PackageCache/com.unity.addressables@1.21.20/Tests/Editor/DocExampleCode/LoadLocation.cs","PackageCache",".cs"
"1cdf8f53daef00c49a666d8e7c5a9076","Assets/_Game/Scripts/Logic/Core/Domain/GainResourceCommand.cs","Asset",".cs"
"1d3986cff5422af42ba543fd066abeb2","Assets/_Game/Art/Prefabs/Enemies/PF_E10.prefab","Asset",".prefab"
"1d3a741350556a14b8ce58a47ac0b753","Assets/_Game/Art/Prefabs/Units/U02.obj","Asset",".obj"
"1d59cd44ecfa9df4fadbd3f0f8a5ff35","Assets/_Game/Art/Materials/Mat_U20.mat","Asset",".mat"
"1d660cd53240140bd9d3975354f1fae0","Library/PackageCache/com.unity.addressables@1.21.20/Editor/Build/Layout/BuildLayoutEnums.cs","PackageCache",".cs"
"1d77c469320df374f98081de5d7673be","Library/PackageCache/com.unity.addressables@1.21.20/Editor/BuildReportVisualizer/BuildReport Resources/Icons/Button_LeftPanel_LightTheme.png","PackageCache",".png"
"1dc2a6d97fdb65847b29d2bdba12d31d","Assets/_Game/Scripts/Logic/Core/Domain/AuthorizationEngine.cs","Asset",".cs"
"1ddd431f5a392b94898ec7ec8ff928a8","Assets/_Game/公司战争Mesh/U12.obj","Asset",".obj"
"1e2ff1980cce8ef4e88f793c1db900f4","Library/PackageCache/com.unity.addressables@1.21.20/Tests/Editor/DocExampleCode/LoadWithLabels.cs","PackageCache",".cs"
"1e3b057af24249748ff873be7fafee47","Assets/TextMesh Pro/Shaders/TMP_Bitmap-Mobile.shader","Asset",".shader"
"1e4977045f8c3644f84556b26f92f277","Assets/StreamingAssets/CompanyWar/Configs/AuthorizationStages.json","Asset",".json"
"1e5d24b68e180f14bb0e8fb153332817","Library/PackageCache/com.unity.addressables@1.21.20/Tests/Editor","PackageCache",""
"1e6053f8fe15edc40965c55cac4e2bca","Library/PackageCache/com.unity.scriptablebuildpipeline@1.21.25/Documentation~/Terminology.md","PackageCache",".md"
"1ea10891dd782154ca0fb67bce9e6f72","Library/PackageCache/com.unity.ugui@1.0.0/Runtime/EventSystem/InputModules/BaseInputModule.cs","PackageCache",".cs"
"1ec39f1c41c305344854782c935ad354","Assets/Plugins/UniTask/Runtime/Linq/UnityExtensions/EveryValueChanged.cs","Asset",".cs"
"1ef2923b9c5521948a04299da53ae750","Library/PackageCache/com.unity.ugui@1.0.0/Tests/Runtime/Button/ButtonTests.cs","PackageCache",".cs"
"1f0e09841d3888f46a1a3f84af21a639","Library/PackageCache/com.unity.scriptablebuildpipeline@1.21.25/Editor/Tasks/PostPackingCallback.cs","PackageCache",".cs"
"1f1085ead6f614f4c90d2205e9b00e82","Assets/_Game/Art/Materials/Mat_U11.mat","Asset",".mat"
"1f194c531aa4a3948be20216c1f3364f","Assets/_YFanFramework/Scripts/Systems/AuthorizationSystem/IAuthorizationSystem.cs","Asset",".cs"
"1f20b5e3a47002146948bab6fb373744","Assets/StreamingAssets/CompanyWar/Configs/Levels/L09.json","Asset",".json"
"1f2eff97e91ec624b8d35cecfb1ccf38","Library/PackageCache/com.unity.addressables@1.21.20/Tests/Editor/Build/BuildScriptPackedTests.cs","PackageCache",".cs"
"1f32b00e1c3f4c87a5089161e70cb022","Assets/_Game/Scripts/Prototype3D/CompanyWarScenePropRegistry.cs","Asset",".cs"
"1f411b8503c5f87478e39669365ca766","Assets/_Game/Scripts/UI/UnitCardBarController.cs","Asset",".cs"
"1f448d5bc5b232e4f98d89d5d1832e8e","Assets/Plugins/UniTask/Runtime/External/DOTween/DOTweenAsyncExtensions.cs","Asset",".cs"
"1f4fc2bb3e639c24b9353bfb366b7f9e","Assets/_Game/公司战争Mesh/U10 (1).obj","Asset",".obj"
"1f71aeacc4a9f1a40b22a1a590331f6b","Library/PackageCache/com.unity.ugui@1.0.0/Tests/Editor/Dropdown","PackageCache",""
"1f7a9e80d87281849a89ecd9998169d3","Assets/AddressableAssetsData/WebGL","Asset",""
"1f836c75c79948a6855d05ee2da6df1e","Library/PackageCache/com.unity.addressables@1.21.20/Documentation~/images/HowToOpenBuildReport.png","PackageCache",".png"
"1f992d9977143f84fb2b093383f76dbc","Assets/_Game/Art/Materials/Mat_U15.mat","Asset",".mat"
"1fc80d9a5f036af42b534e3a925984a2","Assets/_Game/Art/Prefabs/Models/MD_E02.prefab","Asset",".prefab"
"1fd8a0466f984a08874b05c3243189f6","Library/PackageCache/com.unity.addressables@1.21.20/Tests/Runtime/ResourceManager/OperationsCacheTests.cs","PackageCache",".cs"
"1ffc5828a7d5c7f4faea1c439961565f","Assets/_Game/Scripts/Prototype3D/CompanyWarGridCell3D.cs","Asset",".cs"
"202d758d102b6854a9710c8b93db742c","Library/PackageCache/com.unity.textmeshpro@3.0.6/Scripts/Runtime/TMP_SpriteCharacter.cs","PackageCache",".cs"
"2030ed9ba38c2be4bbbc6a3499d8a4d7","Library/PackageCache/com.unity.scriptablebuildpipeline@1.21.25/Tests/Editor/LinkXMLGeneratorTests.cs","PackageCache",".cs"
"20a9b557a46149dfbfa04a3a7080f5aa","Library/PackageCache/com.unity.textmeshpro@3.0.6/Scripts/Runtime/TMP_TextProcessingStack.cs","PackageCache",".cs"
"20b2c8fc10aee984c9b37a3cd0cc2d8f","Assets/_YFanFramework/Scripts/Systems/InputSystem/InputDefines.cs","Asset",".cs"
"20ff4283f687e044087714f82c4d6d3f","Library/PackageCache/com.unity.ugui@1.0.0/Runtime/UI/Core/MaterialModifiers/IMaterialModifier.cs","PackageCache",".cs"
"21364f754cf9b9b47a60742332d4af56","Library/PackageCache/com.unity.textmeshpro@3.0.6/Scripts/Runtime/TMP_Compatibility.cs","PackageCache",".cs"
"213cbfa5464d56d468883a57132a0582","Library/PackageCache/com.unity.addressables@1.21.20/Editor/Diagnostics/GUI/Graph/IGraphLayer.cs","PackageCache",".cs"
"2147c28186a7299469433e782704d536","Assets/_Game/Art/Materials/Mat_U12.mat","Asset",".mat"
"21c0044a7f964773be90d197a78e4703","Library/PackageCache/com.unity.textmeshpro@3.0.6/Scripts/Editor/TMP_EditorPanelUI.cs","PackageCache",".cs"
"21cf4eedfa860454780b294151efab40","Assets/_Game/公司战争Mesh/E07.obj","Asset",".obj"
"21d2d5d6901f2ca43a8015c60ada4e2c","Library/PackageCache/com.unity.ugui@1.0.0/Editor/UI/InputFieldEditor.cs","PackageCache",".cs"
"21db9986258ea2e4793f292e40f9dd2d","Assets/_Game/公司战争Mesh/U09 (1).obj","Asset",".obj"
"21dd1882a3bff6d45ae5baf5e182bd25","Assets/_Game/Editor/VisualMappingEditorWindow.cs","Asset",".cs"
"21df0a1c085254641905e0eb1dca9806","Library/PackageCache/com.unity.addressables@1.21.20/Editor/BuildReportVisualizer/BuildReport Resources/Icons/PlatformStadiaIcon@2x.png","PackageCache",".png"
"220375fa25a9cf14fb1e42b80fb416a4","Assets/AddressableAssetsData/DefaultObject.asset","Asset",".asset"
"220800c5c9ec38e4a9c2cf2b45d03608","Assets/_Game/Scripts/UI/LoadingScreenController.cs","Asset",".cs"
"220e9325710f4235a43492dd1ee4980d","Library/PackageCache/com.unity.textmeshpro@3.0.6/package.json","PackageCache",".json"
"222fc39b0c85d800342910da2cd64781","Library/PackageCache/com.unity.modules.assetbundle@1.0.0/package.ModuleCompilationTrigger","PackageCache",".modulecompilationtrigger"
"22464cf7ab0243a6bf9c79851183b002","Library/PackageCache/com.unity.textmeshpro@3.0.6/CHANGELOG.md","PackageCache",".md"
"225da2e71801378408ef9f717020c323","Library/PackageCache/com.unity.scriptablebuildpipeline@1.21.25/Editor/Tasks/PostDependencyCallback.cs","PackageCache",".cs"
"22d85d07f1e70ab42a7a4c25bd65e661","Assets/Plugins/UniTask/Runtime/CancellationTokenSourceExtensions.cs","Asset",".cs"
"22e49408c617c404480396d74c837024","Library/PackageCache/com.unity.addressables@1.21.20/Runtime/ResourceManager/ResourceProviders/JSONAssetProvider.cs","PackageCache",".cs"
"2300e75732d74890b38a8ff257a3ae15","Library/PackageCache/com.unity.textmeshpro@3.0.6/Scripts/Editor/TMP_EditorUtility.cs","PackageCache",".cs"
"23032f4383e95e772bce465c5896d0fd","Library/PackageCache/com.unity.modules.terrain@1.0.0/package.ModuleCompilationTrigger","PackageCache",".modulecompilationtrigger"
"23146a82ec99f2542a87971c8d3d7988","Assets/Plugins/UniTask/Runtime/Internal/ArrayUtil.cs","Asset",".cs"
"232697c075e7a374e881d423dd384c35","Library/PackageCache/com.unity.addressables@1.21.20/Samples~/CustomBuildAndPlaymodeScripts","PackageCache",""
"23523559295aa9e479993322ed51f4b7","Library/PackageCache/com.unity.addressables@1.21.20/Editor/BuildReportVisualizer/Utility","PackageCache",""
"2359c66dee10c454c97f6aea84e3fe22","Library/PackageCache/com.unity.ugui@1.0.0/Runtime/EventSystem/EventInterfaces.cs","PackageCache",".cs"
"236de9af2145e5b4592c70791efeda84","Assets/_Game/Art/Prefabs/Buildings/PF_U21.prefab","Asset",".prefab"
"238dc259a6e2a034a9a94e1a26ebb37b","Library/PackageCache/com.unity.addressables@1.21.20/Editor/BuildReportVisualizer/ContentView/GroupsContentView.cs","PackageCache",".cs"
"238df2e3e1dbea14585e14ba0a71e536","Assets/StreamingAssets/CompanyWar/Configs/Levels/L17.json","Asset",".json"
"238f29122c41a364eb7b3e4f655bbdbd","Assets/_Game/Art/Prefabs/Enemies/E01.obj","Asset",".obj"
"239dd6edc8e5cd14585c03e09e86a747","Library/PackageCache/com.unity.ugui@1.0.0/Tests/Runtime/Button","PackageCache",""
"23a562f2cac6401f9f91251c68a1a794","Library/PackageCache/com.unity.textmeshpro@3.0.6/Scripts/Editor/TMP_StyleAssetMenu.cs","PackageCache",".cs"
"23d67128e4f3e1c4596ad42947fa7a12","Assets/_Game/Resources/VisualMapping.asset","Asset",".asset"
"23fb5639a8d2a3147bf5c664c20868cc","Assets/_Game/Resources/UI/Avatar.png","Asset",".png"
"2406ad24700d76e4da5005529a6bafce","Library/PackageCache/com.unity.scriptablebuildpipeline@1.21.25/Tests/Editor/BuildContextTests.cs","PackageCache",".cs"
"240d85f3e514d2949a7aa8c95b24ef2f","Library/PackageCache/com.unity.addressables@1.21.20/Editor/GUI/GUIElements/DocumentationButton.cs","PackageCache",".cs"
"241e47f91349103469f1883d85c335c1","Assets/_Game/公司战争Mesh/U02.obj","Asset",".obj"
"242d63556dd92c346a8d3a24fa55d25b","Library/PackageCache/com.unity.scriptablebuildpipeline@1.21.25/Editor/WriteTypes/SceneBundleWriteOperation.cs","PackageCache",".cs"
"24333a116497b144f9782b1160984b57","Library/PackageCache/com.unity.ugui@1.0.0/Tests/Editor/UI/PropertyDrawers","PackageCache",""
"243e06394e614e5d99fab26083b707fa","Assets/TextMesh Pro/Resources","Asset",""
"247ebbd6584a4ed40b134e8eba1264b2","Assets/_Game/Resources/u28.fbx","Asset",".fbx"
"24b6772d19a49644d83d46bf542f9365","Assets/_Game/Tests/Cases/CW_UNIT_0201_Commands.cs","Asset",".cs"
"24de8307d973e7541803ec7b592a5361","Library/PackageCache/com.unity.scriptablebuildpipeline@1.21.25/Editor/Profiler","PackageCache",""
"25044ebf09b894f54b934a703a5114a1","Library/PackageCache/com.unity.addressables@1.21.20/Tests/Editor/ProfileDataSourceSettingsTests.cs","PackageCache",".cs"
"254069fb351a0914c94c4751c2ee9851","Library/PackageCache/com.unity.scriptablebuildpipeline@1.21.25/Tests/Editor/PrefabPackedStressTest.cs","PackageCache",".cs"
"2541c70242aefc448851603446fd4982","Library/PackageCache/com.unity.scriptablebuildpipeline@1.21.25/Documentation~/GettingStarted.md","PackageCache",".md"
"255df104f26ec08439fcee2d0df9ae0b","Library/PackageCache/com.unity.addressables@1.21.20/Tests/Editor/DocExampleCode/ScriptReference/UsingCleanBundleCache.cs","PackageCache",".cs"
"25714517fd8c0f048b3a5d95c94233a7","Library/PackageCache/com.unity.addressables@1.21.20/Editor/Diagnostics/Data/EventDataSample.cs","PackageCache",".cs"
"25b01819c6e1649428db2a9b274cf364","Library/PackageCache/com.unity.ugui@1.0.0/Runtime/UI/Core/SpriteState.cs","PackageCache",".cs"
"25cebf529e493fb4ebbedd04c000cf1f","Assets/_Game/Art/Prefabs/Units/U01.obj","Asset",".obj"
"25cef95ed1a3d0a47bb7058b90931cd0","Library/PackageCache/com.unity.addressables@1.21.20/Runtime/ResourceManager/Util/BinaryStorageBuffer.cs","PackageCache",".cs"
"260b531edc40677429c0198d6961e448","Library/PackageCache/com.unity.ugui@1.0.0/Editor/UI/SpriteDrawUtility.cs","PackageCache",".cs"
"262fa25274bf65d4ea7c7f6a66719bba","Assets/_YFanFramework/Scripts/Utils","Asset",""
"263479eb04c189741931fc0e2f615c2d","Assets/Plugins/UniTask/Runtime/Linq/Subscribe.cs","Asset",".cs"
"263aa93ee5f983b4283c7875c4ffac5d","Library/PackageCache/com.unity.scriptablebuildpipeline@1.21.25/Documentation~/CacheServerClient.md","PackageCache",".md"
"264c12050013dab43af7408b8c3f700d","Assets/_Game/Art/Models/Units/服务器终端.fbx","Asset",".fbx"
"26570be2af04195458e6f1ac1f5c48e0","Library/PackageCache/com.unity.ugui@1.0.0/Runtime/EventSystem/RaycasterManager.cs","PackageCache",".cs"
"266785459f1a968469d8d75029c09c7a","Library/PackageCache/com.unity.scriptablebuildpipeline@1.21.25/Documentation~/UpgradeGuide.md","PackageCache",".md"
"26a4f29db434fd79025c91f6126382cc","Library/PackageCache/com.unity.modules.unityanalytics@1.0.0/package.json","PackageCache",".json"
"26d46fb4de7c9fd40b94f75aaf6bff0f","Library/PackageCache/com.unity.scriptablebuildpipeline@1.21.25/Editor/Utilities/PlayerSettingsApi.cs","PackageCache",".cs"
"2705215ac5b84b70bacc50632be6e391","Library/PackageCache/com.unity.textmeshpro@3.0.6/Scripts/Runtime/TMP_Settings.cs","PackageCache",".cs"
"2725ffbeffba5ae4fa95c104293c60bf","Library/PackageCache/com.unity.addressables@1.21.20/Editor/GUI/GUIElements/StyleSheets/Ribbon_light.uss","PackageCache",".uss"
"27a0335dab59ec542aadd6636a5b4ebd","Library/PackageCache/com.unity.textmeshpro@3.0.6/Scripts/Editor/TMP_EditorCoroutine.cs","PackageCache",".cs"
"27d86da6997118d4aaf9619aa89c3378","Assets/_Game/Resources/11111/8.fbx","Asset",".fbx"
"27df3b12f30d0b74a9b10a3968c402ff","Library/PackageCache/com.unity.textmeshpro@3.0.6/Scripts/Runtime/TMP_FontFeaturesCommon.cs","PackageCache",".cs"
"27ed3e221887b3544bd9d6505d4a789f","Library/PackageCache/com.unity.ugui@1.0.0/Runtime/UI/Core/Culling","PackageCache",""
"281debb1a33de4243a3117c46aa2adbc","Assets/_Game/公司战争Mesh/U22.mtl","Asset",".mtl"
"28375447bcea455c9b51a6650b10c9d7","Library/PackageCache/com.unity.textmeshpro@3.0.6/Scripts/Runtime/TMP_ListPool.cs","PackageCache",".cs"
"287f8ffc507a98f48b2b0542a0ec74a3","Assets/_Game/Editor/LevelSelectUIBuilderWindow.cs","Asset",".cs"
"288dd00735888d6419c1d6312c8a1d51","Library/PackageCache/com.unity.scriptablebuildpipeline@1.21.25/Tests/Editor/ContextInjectionTests.cs","PackageCache",".cs"
"28a940f3bb234e34baec3af2b61b8d67","Library/PackageCache/com.unity.addressables@1.21.20/Editor/BuildReportVisualizer/DetailsPanel/DetailsSummaryView.cs","PackageCache",".cs"
"28e27e70c0f8cee45a62f86887957a0f","Library/PackageCache/com.unity.addressables@1.21.20/Tests/Editor/Build/GenerateLocationListsTaskTests.cs","PackageCache",".cs"
"28fb0900b6e316143988322b6f94201a","Library/PackageCache/com.unity.addressables@1.21.20/Editor/GUI/AssetPublishEditor.cs","PackageCache",".cs"
"290d574d41075334f8592bc76741b01d","Assets/_Game/Resources/u31fbx.fbx","Asset",".fbx"
"290e077e0729742428a81a8ebc2598ab","Assets/_Game/Scripts/UI/Menu.prefab","Asset",".prefab"
"291a1c30b54e54b4f97531b463061cb0","Assets/_YFanFramework/Scripts/Core/Abstract/AbstractController.cs","Asset",".cs"
"29402082393e3a1439cfaa6cc77aa31b","Library/PackageCache/com.unity.scriptablebuildpipeline@1.21.25/Editor/Injector/ContextInjector.cs","PackageCache",".cs"
"29b5496dee418c049a3b75157a60e934","Assets/_Game/Scenes/Battle.unity","Asset",".unity"
"2a1c92f384e631d4c95ab63b4d466677","Library/PackageCache/com.unity.addressables@1.21.20/Editor/Icons/white_help@2x.png","PackageCache",".png"
"2a1ffb20ce05d01448f3af9846315d45","Assets/_Game/Scripts/Queries/GetMapOwnershipQuery.cs","Asset",".cs"
"2a211b8496f76c446ba016f7796d34e2","Assets/_YFanFramework/Scripts/Systems/GuideSystem/GuideDefines.cs","Asset",".cs"
"2a28c2fab6b1bb745a844ef6b908e7ee","Library/PackageCache/com.unity.ugui@1.0.0/Tests/Runtime/InputField","PackageCache",""
"2a4db7a114972834c8e4117be1d82ba3","Library/PackageCache/com.unity.ugui@1.0.0/Runtime/UI/Core/Scrollbar.cs","PackageCache",".cs"
"2a90fe91badaa384d9ca33b949f6881e","Library/PackageCache/com.unity.addressables@1.21.20/Editor/BuildReportVisualizer/UIToolKitAssets/UXML/TreeViewNavigableItem.uxml","PackageCache",".uxml"
"2adec19fac7df68adf1fd6eb83197bb1","Library/PackageCache/com.unity.modules.wind@1.0.0/package.ModuleCompilationTrigger","PackageCache",".modulecompilationtrigger"
"2aff4fada0516c64a8537a20bfe1b699","Library/PackageCache/com.unity.ugui@1.0.0/Tests/Editor/EventSystem/InterceptedEventsPreviewTests.cs","PackageCache",".cs"
"2b07dd9eefca94afa80d5b479a12f8cf","Library/PackageCache/com.unity.scriptablebuildpipeline@1.21.25/Editor/Utilities/ContentFileIdentifiers.cs","PackageCache",".cs"
"2b2e14ba7b808458585452ae88c62b95","Library/PackageCache/com.unity.addressables@1.21.20/Editor/GUI/AddressableAssetGroupTemplateInspector.cs","PackageCache",".cs"
"2b783d170d8ed6b468a9500bbe040087","Library/PackageCache/com.unity.scriptablebuildpipeline@1.21.25/Editor/Shared/BuildWriteData.cs","PackageCache",".cs"
"2b94c9fe98707191991556deb4c75e32","Library/PackageCache/com.unity.modules.imgui@1.0.0/.icon.png","PackageCache",".png"
"2ba506934dc2ce14591a37f3b00dca92","Library/PackageCache/com.unity.ugui@1.0.0/Tests/Runtime/Canvas/RectMask2DReparentedToDifferentCanvas.cs","PackageCache",".cs"
"2bafac87e7f4b9b418d9448d219b01ab","Library/PackageCache/com.unity.ugui@1.0.0/Runtime/UnityEngine.UI.asmdef","PackageCache",".asmdef"
"2bc8a181dfd9de24388de89bb8db7713","Library/PackageCache/com.unity.ugui@1.0.0/Tests/Runtime/MaskClipping","PackageCache",""
"2c0c2bcee832c6641b25949c412f020f","Assets/Plugins/UniTask/Runtime/Triggers/AsyncTriggerBase.cs","Asset",".cs"
"2c38782eb8fd84ba1b42d3abaf4717a8","Library/PackageCache/com.unity.addressables@1.21.20/Runtime/ResourceManager/ResourceLocations","PackageCache",""
"2c42a8e1e1d1b874e95761dab5bdfbc8","Library/PackageCache/com.unity.scriptablebuildpipeline@1.21.25/Editor/Tasks/BuildPlayerScripts.cs","PackageCache",".cs"
"2c53f1cace3a81a4bbe8280d05abda4e","Library/PackageCache/com.unity.addressables@1.21.20/Tests/Editor/CustomTestSchemaSubClass.cs","PackageCache",".cs"
"2c552bea9c970434da02094daccbfb45","Assets/_Game/Tests/Cases/CW_Core_07_SpawnPointColumnLossTests.cs","Asset",".cs"
"2c814623cb42764d304be0c5ddd03ceb","Library/PackageCache/com.unity.modules.xr@1.0.0/package.json","PackageCache",".json"
"2c92bf0461d2e6a46b00f8ec23498c14","Assets/_Game/Scenes/《管风琴的午夜邪影之战》钟爱圣代.mp3","Asset",".mp3"
"2caf4b90ea25a724b8db4ffb88123a60","Library/PackageCache/com.unity.addressables@1.21.20/Editor/GUI/AssetLabelReferenceDrawer.cs","PackageCache",".cs"
"2ce4bbcc4722440890a03312706037fe","Library/PackageCache/com.unity.textmeshpro@3.0.6/Tests","PackageCache",""
"2cf195c98af5ca345810d40e87768163","Assets/AddressableAssetsData/AssetGroups/Schemas/Default Local Group_BundledAssetGroupSchema.asset","Asset",".asset"
"2d3f506a87c99fb4989aeb1c1efb4fc3","Assets/AddressableAssetsData/ProfileDataSourceSettings.asset","Asset",".asset"
"2d49b7c1bcd2e07499844da127be038d","Library/PackageCache/com.unity.ugui@1.0.0/Runtime/EventSystem/InputModules/TouchInputModule.cs","PackageCache",".cs"
"2d597abbd594bb545be7bc273326f95c","Library/PackageCache/com.unity.addressables@1.21.20/Runtime/ResourceManager/Util/OperationCacheKeys.cs","PackageCache",".cs"
"2d6da02d9ab970e4999daf7147d98e36","Assets/Plugins/UniTask/Runtime/Linq/MinMax.cs","Asset",".cs"
"2d83df26ce5f3394598c81d1ab7ee99e","Assets/_Game/Tests/Cases/CW_Core_01_ResourceProductionTests.cs","Asset",".cs"
"2d9b6ff056b6f484ba6500aa8e06bcf3","Library/PackageCache/com.unity.ugui@1.0.0/Tests/Runtime/LayoutGroup","PackageCache",""
"2da0c512f12947e489f739169773d7ca","Library/PackageCache/com.unity.textmeshpro@3.0.6/Scripts/Runtime/TMP_InputField.cs","PackageCache",".cs"
"2da27f5fe80a3a549ac7331d9f52f5f0","Library/PackageCache/com.unity.textmeshpro@3.0.6/Editor Resources/Shaders","PackageCache",""
"2dd2619d56bf0674e930cbfd1f598197","Library/PackageCache/com.unity.addressables@1.21.20/Runtime/Initialization/AddressablesRuntimeProperties.cs","PackageCache",".cs"
"2ddb9c7e83a272341992e289cb625a29","Library/PackageCache/com.unity.textmeshpro@3.0.6/Tests/Editor","PackageCache",""
"2def6418fee239340805d2473950578b","Assets/_Game/Resources/11111/5.fbx","Asset",".fbx"
"2df9ac6a7a23fae4291c4897bc63e732","Library/PackageCache/com.unity.addressables@1.21.20/Editor/Diagnostics/Profiler/UXML/MissingReport.cs","PackageCache",".cs"
"2e498d1c8094910479dc3e1b768306a4","Assets/TextMesh Pro/Resources/Fonts & Materials/LiberationSans SDF - Fallback.asset","Asset",".asset"
"2e63e5dd2cdcb394984e15b78da0a927","Library/PackageCache/com.unity.addressables@1.21.20/Editor/Build/BuildPipelineTasks","PackageCache",""
"2e877031ea62d464aa7ab620ffe1a5ba","Library/PackageCache/com.unity.addressables@1.21.20/Editor/GUI/GUIElements/StyleSheets/Ribbon_dark.uss","PackageCache",".uss"
"2e94e1c7d8bd4b842a1d59b7eefc8a34","Library/PackageCache/com.unity.addressables@1.21.20/Tests/Editor/DocExampleCode/ScriptReference/UsingClearDependencyCacheAsync.cs","PackageCache",".cs"
"2edd588bb09eb0a4695d039d6a1f02b2","Assets/Plugins/UniTask/Runtime/UnityAsyncExtensions.MonoBehaviour.cs","Asset",".cs"
"2f55a4f68b45664438d9997a5d413d4f","Assets/_Game/Scenes/companywar.shader","Asset",".shader"
"2f6c3fe4244bf1b4eb6ff845821aa417","Library/PackageCache/com.unity.addressables@1.21.20/Editor/GUI/CacheInitializationDataDrawer.cs","PackageCache",".cs"
"2f75809f4eb450f44b5cb899e2f96385","Assets/_Game/Art/Prefabs/Models/companywar.shader","Asset",".shader"
"2fa9998af31eaba4d86afdc900c345ec","Library/PackageCache/com.unity.addressables@1.21.20/Editor/Settings/AddressableAssetGroupSchemaSet.cs","PackageCache",".cs"
"2fafe2cfe61f6974895a912c3755e8f1","Library/PackageCache/com.unity.ugui@1.0.0/Runtime/UI/Core/ToggleGroup.cs","PackageCache",".cs"
"2fb47cf44ffdf4da8a7725b796217e67","Library/PackageCache/com.unity.scriptablebuildpipeline@1.21.25/Editor/Tasks/ClusterBuildLayout.cs","PackageCache",".cs"
"2fcd9c706de75bc44b93b03eca54afca","Assets/_Game/公司战争Mesh/U09 (1).mtl","Asset",".mtl"
"2fd6421f253b4ef1a19526541f9ffc0c","Library/PackageCache/com.unity.textmeshpro@3.0.6/Editor Resources/Gizmos/TMP - Text Component Icon.psd","PackageCache",".psd"
"3019838e80f586c4c973df6a2e6d1383","Assets/_Game/公司战争Mesh/E02.mtl","Asset",".mtl"
"305ca32be1aa5504aa182f583895dfe4","Library/PackageCache/com.unity.ugui@1.0.0/Tests/Editor/RectMask2D","PackageCache",""
"30649d3a9faa99c48a7b1166b86bf2a0","Library/PackageCache/com.unity.ugui@1.0.0/Runtime/UI/Core/Layout/HorizontalLayoutGroup.cs","PackageCache",".cs"
"3069a00b8c364df395994d7d379e0a99","Library/PackageCache/com.unity.textmeshpro@3.0.6/Scripts/Runtime/TMPro_UGUI_Private.cs","PackageCache",".cs"
"306cc8c2b49d7114eaa3623786fc2126","Library/PackageCache/com.unity.ugui@1.0.0/Runtime/UI/Core/Layout/LayoutElement.cs","PackageCache",".cs"
"30746652c91947448b71c4d41058b59e","Assets/_Game/Editor/VisualMappingContextMenu.cs","Asset",".cs"
"3080ab2bff36a5341bd5f3b0188cdf97","Assets/_Game/Scripts/Logic/Core/Domain/AcceptQualificationCommand.cs","Asset",".cs"
"30979a768fbd4b94f8694eee8a305c99","Assets/Plugins/UniTask/Runtime/UnityAsyncExtensions.Jobs.cs","Asset",".cs"
"309b0604924786544a3786ec4073c5a1","Library/PackageCache/com.unity.ugui@1.0.0/Tests/Runtime/Layout/ContentSizeFitterTests.cs","PackageCache",".cs"
"30a939dce2fd4073955f2f20e659d506","Library/PackageCache/com.unity.textmeshpro@3.0.6/Scripts/Editor/TMP_UIStyleManager.cs","PackageCache",".cs"
"30b312a167534621b316172253b08723","Library/PackageCache/com.unity.modules.subsystems@1.0.0/package.json","PackageCache",".json"
"30bed781e402439ab8ce4e3357708115","Library/PackageCache/com.unity.textmeshpro@3.0.6/Scripts/Runtime/TMP_Style.cs","PackageCache",".cs"
"30c0b4f2538b84541b866788961d4237","Library/PackageCache/com.unity.addressables@1.21.20/Samples~/CustomAnalyzeRules","PackageCache",""
"30c5b598045026243819d31aa1e46820","Assets/_Game/Scripts/Logic/Core/Abstraction","Asset",""
"30d4862aba3fd4d4da9bec946a2af813","Library/PackageCache/com.unity.addressables@1.21.20/Editor/Diagnostics/Profiler/UXML/HelpDisplay.uxml","PackageCache",".uxml"
"31241cab989c7d544ae04e045cd1fbb3","Assets/_Game/Scenes/Battle3D.unity","Asset",".unity"
"31573b1c8c53e934d96443db43133b73","Assets/_Game/Art/Prefabs/Enemies","Asset",""
"315a1214d8c5f4b4a8a6ae9f8c2a7db1","Assets/Plugins/DOTween/Editor/DOTweenEditor.XML","Asset",".xml"
"316128b8d702fde43b18c1d45a8bd32b","Assets/_Game/Scripts/Logic/Core/Domain/DestroyBuildingCommand.cs","Asset",".cs"
"319b8889f363f5947acf209c17a94149","Library/PackageCache/com.unity.ugui@1.0.0/package.json","PackageCache",".json"
"31a19414c41e5ae4aae2af33fee712f6","Library/PackageCache/com.unity.ugui@1.0.0/Runtime/UI/Core/Mask.cs","PackageCache",".cs"
"31aaa31a24f444640bde087a4bd59d51","Library/PackageCache/com.unity.scriptablebuildpipeline@1.21.25/Runtime/CompatibilityAssetBundleManifest.cs","PackageCache",".cs"
"31f0cd38a2619ed4cbd8783addf6b457","Assets/_Game/Art/Prefabs/Models/MD_U10.prefab","Asset",".prefab"
"322392995be44d23a3c86cfd972f838f","Library/PackageCache/com.unity.textmeshpro@3.0.6/Scripts/Runtime/TMP_DefaultControls.cs","PackageCache",".cs"
"322ae10a4b62a437c901e1f23093ac3a","Library/PackageCache/com.unity.addressables@1.21.20/Tests/Editor/HostingServices/AbstractTestHostingService.cs","PackageCache",".cs"
"3245ec927659c4140ac4f8d17403cc18","Library/PackageCache/com.unity.ugui@1.0.0/Runtime/UI/Core/Layout/ContentSizeFitter.cs","PackageCache",".cs"
"3268ec424b8055f45aa2a26d17c80468","Assets/Plugins/UniTask/Runtime/Linq/AppendPrepend.cs","Asset",".cs"
"3275c47c6e434362a78bf0ec660eebd0","Library/PackageCache/com.unity.addressables@1.21.20/Tests/Editor/Diagnostics/EventDataSetStreamTests.cs","PackageCache",".cs"
"327933a391986b441b4355cdd9257400","Library/PackageCache/com.unity.addressables@1.21.20/Editor/Build/AnalyzeRules/CheckBundleDupeDependencies.cs","PackageCache",".cs"
"32a4a0ea998dd6149937d2774781c436","Library/PackageCache/com.unity.ugui@1.0.0/Tests/Runtime/ScrollBar/ScrollBarClamp.cs","PackageCache",".cs"
"32cd64c0a0ac3c444a3e1f7e0fa6544b","Assets/_YFanFramework/Scripts/Systems/ResourceSystem/IResourceSystem.cs","Asset",".cs"
"32d40088a6124c578ad6b428df586e2e","Library/PackageCache/com.unity.textmeshpro@3.0.6/Scripts/Runtime/TextContainer.cs","PackageCache",".cs"
"32e2186f4598cff489784aae586f2215","Library/PackageCache/com.unity.ugui@1.0.0/Runtime/Properties","PackageCache",""
"32e54ebfc1aeee146849c3fcaba75c46","Library/PackageCache/com.unity.addressables@1.21.20/Editor/Diagnostics/Data","PackageCache",""
"33008a216af83e247bc2cd38a1c9da97","Assets/_Game/Scripts/UI/MainMenuUIHierarchyBuilder.cs","Asset",".cs"
"3312d7739989d2b4e91e6319e9a96d76","Library/PackageCache/com.unity.ugui@1.0.0/Runtime/UI/Core/RectMask2D.cs","PackageCache",".cs"
"332beb290a0cc784684e6c5e5e8cb220","Assets/_Game/Art/Prefabs/Units/PF_U19.prefab","Asset",".prefab"
"3331e5d5506b4b59975f5b7aee249b67","Library/PackageCache/com.unity.addressables@1.21.20/Tests/Editor/Build/BuildMenuTests.cs","PackageCache",".cs"
"335adb24c0d4dba42ab762d551a94072","Assets/_YFanFramework/Scripts/Systems/VFXSystem","Asset",""
"3371106faf8d06f47a73979a3c8d82a1","Library/PackageCache/com.unity.ugui@1.0.0/Tests/Runtime/InputField/InputFieldTests.cs","PackageCache",".cs"
"33d6ef15c1984642bd83826064bee25d","Library/PackageCache/com.unity.scriptablebuildpipeline@1.21.25/Editor/Shared/BuildParameters.cs","PackageCache",".cs"
"33ea12082a6a40deac00e4c7dac05b9b","Library/PackageCache/com.unity.addressables@1.21.20/Tests/Editor/OptionalPackages/Diagnostics/Profiler","PackageCache",""
"340c6d420bb4f484aa8683415ea92571","Assets/Plugins/UniTask/Runtime/Internal/PlayerLoopRunner.cs","Asset",".cs"
"342a0f8aca7f4f0691338912faec0494","Library/PackageCache/com.unity.textmeshpro@3.0.6/Editor Resources/Textures/btn_AlignRight.psd","PackageCache",".psd"
"343deaaf83e0cee4ca978e7df0b80d21","Library/PackageCache/com.unity.ugui@1.0.0/Editor/UnityEditor.UI.asmdef","PackageCache",".asmdef"
"34e150112c1c42ac83170b52d898e322","Library/PackageCache/com.unity.textmeshpro@3.0.6/Scripts/Runtime/TMP_ScrollbarEventHandler.cs","PackageCache",".cs"
"34e2c9b9d9e44953933afe37461f44e6","Library/PackageCache/com.unity.textmeshpro@3.0.6/Scripts/Editor/TMP_StyleSheetEditor.cs","PackageCache",".cs"
"34f6695d37a94370a3697f6b068f5d5e","Library/PackageCache/com.unity.textmeshpro@3.0.6/Scripts/Editor/TMP_EditorPanel.cs","PackageCache",".cs"
"351af98fa765ba1498bcad1e9100d610","Library/PackageCache/com.unity.addressables@1.21.20/Editor/BuildReportVisualizer/BuildReport Resources/Icons/PlatformPS4Icon.png","PackageCache",".png"
"3534c90cd89bf7342937035fa421fd9c","Library/PackageCache/com.unity.addressables@1.21.20/Tests/Runtime/TestBehaviourWithReference.cs","PackageCache",".cs"
"353e24853179e47bf9ebb9de6c42e428","Library/PackageCache/com.unity.addressables@1.21.20/Runtime/ResourceManager/ResourceProviders/ResourceProviderBase.cs","PackageCache",".cs"
"3540735a2f9e7cd468bad9b32dbdcf69","Assets/_Game/Art/Prefabs/Units/PF_U06.prefab","Asset",".prefab"
"3550d8ec6f29ab34d895ae9a43d560c2","Library/PackageCache/com.unity.ugui@1.0.0/Runtime/EventSystem/RaycastResult.cs","PackageCache",".cs"
"355997a305ba64248822eec34998a1a0","Assets/Plugins/UniTask/Runtime/UniTask.WhenAll.cs","Asset",".cs"
"358a618bc6bd9354d81cc206fd2ed80e","Library/PackageCache/com.unity.ugui@1.0.0/Tests/Runtime/Dropdown/DropdownTests.cs","PackageCache",".cs"
"35914078f998e9c47bbb6bb1fc2a5251","Assets/_Game/Scripts/Systems/ILevelSystem.cs","Asset",".cs"
"35a0d10199de49f4db0128003bfd3bda","Library/PackageCache/com.unity.ugui@1.0.0/Tests/Editor/Canvas/CanvasElementsMaintainValidPositionsWhenCameraOrthoSizeIsZero.cs","PackageCache",".cs"
"35a23666a8db46c993efac68b4be6a51","Library/PackageCache/com.unity.addressables@1.21.20/Editor/Diagnostics/Profiler/ContentDataListView.cs","PackageCache",".cs"
"35a493a535627401094f36bf216c0306","Library/PackageCache/com.unity.addressables@1.21.20/Tests/Editor/TestObject.cs","PackageCache",".cs"
"35cd3509e163e1b42b578ea273d6d9cf","Assets/_Game/Art/Prefabs/Units/U21.obj","Asset",".obj"
"35d143b352678294ab0f5feb97b67f88","Library/PackageCache/com.unity.ugui@1.0.0/Editor/UI/ContentSizeFitterEditor.cs","PackageCache",".cs"
"35ddb9e112b0424479043537f5479a5b","Library/PackageCache/com.unity.addressables@1.21.20/Editor/Build/ShaderBundleNaming.cs","PackageCache",".cs"
"35ff0937876540d3bd4b6a941df62a92","Library/PackageCache/com.unity.textmeshpro@3.0.6/Editor Resources/Textures/btn_AlignCenterGeo_Light.psd","PackageCache",".psd"
"3601319bba6273845939476c3b3bf510","Library/PackageCache/com.unity.addressables@1.21.20/Tests/Editor/DocExampleCode/LoadReference.cs","PackageCache",".cs"
"362598b7138d67743b766e155d413111","Assets/_Game/公司战争Mesh/gongsizhanzheng.glb","Asset",".glb"
"36538b0bee233ac4f803779abc0b3d3c","Assets/_Game/Art/Materials/Mat_E04.mat","Asset",".mat"
"368d3a0498e78014da578aa5f45e2797","Library/PackageCache/com.unity.ugui@1.0.0/Runtime/UI/Core/Layout/ILayoutElement.cs","PackageCache",".cs"
"36ab06d30f3223048b4f676e05431a7f","Assets/Plugins/UniTask/Runtime/Linq/Contains.cs","Asset",".cs"
"36d56f59f692f1c438914e6eafe7b7c1","Assets/_YFanFramework/Scripts/Systems/AuthorizationSystem","Asset",""
"36e2ba320a6ae3e4596bd1fe59b4fe21","Library/PackageCache/com.unity.addressables@1.21.20/Editor/Build/ContentUpdateScript.cs","PackageCache",".cs"
"371b6b9c8adc50745ace66a6fdf67481","Library/PackageCache/com.unity.ugui@1.0.0/Runtime/UI/Core/Culling/IClipRegion.cs","PackageCache",".cs"
"373913168748a04479d19e507a1013c3","Assets/_Game/公司战争Mesh/U11 (1).mtl","Asset",".mtl"
"373b4c78c0396334288fa5ff8e7b7350","Library/PackageCache/com.unity.ugui@1.0.0/Tests/Editor/Slider/SliderRectReferences.cs","PackageCache",".cs"
"3740ec1ae300d854caf58e59c25c9fff","Assets/_YFanFramework/Docs/UIFramework_Usage.md","Asset",".md"
"37555d4cd39377746932ee0827a11c15","Library/PackageCache/com.unity.addressables@1.21.20/Editor/BuildReportVisualizer/BuildReport Resources/Icons/Button_RightPanel_LightTheme.png","PackageCache",".png"
"377dcfe91a2b68742aedc28e60d58544","Library/PackageCache/com.unity.addressables@1.21.20/Editor/BuildReportVisualizer/BuildReport Resources/Icons/PlatformStandaloneLinux64Icon.png","PackageCache",".png"
"37a7bdf2ce35bad4b87828fe84f61cbf","Assets/StreamingAssets/CompanyWar/Configs/Levels/L11.json","Asset",".json"
"37b164a494cd92a498526852ecceedef","Library/PackageCache/com.unity.ugui@1.0.0/Editor/EventSystem/EventTriggerEditor.cs","PackageCache",".cs"
"37cff9f5a86ae494c8cb04423580480d","Library/PackageCache/com.unity.textmeshpro@3.0.6/Scripts/Editor/TMP_SpriteCharacterPropertyDrawer.cs","PackageCache",".cs"
"3805f04aa43306c4590ee741451aefe3","Library/PackageCache/com.unity.addressables@1.21.20/Tests/Editor/Diagnostics/ProfilerTests.cs","PackageCache",".cs"
"38080368f03605841922f1e2451a6e6f","Assets/_YFanFramework/Scripts/Systems/BattleSystem/BattleSystem.cs","Asset",".cs"
"3819a3925165a674d80ee848c8600379","Assets/Plugins/UniTask/Runtime/Linq/Repeat.cs","Asset",".cs"
"381dcb09d5029d14897e55f98031fca5","Assets/TextMesh Pro/Sprites/EmojiOne Attribution.txt","Asset",".txt"
"382caacde439855418709c641e4d7b04","Assets/Plugins/UniTask/Runtime/Linq/UnityExtensions/Timer.cs","Asset",".cs"
"383966e89d344865a36addd5d378ffd3","Library/PackageCache/com.unity.textmeshpro@3.0.6/Scripts/Editor/TMPro_FontAssetCreatorWindow.cs","PackageCache",".cs"
"3859c1b31e81d9b44b282e7d97e11635","Assets/Plugins/UniTask/Runtime/Linq/ToList.cs","Asset",".cs"
"3889eb0614c8faf44900c57b8b6bd53c","Assets/_Game/Scripts/UI/MenuRuntimeUIController.cs","Asset",".cs"
"38964569356fc0f408d65786ea2c747f","Library/PackageCache/com.unity.addressables@1.21.20/Tests/Editor/DocExampleCode/ScriptReference/UsingLogException.cs","PackageCache",".cs"
"38c1c4129f59dcb49a5b864eaf4ec63c","Assets/Plugins/UniTask/Runtime/Linq/Except.cs","Asset",".cs"
"38c7e0fdbf240784998304d4d11ed645","Library/PackageCache/com.unity.addressables@1.21.20/Tests/Editor/AddressableAssetEntryTests.cs","PackageCache",".cs"
"392da734bbda8ef48a14423bb399280e","Library/PackageCache/com.unity.addressables@1.21.20/Tests/Editor/AddressableAssetFolderSubfolderTests.cs","PackageCache",".cs"
"393b15da08c88194dbbcacd6ee15a89c","Library/PackageCache/com.unity.ugui@1.0.0/Tests/Editor/TestBehaviourBase.cs","PackageCache",".cs"
"3983654d12d94c1a907a823b4a672fe5","Library/PackageCache/com.unity.addressables@1.21.20/Tests/Runtime/OptionalPackages/Ccd/CcdManagerTests.cs","PackageCache",".cs"
"39896cef733de95468a548db1d577906","Assets/_Game/Art/Materials/U05.mtl","Asset",".mtl"
"3997e2241185407d80309a82f9148466","Assets/TextMesh Pro/Shaders/TMPro_Properties.cginc","Asset",".cginc"
"39ab466162988eb4f83443f911bbf5c8","Library/PackageCache/com.unity.ugui@1.0.0/Runtime/UI/Core/FontUpdateTracker.cs","PackageCache",".cs"
"39dcddcb5895328489c92214aa73e3bb","Library/PackageCache/com.unity.ugui@1.0.0/Tests/Runtime/EventSystem/SelectableTests.cs","PackageCache",".cs"
"3a04deffd16d96345b57337ce2b4d075","Library/PackageCache/com.unity.addressables@1.21.20/Tests/Editor/AddressableAssetSettingsTests.cs","PackageCache",".cs"
"3a0ce64154675d64ba2a3fdcb3e92949","Library/PackageCache/com.unity.addressables@1.21.20/Editor/BuildReportVisualizer/BuildReport Resources/Icons/Button_LeftPanel_DarkTheme.png","PackageCache",".png"
"3a189bb168d8d90478a09ea08c2f3d72","Library/PackageCache/com.unity.addressables@1.21.20/Editor/AddressableAssetSettingsDefaultObject.cs","PackageCache",".cs"
"3a3b28cc6d2f5b444af3331b13911334","Library/PackageCache/com.unity.addressables@1.21.20/Editor/Settings/KeyDataStore.cs","PackageCache",".cs"
"3a6ea556a4c75be4a88f236f22eec817","Library/PackageCache/com.unity.addressables@1.21.20/Editor/Build/AddressableAnalytics.cs","PackageCache",".cs"
"3a9619d3ea7c4cb4ea630f41c2b2ee80","Library/PackageCache/com.unity.addressables@1.21.20/Editor/BuildReportVisualizer/UIToolKitAssets/UXML/SummaryTab.uxml","PackageCache",".uxml"
"3a99cbf45313241adb3f4cf5332d0866","Library/PackageCache/com.unity.addressables@1.21.20/Editor/Diagnostics/Profiler/GUIElements","PackageCache",""
"3aa061a9f04329d4cbb339034021fef3","Assets/StreamingAssets/CompanyWar/Configs/Levels/L08.json","Asset",".json"
"3ab07e87d3c064643b899785b512466e","Assets/_Game/公司战争Mesh/U01.obj","Asset",".obj"
"3b1ef318caa765044b512fe1cc9f2462","Assets/_Game/Configs/Levels/L04.json","Asset",".json"
"3b40c3dceab2ff14cb0e00e989fd8b27","Library/PackageCache/com.unity.addressables@1.21.20/Editor/BuildReportVisualizer/BuildReport Resources/Icons/FileNoIcon.png","PackageCache",".png"
"3b68615e65d03ce49becfd9eb02f7fa2","Library/PackageCache/com.unity.addressables@1.21.20/Editor/GUI/AddressableAssetSettingsInspector.cs","PackageCache",".cs"
"3b86965c40eee0449a9c0a7db2f0e759","Library/PackageCache/com.unity.scriptablebuildpipeline@1.21.25/Editor/Utilities/HashStream.cs","PackageCache",".cs"
"3b8b37f5037b1e945af5621a67f45bc0","Library/PackageCache/com.unity.addressables@1.21.20/Tests/Editor/AssetGroupTests.cs","PackageCache",".cs"
"3ba8763d94231c9459f5a2d2aae30cfa","Library/PackageCache/com.unity.scriptablebuildpipeline@1.21.25/Editor/ContentPipeline.cs","PackageCache",".cs"
"3baccd1fe1702ae4da55e58b9b2ac9ed","Assets/Plugins/DOTween/Modules/DOTweenModuleUI.cs","Asset",".cs"
"3bbc70625eec1b2449500291751ba873","Assets/_Game/公司战争Mesh/U02 (1).obj","Asset",".obj"
"3bce033ee26244e419b3bb3bba95a37d","Library/PackageCache/com.unity.ugui@1.0.0/Editor/UI/CanvasScalerEditor.cs","PackageCache",".cs"
"3bda1886f58f4e0ab1139400b160c3ee","Library/PackageCache/com.unity.textmeshpro@3.0.6/Scripts/Runtime/TMP_Asset.cs","PackageCache",".cs"
"3bde82449e8b54a4e93e4c33d51395c8","Assets/_Game/Art/Prefabs/Units/U03.prefab","Asset",".prefab"
"3beb0fb679dee7f4ca526692b1702fc4","Library/PackageCache/com.unity.addressables@1.21.20/Editor/BuildReportVisualizer/BuildReport Resources/Icons/PlatformSwitchIcon@2x.png","PackageCache",".png"
"3bf61af2f16576547894347350205854","Library/PackageCache/com.unity.scriptablebuildpipeline@1.21.25/Tests/Editor/LocalBuildCacheTests.cs","PackageCache",".cs"
"3c09a39d41a474a4a886225f2513ed5e","Library/PackageCache/com.unity.addressables@1.21.20/Tests/Editor/ContentUpdateTests.cs","PackageCache",".cs"
"3c6632daa352f6846a162383f7a00fe7","Library/PackageCache/com.unity.addressables@1.21.20/Editor/GUI/AnalyzeRuleGUI.cs","PackageCache",".cs"
"3c6c403084eacec478a1129ce20061ea","Library/PackageCache/com.unity.textmeshpro@3.0.6/Editor Resources/Shaders/TMP_Properties.cginc","PackageCache",".cginc"
"3c8ea4c2ec27a354f9b5c8d162aff2c4","Library/PackageCache/com.unity.addressables@1.21.20/Samples~/CustomBuildAndPlaymodeScripts/Editor/CustomBuild.asset","PackageCache",".asset"
"3c90f64bf58de5145aa440ea2a0efd1d","Assets/_Game/Art/Materials/E02.mtl","Asset",".mtl"
"3cad9287ba6887b43a6b3a001410a9b5","Assets/_Game/Art/Prefabs/Units/U12.obj","Asset",".obj"
"3cb0ad02e20d62441a7d1825b5b20dec","Library/PackageCache/com.unity.addressables@1.21.20/Editor/BuildReportVisualizer/Utility/DetailsListItem.cs","PackageCache",".cs"
"3ccaf7d17ca0b524a9846034e4d6258b","Assets/_Game/Scripts/Models/GameRuntimeModel.cs","Asset",".cs"
"3cf68bc830910e1479a05521a6b0ba9f","Library/PackageCache/com.unity.addressables@1.21.20/Editor/GUI/GUIElements/VisualElementsWrapper.cs","PackageCache",".cs"
"3d01c0faeb539534689fe05bc369751e","Library/PackageCache/com.unity.scriptablebuildpipeline@1.21.25/Editor/Utilities/MD4.cs","PackageCache",".cs"
"3d31df68cd9e5494f93db2e48f6e343b","Assets/_Game/Art/Materials/E06.mtl","Asset",".mtl"
"3d3b5d9a79a143a3bd3e0b1506282c2b","Library/PackageCache/com.unity.addressables@1.21.20/Editor/GUI/GUIElements/GUIUtility.cs","PackageCache",".cs"
"3d42c4854f9093e409cd90c00ef26de0","Library/PackageCache/com.unity.ugui@1.0.0/Tests/Runtime/EventSystem/GraphicRaycasterWorldSpaceCanvasTests.cs","PackageCache",".cs"
"3d4fc965925d484439a7a0bebb3518d8","Library/PackageCache/com.unity.addressables@1.21.20/Tests/Editor/DocExampleCode/ScriptReference/UsingLoadResourceLocationsAsync.cs","PackageCache",".cs"
"3d9b4067bd3135d46a8f5e265bee07cb","Library/PackageCache/com.unity.addressables@1.21.20/Runtime/ResourceManager/ResourceProviders/Simulation/VirtualAssetBundle.cs","PackageCache",".cs"
"3db256bbb74b81f4b9c9b3495ab97e6b","Library/PackageCache/com.unity.addressables@1.21.20/Editor/Diagnostics/ResourceManagerCacheWindow.cs","PackageCache",".cs"
"3db9e527e099efa4cac1dcda9fa9987e","Assets/Plugins/DOTween/Modules/DOTweenModulePhysics2D.cs","Asset",".cs"
"3dc6441f9094f354b931dc3c79fb99e5","Assets/Plugins/UniTask/Runtime/External/Addressables/AddressablesAsyncExtensions.cs","Asset",".cs"
"3e098a01716164d41a666ccd8d2c1cf5","Library/PackageCache/com.unity.addressables@1.21.20/Tests/Runtime/ResourceManager/TestUtil","PackageCache",""
"3e28d3bd17b418141b01b3d1f7cfd2c2","Library/PackageCache/com.unity.addressables@1.21.20/Editor/BuildReportVisualizer/BuildReport Resources/Icons/Button_LeftPanel_DarkTheme@2x.png","PackageCache",".png"
"3e2e0ffa088c91d41a086d0b8cb16bdc","Library/PackageCache/com.unity.addressables@1.21.20/Editor/Build/DataBuilders/BuildScriptPackedMode.cs","PackageCache",".cs"
"3e43e1a65262edd4f99dd21ce8ee50ad","Library/PackageCache/com.unity.addressables@1.21.20/Tests/Editor/DocExampleCode/ScriptReference/UsingGetLocatorInfo.cs","PackageCache",".cs"
"3e4489d1adc83df479ce160edb76a0f1","Assets/_Game/Art/Materials/U12.mtl","Asset",".mtl"
"3e4d023d8404ab742b5e808c98097c3c","Assets/Plugins/UniTask/Runtime/IUniTaskSource.cs","Asset",".cs"
"3e68c62f4f2eb4149a0d4dd09869dd5d","Library/PackageCache/com.unity.addressables@1.21.20/Tests/Editor/OptionalPackages/Ccd","PackageCache",""
"3e78249b603b049aa9dfd59ec52d2f30","Library/PackageCache/com.unity.addressables@1.21.20/Runtime/ResourceManager/ResourceLocations/IResourceLocation.cs","PackageCache",".cs"
"3e8cc8b5af2f62e418573550ab569877","Library/PackageCache/com.unity.scriptablebuildpipeline@1.21.25/Tests/Editor/TestInterfaceImplementations.cs","PackageCache",".cs"
"3e92520aca3060344af46124400d6742","Assets/_Game/Art/Prefabs/Units/U04.obj","Asset",".obj"
"3ed24626228f71246a5f32ebe0fb61e2","Library/PackageCache/com.unity.scriptablebuildpipeline@1.21.25/Editor/Tasks/PostScriptsCallback.cs","PackageCache",".cs"
"3ee40aa79cd242a5b53b0b0ca4f13f0f","Library/PackageCache/com.unity.textmeshpro@3.0.6/Editor Resources/Gizmos/TMP - Input Field Icon.psd","PackageCache",".psd"
"3ee6f25a9e02fee4197773346feb1015","Library/PackageCache/com.unity.addressables@1.21.20/Tests/Editor/Diagnostics","PackageCache",""
"3ee7124a2b27fe74597233f30255ddc8","Assets/AddressableAssetsData/AssetGroups/Default Local Group.asset","Asset",".asset"
"3f0645bd0f9b0ea46a9bec32c403ab9e","Library/PackageCache/com.unity.addressables@1.21.20/Tests/Runtime/AddressablesIntegrationTests.cs","PackageCache",".cs"
"3f5b5dff67a942289a9defa416b206f3","Assets/TextMesh Pro/Resources/TMP Settings.asset","Asset",".asset"
"3f8004a447867e343891ed84d9889c33","Assets/_Game/Scripts/Audio","Asset",""
"3f81815b24c8bef4fa1e0865b952375e","Assets/_Game/Editor/JsonValidatorWindow.cs","Asset",".cs"
"3f9489010bc9cdc458c23db402d6b3fa","Library/PackageCache/com.unity.addressables@1.21.20/Editor/Settings/GlobalInitialization.cs","PackageCache",".cs"
"3f95a2e723ab16947a03faffad16fe67","Assets/_Game/Art/Prefabs/Units/PF_U23.prefab","Asset",".prefab"
"3fa274f26b1574c40b949e114327022e","Library/PackageCache/com.unity.ugui@1.0.0/Runtime/EventSystem/EventTriggerType.cs","PackageCache",".cs"
"3fae9482157db504bbc96bab93cc2e52","Library/PackageCache/com.unity.addressables@1.21.20/Tests/Editor/DocExampleCode/ScriptReference/UsingCheckForCatalogUpdates.cs","PackageCache",".cs"
"3fc6096dce724b04c8f00d5da460dbe8","Assets/_YFanFramework/Scripts/Systems/VFXSystem/VFXSystem.cs","Asset",".cs"
"3fd787210f08d364186b9df36062df04","Library/PackageCache/com.unity.addressables@1.21.20/Editor/BuildReportVisualizer/BuildReport Resources/Icons/PlatformtvOSIcon.png","PackageCache",".png"
"3fdd83b151eb8d25c5e2f82fc39dcb04","Library/PackageCache/com.unity.modules.unitywebrequest@1.0.0/package.json","PackageCache",".json"
"3fe4baf3821dbe44ca354c8bbae559f7","Library/PackageCache/com.unity.addressables@1.21.20/Runtime/ResourceManager/ResourceProviders/BinaryAssetProvider.cs","PackageCache",".cs"
"400400de7826bf94faf38a9f22de49c3","Assets/AddressableAssetsData/DataBuilders","Asset",""
"4010a0a5dcd2217488f48bfe3ebf6bb3","Assets/_Game/Docs/TestAndBuild.md","Asset",".md"
"404a97aaf469a1f4b9eccb0db0408214","Assets/_Game/Art/Prefabs/Units/U04.prefab","Asset",".prefab"
"4051cd5a483c84040a502ec9d89f652a","Library/PackageCache/com.unity.addressables@1.21.20/Samples~/ComponentReference","PackageCache",""
"40552c6c6b56118409f41b5054cfdb44","Assets/_Game/Art/Fonts/Default.ttf","Asset",".ttf"
"4061552d898b3a04696a1cefac59e068","Library/PackageCache/com.unity.addressables@1.21.20/Tests/Editor/DocExampleCode/ScriptReference/UsingInitializationOperation.cs","PackageCache",".cs"
"407bc68d299748449bbf7f48ee690f8d","Assets/TextMesh Pro/Shaders/TMPro.cginc","Asset",".cginc"
"40912f96fbdc09b41ad8d322558cdfcf","Assets/_Game/Art/Prefabs/Models/MD_U11.prefab","Asset",".prefab"
"40bf3cec17fa0b49fe04443c8332d638","Library/PackageCache/com.unity.modules.jsonserialize@1.0.0/package.json","PackageCache",".json"
"40c83ba6a1a64cb4baac27028dd1acc1","Library/PackageCache/com.unity.ugui@1.0.0/Tests/Runtime/Graphic/RawImageTestHook.cs","PackageCache",".cs"
"40e93d78541d2664e8424875bca4e041","Library/PackageCache/com.unity.scriptablebuildpipeline@1.21.25/Editor/Tasks/CalculateAssetDependencyData.cs","PackageCache",".cs"
"40ef2e46f900131419e869398a8d3c9d","Assets/Plugins/UniTask/Editor/SplitterGUILayout.cs","Asset",".cs"
"4129704b5a1a13841ba16f230bf24a57","Assets/Plugins/UniTask/Editor/UniTask.Editor.asmdef","Asset",".asmdef"
"4132ea600454134439fa2c7eb931b5e6","Assets/Plugins/UniTask/Runtime/UniTask.Threading.cs","Asset",".cs"
"413883ceff8546143bdf200aafa4b8f7","Assets/Plugins/UniTask/Runtime/Linq/OrderBy.cs","Asset",".cs"
"4149754066a21a341be58c04357061f6","Assets/Plugins/UniTask/Runtime/Linq/Sum.cs","Asset",".cs"
"417946e97e9eed84db6f840f57037ca6","Assets/Plugins/UniTask/Runtime/Linq/First.cs","Asset",".cs"
"41a2c08bad93774439bc75b3c34ff8cc","Assets/StreamingAssets/CompanyWar/Configs/Levels/L03.json","Asset",".json"
"41b96614b2e6494ba995ddcd252d11ae","Library/PackageCache/com.unity.textmeshpro@3.0.6/Editor Resources/Textures/btn_AlignMiddle.psd","PackageCache",".psd"
"41f1a51b4873d473d81bc70abb55d198","Library/PackageCache/com.unity.addressables@1.21.20/Tests/Editor/Build/AddressablesPlayerBuildProcessorTests.cs","PackageCache",".cs"
"42103b336a518264aaa2c417e5fe6b58","Assets/Plugins/DOTween/Editor/Imgs/DOTweenMiniIcon.png","Asset",".png"
"422108cf10cd1e547b548f280999e994","Assets/_Game/Art/Models/Buildings","Asset",""
"424cc208fb61d4e448b08fcfa0eee25e","Assets/Plugins/UniTask/Runtime/Internal/ArrayPoolUtil.cs","Asset",".cs"
"426106349a0ff964fa4e7178c1d3a4f5","Library/PackageCache/com.unity.ugui@1.0.0/Runtime/EventSystem/Raycasters/BaseRaycaster.cs","PackageCache",".cs"
"42db1090b6cdb9f44a4e1ebec7f774ad","Assets/_Game/Resources/u29.fbx","Asset",".fbx"
"42deee53fa109f747993a6af9a9c651a","Assets/_Game/Scripts/UI","Asset",""
"42f02cb84e5875b488304755d0e1383d","Assets/Plugins/UniTask/Runtime/Linq/Take.cs","Asset",".cs"
"42fe78c8fe682715a2cb531422e6ccb3","Library/PackageCache/com.unity.modules.imgui@1.0.0/package.json","PackageCache",".json"
"431079301da72b74cba77e88c2af37ba","Library/PackageCache/com.unity.scriptablebuildpipeline@1.21.25/Editor/Interfaces/IBuildContent.cs","PackageCache",".cs"
"4313cd8ecf705e44f9064ce46e293c2c","Assets/Plugins/UniTask/Runtime/Linq/Return.cs","Asset",".cs"
"43224c404bd343b44a2ecd99237e285c","Library/PackageCache/com.unity.addressables@1.21.20/Runtime/Initialization/CacheInitialization.cs","PackageCache",".cs"
"4332908af27d83145a9431d7b19629de","Assets/StreamingAssets/CompanyWar/Configs/Levels/L07.json","Asset",".json"
"433d3b96b2a40a5479d3d7d8495882ed","Library/PackageCache/com.unity.ugui@1.0.0/Tests/Editor/UI/PropertyDrawers/PropertyDrawerTests.cs","PackageCache",".cs"
"434964c2988cda2418b32ec7f86dc2d9","Assets/_Game/公司战争Mesh/E14.mtl","Asset",".mtl"
"4378e9ecf3ac53141bb4a6a48a809385","Assets/_Game/Scripts/Queries/GetUnitStatsQuery.cs","Asset",".cs"
"438efd46088d408d8a53f707fa68d976","Library/PackageCache/com.unity.textmeshpro@3.0.6/Scripts/Editor/TMP_BaseShaderGUI.cs","PackageCache",".cs"
"438f0d08aa1f62c4686e02c63d384a11","Assets/_Game/Art/Materials/Mat_U02.mat","Asset",".mat"
"43b1467da3d29ae4597a733828cdd84a","Library/PackageCache/com.unity.ugui@1.0.0/Tests/Runtime/ScrollBar","PackageCache",""
"43d0d465fa192df4a874f86540522ed7","Assets/Plugins/DOTween/Editor/Imgs/Footer_dark.png","Asset",".png"
"43da0158cc7e1bf489102df497e775a1","Assets/_Game/Tests/Cases/CW_UNIT_0108_BattleSpeed.cs","Asset",".cs"
"43e7ad3261e9ff84786080ad1c164095","Assets/_Game/Art/Prefabs/Models/MD_U08.prefab","Asset",".prefab"
"43ed56232a7649647a25c24e3047a8dd","Library/PackageCache/com.unity.scriptablebuildpipeline@1.21.25/Tests/TestAssets","PackageCache",""
"4402dcee6e9969549bf5b33f11533208","Library/PackageCache/com.unity.ugui@1.0.0/Tests/Editor/RectMask2D/RectMask2DCulling.cs","PackageCache",".cs"
"441d6ab2de7dd3948b7b50882e4370e7","Library/PackageCache/com.unity.addressables@1.21.20/Tests/Runtime/Initialization/FastModeInitializationTests.cs","PackageCache",".cs"
"445cdcfc747eba94288b97f5869aa2fb","Library/PackageCache/com.unity.ugui@1.0.0/Runtime/UI/Core/GraphicRebuildTracker.cs","PackageCache",".cs"
"449c2ecc4d9463a49a1efb01ce26e724","Assets/Plugins/UniTask/Runtime/External","Asset",""
"44a6309b482db49b0a5aa08e393f503c","Library/PackageCache/com.unity.addressables@1.21.20/Tests/Editor/ResourceCleanupTests.cs","PackageCache",".cs"
"44cc469bd1d2d6943a319a2d90330a36","Assets/_YFanFramework/Prefabs","Asset",""
"44dfdb5bbfab6614a8481d1d899d884b","Library/PackageCache/com.unity.scriptablebuildpipeline@1.21.25/Editor/Utilities/TaskCachingUtility.cs","PackageCache",".cs"
"44e02acd9e3c0de4798f6bcc2d934a26","Assets/_Game/Scripts/UI/LevelSelectPanel.prefab","Asset",".prefab"
"44e1d646473a40178712cb2150f54cec","Library/PackageCache/com.unity.textmeshpro@3.0.6/Scripts/Editor/TMPro_ContextMenus.cs","PackageCache",".cs"
"4533d6b9f915a16429e5a3143d2f7a1b","Library/PackageCache/com.unity.addressables@1.21.20/Editor/Settings/ProjectConfigData.cs","PackageCache",".cs"
"455b09c2a8290c74788643ec4c9a7db0","Assets/_Game/Resources/11111/8.glb","Asset",".glb"
"4585b5feb801bdb44b0e5eafdd95a3be","Library/PackageCache/com.unity.ugui@1.0.0/Tests/Editor/Canvas/CanvasWidthAssertionErrorWithRectTransform.cs","PackageCache",".cs"
"45ba41b6997d480b812819c1515522fa","Library/PackageCache/com.unity.addressables@1.21.20/Editor/Diagnostics/Profiler/AddressablesProfilerDetailsTreeView.cs","PackageCache",".cs"
"45c9e63cc2a08d54b8c615400127de4e","Library/PackageCache/com.unity.addressables@1.21.20/Editor/BuildReportVisualizer/UIToolKitAssets/UXML/TreeViewItem.uxml","PackageCache",".uxml"
"45e5b70cc809a2e44838cc9f704cd23b","Assets/_Game/Resources/11111/3.glb","Asset",".glb"
"45ef7af3e9f747d43b9c062d080c9f55","Assets/_Game/Tests/Framework/Assert.cs","Asset",".cs"
"46646a5562f14984690c85ee7b946bc9","Library/PackageCache/com.unity.ugui@1.0.0/Runtime/EventSystem/Raycasters","PackageCache",""
"4664ae20418c56944a2f6c5ab30f82bf","Library/PackageCache/com.unity.scriptablebuildpipeline@1.21.25/Editor/Utilities/CacheEntry.cs","PackageCache",".cs"
"468a46d0ae32c3544b7d98094e6448a9","Library/PackageCache/com.unity.addressables@1.21.20/Editor/Settings/AddressableAssetSettings.cs","PackageCache",".cs"
"46f31ab199825eb488ad8f2a8f6d1a4c","Library/PackageCache/com.unity.addressables@1.21.20/Editor/Settings/ProfileValueReference.cs","PackageCache",".cs"
"46ff9bb9c11e4daa9d9424fa410fcc30","Library/PackageCache/com.unity.scriptablebuildpipeline@1.21.25/Editor/Tasks/PreviewSceneDependencyData.cs","PackageCache",".cs"
"472095d0f2d70b44bb1af988fbea18f3","Assets/_Game/Configs/CorporateCorridorTheme_Default.asset","Asset",".asset"
"472a6f18dd2f97c41af72271d22db869","Library/PackageCache/com.unity.ugui@1.0.0/Editor/UI/ButtonEditor.cs","PackageCache",".cs"
"476ab43df98a3c745976b25fc66c2bd6","Assets/_Game/Art/Materials/Mat_U19.mat","Asset",".mat"
"47c8f9980c2f63349a8fb20e6e1b5013","Library/PackageCache/com.unity.addressables@1.21.20/Tests/Editor/Build/AddHashToBundleNameTaskTests.cs","PackageCache",".cs"
"480d291e10bb297448a38267e7c351ef","Assets/_Game/Art/Prefabs/Units/U22.obj","Asset",".obj"
"4831c651fa931ec4a91b58b7059e144a","Assets/Plugins/QFramework/QFramework.cs","Asset",".cs"
"48594b0afbd3e84448546c74bf35a6b3","Library/PackageCache/com.unity.scriptablebuildpipeline@1.21.25/Editor/Shared/BuildDependencyData.cs","PackageCache",".cs"
"4877f87131635e6408f8c44e5d86791e","Library/PackageCache/com.unity.textmeshpro@3.0.6/Scripts/Runtime/TMP_ResourcesManager.cs","PackageCache",".cs"
"488e0dbf9a6f5ac48bbe7875855651f1","Library/PackageCache/com.unity.addressables@1.21.20/Tests/Runtime/AddressablesTestFixture.cs","PackageCache",".cs"
"48a6d779e006b0a4fa141441db99d119","Assets/_Game/Art/Materials/Mat_U05.mat","Asset",".mat"
"48bb5f55d8670e349b6e614913f9d910","Assets/TextMesh Pro/Shaders/TMP_Bitmap-Custom-Atlas.shader","Asset",".shader"
"48d034c499ee4697af9dd6e327110249","Library/PackageCache/com.unity.textmeshpro@3.0.6/Editor Resources/Textures/btn_AlignTop.psd","PackageCache",".psd"
"48d49afb756d3456da9e2b0b66b2221d","Library/PackageCache/com.unity.addressables@1.21.20/Runtime/ResourceManager/ResourceManager.cs","PackageCache",".cs"
"48d6c3468cb636c449f15b9361793735","Library/PackageCache/com.unity.addressables@1.21.20/Tests/Editor/DocExampleCode/ScriptReference/UsingGetDownloadSizeAsync.cs","PackageCache",".cs"
"4919275f3e7372741bdd22dd9e863fb5","Assets/_Game/Resources/11111/12.glb","Asset",".glb"
"492e36e2b55196a40b605d10233203ea","Assets/StreamingAssets/CompanyWar/Configs/EndlessRewardConfig.json","Asset",".json"
"493e33c29cec2b045ae813bb15b83666","Assets/_YFanFramework/Docs/TweenUtil_Usage.md","Asset",".md"
"49679f302ac6408697f6b9314a38985c","Library/PackageCache/com.unity.textmeshpro@3.0.6/Editor Resources/Textures/btn_AlignCapLine_Light.psd","PackageCache",".psd"
"496dd07a364d40e4bb57437540138c1f","Assets/_Game/Scripts/UI/LevelSelectRuntimeUIController.cs","Asset",".cs"
"49850dfe65879f949bd15bb7738b7bdf","Library/PackageCache/com.unity.addressables@1.21.20/Editor/BuildReportVisualizer/BuildReport Resources/Icons/PlatformWebGLIcon.png","PackageCache",".png"
"49aaedab9f033f7499e9c8bb8e53806a","Assets/_Game/公司战争Mesh/U07.obj","Asset",".obj"
"49c2c229315d04249b13bbf17069f486","Library/PackageCache/com.unity.addressables@1.21.20/Tests/Editor/Build/BuildScriptPackedPlayTests.cs","PackageCache",".cs"
"49d4a1540f2adfc418fd2e5dd536420b","Library/PackageCache/com.unity.scriptablebuildpipeline@1.21.25/Editor/Tasks/RebuildSpriteAtlasCache.cs","PackageCache",".cs"
"49f93c268e0343869a5a30defb8e5d51","Library/PackageCache/com.unity.addressables@1.21.20/Editor/Build/CcdBuildEvents.cs","PackageCache",".cs"
"4a461845f45e66045bc08178c5e36df1","Assets/_Game/Art/Prefabs/Buildings/PF_E14.prefab","Asset",".prefab"
"4a54c5871bef465498da44ad7451313d","Library/PackageCache/com.unity.addressables@1.21.20/Tests/Editor/DocExampleCode/OperationHandleTypes.cs","PackageCache",".cs"
"4a8423a8d26f2f541a4fa75ffbbfc45b","Assets/_Game/Scripts/UI/ActorAnimator.cs","Asset",".cs"
"4ac2fef2444fc40e1be92d0423a6587a","Library/PackageCache/com.unity.addressables@1.21.20/Tests/Editor/DocExampleCode/AsynchronousLoading.cs","PackageCache",".cs"
"4ac5b6a65aaeb59478e3b78660e9f134","Library/PackageCache/com.unity.textmeshpro@3.0.6/Scripts/Runtime/TMP_Character.cs","PackageCache",".cs"
"4adb1f65bbae8004a88d8f5bc3523298","Library/PackageCache/com.unity.ugui@1.0.0/Tests/Editor/EventSystem/EventTriggerRemoveDuringExecution.cs","PackageCache",".cs"
"4adbd11117ba14195be497c6ee4bbe8f","Library/PackageCache/com.unity.addressables@1.21.20/Tests/Editor/HostingServices/TestHostingService.cs","PackageCache",".cs"
"4ae64f3f72004807a9f919f9c27af0db","Library/PackageCache/com.unity.textmeshpro@3.0.6/Scripts/Runtime/TMP_TextInfo.cs","PackageCache",".cs"
"4aecb92fff08436c8303b10eab8da368","Assets/TextMesh Pro/Resources/Style Sheets","Asset",""
"4afdd37c029df5643ad1e16511ae0987","Library/PackageCache/com.unity.addressables@1.21.20/Tests/Editor/DocExampleCode/ScriptReference/UsingLoadSceneAsync.cs","PackageCache",".cs"
"4b1a778aef7150d47b93a49aa1bc34ae","Assets/Plugins/UniTask/Runtime/Linq/SkipUntilCanceled.cs","Asset",".cs"
"4b2143a7adf8b3f4598ead2b62a27e8e","Assets/_Game/Art/Prefabs/Models/MD_U12.prefab","Asset",".prefab"
"4b4ff020f73dc6d4b8ebd4760d61fb43","Assets/Plugins/UniTask/Runtime/UniTaskExtensions.Shorthand.cs","Asset",".cs"
"4b518b37798c97b0f860962cbf615533","Library/PackageCache/com.unity.modules.unitywebrequestaudio@1.0.0/package.json","PackageCache",".json"
"4b728c7822165f84299ee3d3af7ac326","Library/PackageCache/com.unity.addressables@1.21.20/Editor/Diagnostics/Profiler/GUIElements/AssetLabel.cs","PackageCache",".cs"
"4b8be68229770db4ea3c78ab0d854325","Library/PackageCache/com.unity.ugui@1.0.0/Tests/Editor/InputField/CharacterLimitValidation.cs","PackageCache",".cs"
"4bbe5497b7ffb444993a2e2244b78788","Assets/_YFanFramework/Docs/UIAttributes_Usage.md","Asset",".md"
"4be7209f04146bd45ac5ee775a5f7c26","Assets/Plugins/UniTask/Runtime/CancellationTokenExtensions.cs","Asset",".cs"
"4c26b9315913fb846a5d463b3a6efa87","Assets/_Game/Resources/u35.fbx","Asset",".fbx"
"4c30a288c553aa7488774857f37eee83","Library/PackageCache/com.unity.addressables@1.21.20/Tests/Runtime/ResourceManager/ResourceManagerVirtualModeTests.cs","PackageCache",".cs"
"4c72184d3a723464ca46e7c2406ca704","Library/PackageCache/com.unity.addressables@1.21.20/Runtime/ResourceManager/CcdManager.cs","PackageCache",".cs"
"4cdf306d26c0b9f4f976456b8a438f87","Assets/Plugins/UniTask/Runtime/Linq","Asset",""
"4ce0d2c0e7de9f646afae5e260887007","Assets/_Game/Scripts/Procedure/BattleLaunchContext.cs","Asset",".cs"
"4cfe5ade9a1375e40aed87618b92bd12","Library/PackageCache/com.unity.ugui@1.0.0/Tests/Editor/Slider","PackageCache",""
"4d090656a01bf2640b1ed9297c8d4450","Assets/_YFanFramework/Docs/架构优化计划表.md","Asset",".md"
"4d148220e8d54054e851e5c220feea5f","Library/PackageCache/com.unity.addressables@1.21.20/Runtime/ResourceManager/AsyncOperations/ChainOperation.cs","PackageCache",".cs"
"4d2250412b81fe34abf39f246e274479","Library/PackageCache/com.unity.ugui@1.0.0/Runtime/EventSystem/MoveDirection.cs","PackageCache",".cs"
"4d29a4991c6c8884aa7a81dc6d2e1cc5","Library/PackageCache/com.unity.scriptablebuildpipeline@1.21.25/Editor/Tasks/WriteSerializedFiles.cs","PackageCache",".cs"
"4d31e19fd539ac54c8d9151da43683e9","Library/PackageCache/com.unity.ugui@1.0.0/Tests/Runtime/Util/ConcreteGraphic.cs","PackageCache",".cs"
"4d3429b2001f4ab4d90b7cdbd073314a","Assets/_Game/Scripts/UI/LevelSelectUIController.cs","Asset",".cs"
"4d343c92fcbf4c34eae9cee8dc8107b7","Library/PackageCache/com.unity.addressables@1.21.20/Editor/BuildReportVisualizer/BuildReport Resources/Icons/PlatformStandaloneOSXIcon@2x.png","PackageCache",".png"
"4d398e97edad129428605a181ebba953","Library/PackageCache/com.unity.addressables@1.21.20/Tests/Editor/DocExampleCode/ScriptReference/UsingLog.cs","PackageCache",".cs"
"4d3d51749e989f747b2674e0b4d9b3d7","Library/PackageCache/com.unity.ugui@1.0.0/LICENSE.md","PackageCache",".md"
"4d4f5336cb2aa7d4ab70ebe7319733bb","Assets/_Game/公司战争Mesh/U11.mtl","Asset",".mtl"
"4d8cdbd7e9728574590c65a6309c1b3b","Library/PackageCache/com.unity.addressables@1.21.20/Samples~/PrefabSpawner","PackageCache",""
"4da5055eef322f149ac0777bd0789597","Assets/_Game/公司战争Mesh/U12.mtl","Asset",".mtl"
"4de432e60752e664d920c0b36e935fcb","Assets/_Game/Art/Prefabs/Enemies/E03.obj","Asset",".obj"
"4e12b66d6b9bd7845b04a594cbe386b4","Assets/Plugins/UniTask/Runtime/UniTask.Factory.cs","Asset",".cs"
"4e29b1a8efbd4b44bb3f3716e73f07ff","Library/PackageCache/com.unity.ugui@1.0.0/Runtime/UI/Core/Button.cs","PackageCache",".cs"
"4e3c19776468fc14296d45fbc07b24a6","Library/PackageCache/com.unity.scriptablebuildpipeline@1.21.25/Editor/Utilities/USerialize/USerialize.cs","PackageCache",".cs"
"4e9f52b4318e6894aacc3df53b6266c5","Assets/_Game/公司战争Mesh/U14.mtl","Asset",".mtl"
"4f04442bb071fe8438a7e40408a9bada","Library/PackageCache/com.unity.scriptablebuildpipeline@1.21.25/Editor/Interfaces/IBuildLog.cs","PackageCache",".cs"
"4f0ca6874aa74540bb3d4fe5a0f86bcc","Library/PackageCache/com.unity.textmeshpro@3.0.6/Scripts/Runtime/TMP_TextUtilities.cs","PackageCache",".cs"
"4f0f9b9f3ed97ad2b9ba8f1a8e4666c2","Library/PackageCache/com.unity.modules.uielements@1.0.0/package.json","PackageCache",".json"
"4f1088b7f6e29e04c974e07ef676d03d","Assets/_Game/Editor/RuntimeConfigBuildSync.cs","Asset",".cs"
"4f1ede4836c84544798220e17204830f","Library/PackageCache/com.unity.addressables@1.21.20/Tests/Editor/DocExampleCode/ScriptReference/UsingLoadContentCatalog.cs","PackageCache",".cs"
"4f2308a41f0f71948bf45196f5b2d8ef","Library/PackageCache/com.unity.addressables@1.21.20/Runtime/ResourceManager/ResourceLocations/ILocationSizeData.cs","PackageCache",".cs"
"4f231c4fb786f3946a6b90b886c48677","Library/PackageCache/com.unity.ugui@1.0.0/Runtime/EventSystem/InputModules/StandaloneInputModule.cs","PackageCache",".cs"
"4f5ed95515938d14189b094f8654d0bd","Library/PackageCache/com.unity.ugui@1.0.0/Tests/Runtime/Button/TestButton.cs","PackageCache",".cs"
"4f6ca99e013fe6c49bb6b98f8ec1897b","Library/PackageCache/com.unity.addressables@1.21.20/Tests/Runtime/ResourceManager/Operations/BaseOperationBehaviorTests.cs","PackageCache",".cs"
"4f7b9efa5835d6249b3b62a7cb09877d","Library/PackageCache/com.unity.addressables@1.21.20/Runtime/Services/PlatformMappingService.cs","PackageCache",".cs"
"4f928cb80657c364680d0c25895df60f","Library/PackageCache/com.unity.addressables@1.21.20/Runtime/ResourceManager/ResourceProviders/WebRequestQueue.cs","PackageCache",".cs"
"4f95ac245430d304bb5128d13b6becc8","Assets/Plugins/UniTask/Runtime/AsyncUnit.cs","Asset",".cs"
"4f9ac6e545d53f94b9f09c85b9576f36","Library/PackageCache/com.unity.ugui@1.0.0/Tests/Editor/Text","PackageCache",""
"4fa123ad6258abb4184721b719a13810","Assets/Plugins/UniTask/Runtime/Linq/Empty.cs","Asset",".cs"
"4fd966b3a8792f64b8089a68443e19e9","Library/PackageCache/com.unity.addressables@1.21.20/Runtime/ResourceManager/Util/UnityWebRequestUtilities.cs","PackageCache",".cs"
"4fef417b7d4bd5a4ca072607ec8cf062","Assets/Plugins/DOTween/Editor","Asset",""
"50081206855385544a5ddd0e3b6ba9be","Library/PackageCache/com.unity.ugui@1.0.0/Tests/Runtime/Toggle/ToggleGroupTests.cs","PackageCache",".cs"
"501349c07660d434f8999271afc25936","Assets/StreamingAssets/CompanyWar/Configs/Levels/L19.json","Asset",".json"
"50356c6a0f77a6b41b95325492d157b7","Assets/_Game/Art/Prefabs/Models/MD_U07.prefab","Asset",".prefab"
"5046b687c98667141a9a4f0add3345be","Library/PackageCache/com.unity.scriptablebuildpipeline@1.21.25/Editor/Shared/PrefabPackedIdentifiers.cs","PackageCache",".cs"
"504a37785439743bba6a7259d90d6652","Library/PackageCache/com.unity.addressables@1.21.20/Editor/HostingServices/BaseHostingService.cs","PackageCache",".cs"
"5064f4f2812f9e741be2105c6c338f98","Library/PackageCache/com.unity.addressables@1.21.20/Editor/Build/DataBuilders","PackageCache",""
"507f12b34b19dde4eacb407c78f6dd8d","Assets/_Game/Art/Prefabs/Units/U09.obj","Asset",".obj"
"50b98fe2646355b489bf89043179e554","Library/PackageCache/com.unity.addressables@1.21.20/Editor/Diagnostics/GUI/Graph","PackageCache",""
"5102485b735d4d0439d6da999841b9c8","Library/PackageCache/com.unity.addressables@1.21.20/Editor/GUI/AddressableAssetsSettingsGroupTreeView.cs","PackageCache",".cs"
"510aa9fd35b45fc40bcdb7e59f01fd1b","Assets/Plugins/UniTask/Runtime/Linq/TakeLast.cs","Asset",".cs"
"5110117231c8a6d4095fd0cbd3f4c142","Assets/Plugins/UniTask/Runtime/UniTask.WhenAll.Generated.cs","Asset",".cs"
"51128776420a9c14ab3de268d07a9129","Assets/_Game/Art/Prefabs/Units/U08.prefab","Asset",".prefab"
"5127a10aa9aa1f147b436d8241d02ce0","Library/PackageCache/com.unity.addressables@1.21.20/Tests/Editor/DocExampleCode/ScriptReference/UsingCreateCatalogLocationWithHashDependencies.cs","PackageCache",".cs"
"512a49d95c0c4332bdd98131869c23c9","Assets/TextMesh Pro/Resources/Sprite Assets","Asset",""
"513613320b52fdb40a26dd5b73d89afe","Library/PackageCache/com.unity.ugui@1.0.0/Tests/Runtime/InputField/GenericInputFieldTests.cs","PackageCache",".cs"
"5143f58107604835ab1a5efa2d8818fd","Library/PackageCache/com.unity.textmeshpro@3.0.6/Scripts/Runtime/TMP_Text.cs","PackageCache",".cs"
"51ac96b79b2afdd42820dabc71ad80e1","Assets/_Game/Art/Materials/E01.mtl","Asset",".mtl"
"51dc34fa49bb93546b791f52e2e6e863","Assets/_Game/公司战争Mesh/U05 (1).mtl","Asset",".mtl"
"51fa60bb2bd1e5bc74e8cc95a7bfd5b7","Library/PackageCache/com.unity.modules.ui@1.0.0/package.ModuleCompilationTrigger","PackageCache",".modulecompilationtrigger"
"5252304aa623387469db31285ab55959","Library/PackageCache/com.unity.addressables@1.21.20/Editor/BuildReportVisualizer/BuildReport Resources/Icons/d_History.Forward.png","PackageCache",".png"
"526ef7ee884d8544487ab247e82e6371","Library/PackageCache/com.unity.addressables@1.21.20/Editor/Diagnostics/AddressableIconNames.cs","PackageCache",".cs"
"5285d1d77ad220b41b362e3ce71ca0de","Assets/_Game/Resources/11111/3.fbx","Asset",".fbx"
"5292e268b6cb40844b10028dab396e08","Assets/_Game/Scripts/Commands/DestroyBuildingCommand.cs","Asset",".cs"
"529fde071171dfd4e99d45ca81a3ac7b","Library/PackageCache/com.unity.ugui@1.0.0/Tests/Runtime/MaskClipping/RectMask2DClipping.cs","PackageCache",".cs"
"52abb3fa25244b03a8bbfa169ca1a31a","Library/PackageCache/com.unity.addressables@1.21.20/Tests/Editor/OptionalPackages/PlaceholderTests.cs","PackageCache",".cs"
"52e2d973a2156674e8c1c9433ed031f7","Assets/Plugins/UniTask/Editor/UniTaskTrackerTreeView.cs","Asset",".cs"
"536993f12b814234a8f1d38fa0a1f35c","Library/PackageCache/com.unity.addressables@1.21.20/Tests/Runtime/Unity.Addressables.Runtime.Tests.asmdef","PackageCache",".asmdef"
"539e92595386f964f8d393fea7426420","Assets/_Game/Resources/11111/15.glb","Asset",".glb"
"53b025a8b0a47074fa9c98f4f9fd7620","Assets/_Game/Resources/11111/6.glb","Asset",".glb"
"54000781df714fc4da1e646cae7e534f","Library/PackageCache/com.unity.addressables@1.21.20/Editor/Diagnostics/Data/EventDataStream.cs","PackageCache",".cs"
"540218c52e8521e4bae575d475b35c96","Assets/_Game/Art/Prefabs/Enemies/PF_E11.prefab","Asset",".prefab"
"541f73e53f31a9c45aada1a7441da18a","Library/PackageCache/com.unity.addressables@1.21.20/Tests/Runtime/CleanBundleCacheTests.cs","PackageCache",".cs"
"543674eec776b1442a192c932e6cd9b3","Library/PackageCache/com.unity.textmeshpro@3.0.6/Scripts/Runtime/TMP_TextElement.cs","PackageCache",".cs"
"5444a92cbcc0b4744a17f05e1a7d34e5","Assets/_Game/Scripts/Procedure/CompanyWarManager.cs","Asset",".cs"
"5472815444de2ce45bf2053a4af04b9d","Library/PackageCache/com.unity.ugui@1.0.0/Runtime/UI/Animation","PackageCache",""
"54aaf7e8e1f02d34182d881089f11f33","Library/PackageCache/com.unity.scriptablebuildpipeline@1.21.25/Editor/Shared/BuildSpriteData.cs","PackageCache",".cs"
"54d21f6ece3b46479f0c328f8c6007e0","Library/PackageCache/com.unity.textmeshpro@3.0.6/Scripts/Runtime/TMP_ColorGradient.cs","PackageCache",".cs"
"552d6f72e940a1c4a809b635a8f40d8b","Library/PackageCache/com.unity.scriptablebuildpipeline@1.21.25/Editor/Shared/DefaultBuildTasks.cs","PackageCache",".cs"
"553737203d61a8109f9544a97201e1aa","Library/PackageCache/com.unity.modules.unitywebrequestaudio@1.0.0/package.ModuleCompilationTrigger","PackageCache",".modulecompilationtrigger"
"555da02c9c624644c9695f325ea6a22c","Library/PackageCache/com.unity.addressables@1.21.20/Editor/Build/AnalyzeRules/CheckResourcesDupeDependencies.cs","PackageCache",".cs"
"55741e45fc3691847a2f45b30ef5a003","Assets/_Game/Art/Materials/Mat_E08.mat","Asset",".mat"
"5585298bf0833b040b458ff94f911fd9","Library/PackageCache/com.unity.scriptablebuildpipeline@1.21.25/Runtime/Shared","PackageCache",""
"55c37ea9f5d976e42b1dde4d00950371","Assets/_Game/Art/Prefabs/Models/MD_U05.prefab","Asset",".prefab"
"55e4a3046f0a81143b26185c1c98fb88","Assets/AddressableAssetsData/DataBuilders/BuildScriptFastMode.asset","Asset",".asset"
"560595c1147a03c47af5bcc7410963c0","Library/PackageCache/com.unity.scriptablebuildpipeline@1.21.25/Editor/WriteTypes","PackageCache",""
"561dd5984fde32741a712b4a968324fd","Library/PackageCache/com.unity.addressables@1.21.20/Editor/BuildReportVisualizer/BuildReport Resources/Icons/PlatformStandaloneWindowsIcon@2x.png","PackageCache",".png"
"565464a4fae31324d8996d56f4720559","Assets/_Game/Editor/EnemyCatalogEditorWindow.cs","Asset",".cs"
"566514eeee40fbb4095bb20d9ca5ef1b","Library/PackageCache/com.unity.addressables@1.21.20/Editor/BuildReportVisualizer/BuildReport Resources/Icons/PlatformLuminIcon@2x.png","PackageCache",".png"
"566527feaa02fa342ba1db3caed081f3","Assets/_Game/公司战争Mesh/U02.mtl","Asset",".mtl"
"56666c5a40171f54783dd416a44f42bf","Library/PackageCache/com.unity.ugui@1.0.0/Runtime/EventSystem/Raycasters/Physics2DRaycaster.cs","PackageCache",".cs"
"569f15755d5d88e48a93ae6b28dd62f8","Library/PackageCache/com.unity.addressables@1.21.20/Editor/Diagnostics/GUI/Graph/GraphLayerBackground.cs","PackageCache",".cs"
"56b83364b7f52904aadd36106fae74da","Assets/StreamingAssets/CompanyWar/Configs/Levels/L04.json","Asset",".json"
"56ba6cb160ebfc042b48224bd1a35614","Library/PackageCache/com.unity.ugui@1.0.0/Editor/UI/ScrollRectEditor.cs","PackageCache",".cs"
"56da723d8d583a148be9ced563599a29","Assets/_Game/Art/Prefabs/Units/U15.obj","Asset",".obj"
"56ef4f93265be0946bd0a1ba56d3e7af","Assets/_Game/Scripts/Systems/LevelSystem.cs","Asset",".cs"
"57095a17fdca7ee4380450910afc7f26","Assets/Plugins/UniTask/Runtime/PlayerLoopTimer.cs","Asset",".cs"
"574e95015bf14c12b33dfbb98168cbfc","Library/PackageCache/com.unity.scriptablebuildpipeline@1.21.25/Tests/Editor/ContentPipelineTests.cs","PackageCache",".cs"
"5796c4ece8a8f054dbd288aa4e18acff","Library/PackageCache/com.unity.addressables@1.21.20/Samples~/CustomBuildAndPlaymodeScripts/Editor/CustomPlayModeScript.cs","PackageCache",".cs"
"57ac9da21d3457849a8e45548290a508","Assets/Plugins/UniTask/Runtime/Linq/Min.cs","Asset",".cs"
"57b0b7d9f47442a438e8fb0ed660e715","Assets/_Game/Resources/11111/12.fbx","Asset",".fbx"
"57b750ebf04101548b9c6c2476a99ad8","Assets/_Game/Configs/Enemies.json","Asset",".json"
"57da22563bcd6ca4aaf256d941de5cb0","Assets/Plugins/UniTask/Runtime/Linq/ToLookup.cs","Asset",".cs"
"57e9ea768412fa444b9390d0e866a370","Assets/_Game/公司战争Mesh/U18.mtl","Asset",".mtl"
"57f56637f0f31e64e9f0e0f12fc10988","Assets/_YFanFramework/Scripts/Systems/AudioSystem/AudioSystem.cs","Asset",".cs"
"5834b5087d578d24c926ce20cd31e6d6","Library/PackageCache/com.unity.addressables@1.21.20/Editor/Settings/GroupSchemas/ContentUpdateGroupSchema.cs","PackageCache",".cs"
"58499f95012fb3c47bb7bcbc5862e562","Assets/Plugins/UniTask/Runtime/Linq/Average.cs","Asset",".cs"
"584fe6c027741e14dab27c903ac884a5","Assets/AddressableAssetsData/AssetGroups","Asset",""
"585b70cb75dd43efbfead809c30a1731","Library/PackageCache/com.unity.textmeshpro@3.0.6/Editor Resources/Textures/btn_AlignBottom_Light.psd","PackageCache",".psd"
"5869e219e2105b8409e3408d8910f90e","Library/PackageCache/com.unity.addressables@1.21.20/Editor/BuildReportVisualizer/UIToolKitAssets/StyleSheets/DrillableListItemStyle.uss","PackageCache",".uss"
"589533fb2413e3e4fba7df13a6a75bf2","Library/PackageCache/com.unity.ugui@1.0.0/Tests/Runtime/Layout/LayoutGroupScaling.cs","PackageCache",".cs"
"58d7919bd300ea94c8bc969913548cd8","Library/PackageCache/com.unity.addressables@1.21.20/Tests/Runtime/AddressablesTestUtilities.cs","PackageCache",".cs"
"58e7d991249847640b1534192721c5ea","Library/PackageCache/com.unity.ugui@1.0.0/Editor/UI/RectMask2DEditor.cs","PackageCache",".cs"
"58ff4bfa395aa2042afdcf677af05f31","Assets/_Game/Art/Models/Units/货运单元2.fbx","Asset",".fbx"
"592f7288ed0df2c4b884e2cd9baac023","Library/PackageCache/com.unity.textmeshpro@3.0.6/Tests/Editor/TMP_EditorTests.cs","PackageCache",".cs"
"593a5b492d29ac6448b1ebf7f035ef33","Assets/Plugins/UniTask/Runtime/External/Addressables/UniTask.Addressables.asmdef","Asset",".asmdef"
"59549f72de25b4c46b48c01b3e64ec90","Library/PackageCache/com.unity.addressables@1.21.20/Editor/BuildReportVisualizer/BuildReport Resources/Icons/PlatformiOSIcon@2x.png","PackageCache",".png"
"596c9ec38e3138046aff034674a6887c","Library/PackageCache/com.unity.addressables@1.21.20/Editor/BuildReportVisualizer/BuildReport Resources/Icons/PlatformXboxOneIcon.png","PackageCache",".png"
"59b61dbea1562a84fb7a38ae0a0a0f88","Assets/Plugins/UniTask/Runtime/Triggers/AsyncTriggerExtensions.cs","Asset",".cs"
"59cc863e5567d444c922475231eb4989","Assets/_Game/Scripts/Utils","Asset",""
"59e03b338c6cff14faed1af5e65b1904","Assets/_Game/Art/Prefabs/Models/Shader2_CULL.shader","Asset",".shader"
"59f8146938fff824cb5fd77236b75775","Library/PackageCache/com.unity.ugui@1.0.0/Runtime/UI/Core/Layout/VerticalLayoutGroup.cs","PackageCache",".cs"
"59fb71799f2041f4dbcbbfdd23b1d017","Assets/_Game/Scripts/UI/HudNewsTicker.cs","Asset",".cs"
"59ff1a66bbf66754f8613e3d8ae5f1d6","Assets/_Game/Art/Materials/Mat_E05.mat","Asset",".mat"
"5a1f06ba3ed945a18388695c57d7b14c","Library/PackageCache/com.unity.addressables@1.21.20/Tests/Runtime/OptionalPackages","PackageCache",""
"5a2e98b03511c6f43bc645238cd40857","Library/PackageCache/com.unity.ugui@1.0.0/Tests/Editor/InputField/ContentValidation.cs","PackageCache",".cs"
"5a5529cb00c9319488699e8367ff0f96","Library/PackageCache/com.unity.addressables@1.21.20/Editor/BuildReportVisualizer/BuildReport Resources/Icons/PlatformSwitchIcon.png","PackageCache",".png"
"5a7501c50d3f9304c960e1d1be564ebd","Library/PackageCache/com.unity.addressables@1.21.20/Samples~/ImportExistingGroup","PackageCache",""
"5ad0e35b994160844b457bd2836737b2","Library/PackageCache/com.unity.addressables@1.21.20/Runtime/AssetReference.cs","PackageCache",".cs"
"5ad5fa919de6248649b4c095f3809802","Library/PackageCache/com.unity.addressables@1.21.20/Editor/Settings/AddressableAssetGroupTemplateInterface.cs","PackageCache",".cs"
"5ae05d8a779ae1c4fac1145f710a443b","Assets/_Game/Tests/Cases/CW_Core_03_SpawnPointRetreatTests.cs","Asset",".cs"
"5af3322745e78aa488fca5a2090f8755","Library/PackageCache/com.unity.ugui@1.0.0/Tests/Runtime/Layout/HorizonalLayoutGroupTests.cs","PackageCache",".cs"
"5b5c6a576605b3c4aab7d27193785f27","Library/PackageCache/com.unity.textmeshpro@3.0.6/Scripts/Runtime/TMP_SpriteGlyph.cs","PackageCache",".cs"
"5b72480bfff6144178f40ead87ac5a85","Library/PackageCache/com.unity.addressables@1.21.20/Tests/Editor/OrgDataTests.cs","PackageCache",".cs"
"5b724fcc890f4bf42ba21c2e7b52918f","Library/PackageCache/com.unity.addressables@1.21.20/Samples~/Tests/Unity.Addressables.Samples.Tests.asmdef","PackageCache",".asmdef"
"5b83fbb5e29fce641964061aa2dfe055","Assets/_Game/Resources/u30.fbx","Asset",".fbx"
"5b9c8582a5e831f4788aca482a4c95d3","Library/PackageCache/com.unity.addressables@1.21.20/Tests/Editor/ProfileValueReferenceTests.cs","PackageCache",".cs"
"5bcd0a2406511c34fac1e82cec47397d","Assets/_Game/Art/Prefabs/Enemies/E15.obj","Asset",".obj"
"5bda7698faa434f0f954bdae3c7b06b9","Library/PackageCache/com.unity.addressables@1.21.20/Tests/Editor/ProfileGroupTypeTests.cs","PackageCache",".cs"
"5bee3e3860e37484aa3b861bf76d129f","Assets/Plugins/UniTask/Editor/UniTaskTrackerWindow.cs","Asset",".cs"
"5bf091dd7f42e004c80ab39b3e661cf5","Assets/_Game/Scripts/Utils/ConfigUtil.cs","Asset",".cs"
"5c004b1354944164fb076276c289afc1","Library/PackageCache/com.unity.ugui@1.0.0/Tests/Runtime/Graphic/ToggleTestImageHook.cs","PackageCache",".cs"
"5c01796d064528144a599661eaab93a6","Assets/Plugins/UniTask/Runtime/Linq/UniTask.Linq.asmdef","Asset",".asmdef"
"5c1ee4056d0ac7ad3c5a16597fcaa38a","Library/PackageCache/com.unity.modules.physics@1.0.0/package.ModuleCompilationTrigger","PackageCache",".modulecompilationtrigger"
"5c1ff9bd975acec488150743d53a93ca","Library/PackageCache/com.unity.scriptablebuildpipeline@1.21.25/Runtime/Unity.ScriptableBuildPipeline.asmdef","PackageCache",".asmdef"
"5c21d85484483e34a8ce3ddd74a19183","Library/PackageCache/com.unity.addressables@1.21.20/Editor/GUI/AddressableReadOnlyAttribute.cs","PackageCache",".cs"
"5c30a9ddb9fd5554daa0d3c8c6dfce20","Assets/_Game/Configs/Levels","Asset",""
"5c43eb43aecdf6147beb889f6807a9b3","Assets/Plugins/DOTween/Modules/DOTweenModuleAudio.cs","Asset",".cs"
"5c8a118a6b664c441820b8a87d7f6e28","Assets/Plugins/UniTask/Runtime/Linq/Max.cs","Asset",".cs"
"5c95bbf11a6c9ef4e90b0bc83ba69bd8","Assets/_Game/Scripts/Commands/DeployUnitCommand.cs","Asset",".cs"
"5cc79dcfe4c99ee4c8baf9bf0e5c8a40","Library/PackageCache/com.unity.addressables@1.21.20/Editor/Diagnostics/Data/EventDataSet.cs","PackageCache",".cs"
"5ceb3107bbdd1f14eb39091273798360","Assets/Plugins/UniTask/Runtime/Channel.cs","Asset",".cs"
"5d21fe059b6ed81429427b236f320d24","Library/PackageCache/com.unity.addressables@1.21.20/Runtime","PackageCache",""
"5d4c355ba24360941b879fa994973b47","Assets/_Game/Art/Materials/U02.mtl","Asset",".mtl"
"5d53ba54a61a44e4c9c206d9b0062b8d","Assets/_YFanFramework/Docs/ResUtil_Usage.md","Asset",".md"
"5d624c3bd70705446adc7ee473ceb159","Library/PackageCache/com.unity.addressables@1.21.20/Editor/Build/BuildPipelineTasks/AddHashToBundleNameTask.cs","PackageCache",".cs"
"5d8270a19d0c3ba49a2cb64251d3873f","Assets/_Game/Art/Materials/Mat_U08.mat","Asset",".mat"
"5d84cecfe201e8f409f47c5c1fa4c60b","Assets/Resources/Fonts","Asset",""
"5d9a6f10d6aba7e40b982e7ed18ecfff","Library/PackageCache/com.unity.addressables@1.21.20/Runtime/ResourceManager/AsyncOperations/UnityWebRequestOperation.cs","PackageCache",".cs"
"5da88f348abcbd94585671a69c672781","Library/PackageCache/com.unity.ugui@1.0.0/Tests/Runtime/Util/ImageHook.cs","PackageCache",".cs"
"5dc64c943466a44498be3b620c743b45","Library/PackageCache/com.unity.ugui@1.0.0/Runtime/EventSystem/UIElements","PackageCache",""
"5dc68c05a4228c643937f6ebd185bcca","Assets/Plugins/UniTask/Runtime/Linq/Aggregate.cs","Asset",".cs"
"5dd9dc33d3580de4ca03a6c750e59c75","Assets/StreamingAssets/CompanyWar/Configs/Levels/L00.json","Asset",".json"
"5e17c64e4d2cf1742879de399aad96bb","Library/PackageCache/com.unity.addressables@1.21.20/Tests/Runtime/ResourceManager/VirtualAssetBundleProviderTests.cs","PackageCache",".cs"
"5e19df003a0c478988bc3ac8d65e285a","Library/PackageCache/com.unity.addressables@1.21.20/Tests/Editor/OptionalPackages/Ccd/CcdNotFoundTests.cs","PackageCache",".cs"
"5e1c102f185ca2246b326c3ab5d0da5a","Assets/_YFanFramework/Docs","Asset",""
"5e4362a044425fb4e914f49a502abec7","Assets/Plugins/UniTask/Runtime/Linq/UnityExtensions","Asset",""
"5e44340fa5cd66c46ba43dd3bdbdba4f","Library/PackageCache/com.unity.addressables@1.21.20/Samples~/CustomAnalyzeRules/Editor/PathAddressIsPath.cs","PackageCache",".cs"
"5e787470cfd20b34b948d66b5b628f04","Assets/_Game/Art/Prefabs/Models","Asset",""
"5ea9f573d4b800a49b9d83a1f61c0a88","Library/PackageCache/com.unity.textmeshpro@3.0.6/Scripts/Runtime/TMP_FontFeatureTable.cs","PackageCache",".cs"
"5ebeb75bd91642048bb3f6c1939fde66","Library/PackageCache/com.unity.ugui@1.0.0/Runtime/UI/Core/MultipleDisplayUtilities.cs","PackageCache",".cs"
"5ec22ea32817fe444823d42d0c4e0024","Library/PackageCache/com.unity.scriptablebuildpipeline@1.21.25/Editor/WriteTypes/AssetBundleWriteOperation.cs","PackageCache",".cs"
"5ec2be4e6a00f6949a366d5108e6c7f2","Assets/_Game/Tests/Cases/CW_Core_02_AuthorizationUnlockTests.cs","Asset",".cs"
"5ec95f4d5b2d1f14e9ff8682562553f9","Library/PackageCache/com.unity.textmeshpro@3.0.6/Package Resources","PackageCache",""
"5ee4cb20bb27b584999aca23d1f30f93","Library/PackageCache/com.unity.addressables@1.21.20/Editor/BuildReportVisualizer/UIToolKitAssets/UXML/PotentialIssues.uxml","PackageCache",".uxml"
"5eeb025e9cd56fc448ee0646f0bd6fa8","Assets/StreamingAssets/CompanyWar","Asset",""
"5eed2ed301db02b44abbc1ae9c176b25","Assets/_Game/Art/Prefabs/Buildings","Asset",""
"5efb62e6f1c6da94e8d016720d9761dc","Library/PackageCache/com.unity.scriptablebuildpipeline@1.21.25/ValidationExceptions.json","PackageCache",".json"
"5efe6ffbacc3ffd4892844438cc7d814","Library/PackageCache/com.unity.addressables@1.21.20/Samples~/Tests/SamplesTests.cs","PackageCache",".cs"
"5f0270e64b3580847a1adbb01f58852b","Library/PackageCache/com.unity.scriptablebuildpipeline@1.21.25/Editor/Tasks/CalculateCustomDependencyData.cs","PackageCache",".cs"
"5f0c1aed238f0fd43a7de0e19ebe4e50","Assets/_Game/Configs/Levels/L03.json","Asset",".json"
"5f26951b088b2754c8152d69735521e0","Assets/_Game/Art","Asset",""
"5f31ad13175873843b286eb524d6f54d","Library/PackageCache/com.unity.addressables@1.21.20/Editor/Diagnostics/Profiler/ContentDataTreeView.cs","PackageCache",".cs"
"5f39f495294d4604b8082202faf98554","Assets/Plugins/UniTask/Runtime/Internal/Error.cs","Asset",".cs"
"5f4d1d59e25085e489592b2342c86673","Library/PackageCache/com.unity.addressables@1.21.20/Tests/Runtime/AsyncTaskTests.cs","PackageCache",".cs"
"5f7201a12d95ffc409449d95f23cf332","Library/PackageCache/com.unity.ugui@1.0.0/Runtime/UI/Core/Text.cs","PackageCache",".cs"
"5fa2cfeb0d5e3974793ce114456970ef","Assets/_Game/公司战争Mesh/U03 (1).mtl","Asset",".mtl"
"5fa9b6c8177baab4ab16f8559880f134","Assets/_Game/Art/Prefabs/Buildings/PF_U10.prefab","Asset",".prefab"
"5fc1f557736750f4282bb8e6d1c4eeda","Assets/_YFanFramework/Docs/TimerUtil_Usage.md","Asset",".md"
"5fc5c250c14be5a459fa67e055683317","Assets/_Game/Art/Prefabs/Units/U12.prefab","Asset",".prefab"
"5fc988a1d5b04aee9a5222502b201a45","Library/PackageCache/com.unity.textmeshpro@3.0.6/Scripts/Runtime","PackageCache",""
"601e1e43289e4cf891b8fc1f5acf6917","Library/PackageCache/com.unity.addressables@1.21.20/Editor/Diagnostics/Profiler/BuildLayoutsManager.cs","PackageCache",".cs"
"6055be8ebefd69e48b49212b09b47b2f","Library/PackageCache/com.unity.textmeshpro@3.0.6/Scripts/Runtime/Unity.TextMeshPro.asmdef","PackageCache",".asmdef"
"60cdf0bcaea36b444a7ae7263ae7598f","Assets/Plugins/UniTask/Runtime/Internal/StatePool.cs","Asset",".cs"
"60f3f59e901b8d64da37964161acc3f8","Assets/_Game/Resources/BGMs","Asset",""
"61189accf2e8d427e8a15c5ccd4db00b","Library/PackageCache/com.unity.addressables@1.21.20/Runtime/ResourceManager/AsyncOperations","PackageCache",""
"61509fb255c7c9947bd3fb9f1541173d","Assets/_Game/Art/Prefabs/Enemies/E05.obj","Asset",".obj"
"61985980b88404b40abb13be18b78b3b","Library/PackageCache/com.unity.addressables@1.21.20/Tests/Runtime/TestObject2.cs","PackageCache",".cs"
"61a20120cddc53849bbc10fc805ffe3e","Library/PackageCache/com.unity.ugui@1.0.0/Runtime/UI/Core/IMaskable.cs","PackageCache",".cs"
"61b4686ee052efc47bb22ad9f34b11fb","Assets/Plugins/UniTask/Runtime/Triggers","Asset",""
"61d491d99e9292c4a81d7d01a74781ea","Library/PackageCache/com.unity.ugui@1.0.0/Runtime/UI/Core/Navigation.cs","PackageCache",".cs"
"61fc287de507f6d44a8d9a6ea2f944df","Library/PackageCache/com.unity.addressables@1.21.20/Tests/Runtime","PackageCache",""
"621a76c0c3927aa45aba7d2ad0c8e1c8","Library/PackageCache/com.unity.ugui@1.0.0/Tests/Runtime/Util/GraphicTestHelper.cs","PackageCache",".cs"
"622eb800e761d4b43aab33553df4a430","Assets/_Game/Scripts/UI/UIChineseFontBinder.cs","Asset",".cs"
"623c79a1e113b4941afdbfc88d19e8fd","Library/PackageCache/com.unity.ugui@1.0.0/Runtime/EventSystem/ExecuteEvents.cs","PackageCache",".cs"
"6246d2363ac53954896146ce6adbec3a","Assets/_Game/Scripts/Logic/Core/Domain/BattleEngine.cs","Asset",".cs"
"62587f30b7ab6b44e97cab2ebbbc1a5b","Library/PackageCache/com.unity.addressables@1.21.20/Editor/Diagnostics/Profiler/UXML/MissingReport.uxml","PackageCache",".uxml"
"6294567ae0241e540a0423a0515d287d","Library/PackageCache/com.unity.addressables@1.21.20/Runtime/Initialization/UpdateCatalogsOperation.cs","PackageCache",".cs"
"629be5f41dcecd74aabcc84d3d3941b3","Assets/Plugins/DOTween/Editor/Imgs/Header.jpg","Asset",".jpg"
"62bcaa0a077cdaf43aaf9afdbc6f549a","Assets/_Game/公司战争Mesh/U21.mtl","Asset",".mtl"
"62d523cfe47d64e43a6d72011ad4a7ca","Library/PackageCache/com.unity.addressables@1.21.20/Editor/Diagnostics/GUI/EventViewerWindow.cs","PackageCache",".cs"
"632c145638f685b4883fbd81884e496a","Library/PackageCache/com.unity.addressables@1.21.20/Tests/Editor/CustomTestSchema.cs","PackageCache",".cs"
"6344b85d62f1f2740ae213871c5a15e8","Assets/_Game/Art/Prefabs/Models/MD_U04.prefab","Asset",".prefab"
"6347ab34d2db6d744a654e8d62d96b96","Assets/Plugins/UniTask/Runtime/TimeoutController.cs","Asset",".cs"
"634d22cc95ac69641b8e6f5619e01630","Library/PackageCache/com.unity.addressables@1.21.20/Tests/Editor/DocExampleCode/LoadMultiple.cs","PackageCache",".cs"
"6356449d0e7fa7647972b14e67e3273b","Library/PackageCache/com.unity.addressables@1.21.20/Editor/BuildReportVisualizer/DetailsPanel/DetailsContents.cs","PackageCache",".cs"
"6366ee97f6b541449155028b9487355a","Library/PackageCache/com.unity.textmeshpro@3.0.6/Scripts/Runtime/TMP_SpriteAnimator.cs","PackageCache",".cs"
"63ad63bf47749b944a87fce982b8b54b","Library/PackageCache/com.unity.scriptablebuildpipeline@1.21.25/Editor/Shared/BuildResults.cs","PackageCache",".cs"
"63e950f5b8d524d43b391e54d52f9ac0","Library/PackageCache/com.unity.addressables@1.21.20/Editor/Settings/AddressableScenesManager.cs","PackageCache",".cs"
"642b2c2954fd5574fa229fca7cac5ac4","Assets/_Game/Scripts/UI/BattlePanel.cs","Asset",".cs"
"643c3989e991eb74ca3064e6baa4361a","Library/PackageCache/com.unity.addressables@1.21.20/Tests/Editor/DocExampleCode/Readme.txt","PackageCache",".txt"
"6456c5ae7c7004aef90544e60bdb58e6","Library/PackageCache/com.unity.addressables@1.21.20/Tests/Editor/DocExampleCode/DownloadError.cs","PackageCache",".cs"
"6468a66b467b3f440929865a8ad85665","Library/PackageCache/com.unity.addressables@1.21.20/Runtime/ResourceManager","PackageCache",""
"6478c43f47f94ca4ea4c27edbe1a2ffa","Assets/_YFanFramework/Scripts/Procedure","Asset",""
"64b9fad609434c489c32b1cdf2004a1c","Library/PackageCache/com.unity.textmeshpro@3.0.6/Editor Resources/Textures/btn_AlignFlush_Light.psd","PackageCache",".psd"
"650ebd669a825974fb456ee5c5558696","Assets/_Game/Art/Materials/Mat_U18.mat","Asset",".mat"
"65310ecd42c0ea14e8282e199bb589d3","Assets/_YFanFramework/Scripts/Systems/BattleSystem/IBattleSystem.cs","Asset",".cs"
"6546d7765b4165b40850b3667f981c26","Library/PackageCache/com.unity.textmeshpro@3.0.6/Scripts/Editor/Unity.TextMeshPro.Editor.asmdef","PackageCache",".asmdef"
"6559e9563688d0040a7f2ba6e247bf90","Library/PackageCache/com.unity.addressables@1.21.20/Editor/Diagnostics/GUI","PackageCache",""
"656e461844099ae43a609ff6109b0877","Library/PackageCache/com.unity.textmeshpro@3.0.6/Tests/Editor/Unity.TextMeshPro.Editor.Tests.asmdef","PackageCache",".asmdef"
"6587bd970d7104147955315630d14712","Assets/_Game/Resources/11111/6.fbx","Asset",".fbx"
"658c1fb149e7498aa072b0c0f3bf13f0","Library/PackageCache/com.unity.textmeshpro@3.0.6/Scripts/Runtime/TMP_CoroutineTween.cs","PackageCache",".cs"
"65a953cb0484491489d7f98ae3e35db9","Assets/_Game/Docs/EditorTools_Usage.md","Asset",".md"
"65b4415e251f7254db22c87ae045dd4b","Library/PackageCache/com.unity.addressables@1.21.20/Tests/Editor/DocExampleCode/ScriptReference/UsingLogFormat.cs","PackageCache",".cs"
"65b714b6377cb9c45a6edbc16f1f3092","Library/PackageCache/com.unity.addressables@1.21.20/Editor/Diagnostics/GUI/Graph/GraphDefinition.cs","PackageCache",".cs"
"65c82791d288eae4b8814a70bce6c8d2","Library/PackageCache/com.unity.addressables@1.21.20/Editor/BuildReportVisualizer/BuildReport Resources","PackageCache",""
"661604ad6e46c21468a2056042cf1ad5","Assets/_Game/Tests/Framework/CoreTestRunner.cs","Asset",".cs"
"6616141fe64e4fc2b16c015f32d0a64d","Library/PackageCache/com.unity.scriptablebuildpipeline@1.21.25/Editor/Shared/BuildContent.cs","PackageCache",".cs"
"66185db19a635e843a3fafb0d958a9ae","Assets/Plugins/UniTask/Runtime","Asset",""
"66224f1e0c916e74abdbed7be1f2ca7d","Library/PackageCache/com.unity.addressables@1.21.20/Editor/BuildReportVisualizer/UIToolKitAssets/StyleSheets/SummaryTabDark.uss","PackageCache",".uss"
"6665e03593d44dae8f9e2ada8752d2dc","Library/PackageCache/com.unity.addressables@1.21.20/Tests/Editor/Diagnostics/EventDataSetTests.cs","PackageCache",".cs"
"66938b26cbbd898498a9ad998e49dbbe","Library/PackageCache/com.unity.addressables@1.21.20/Tests/Editor/DocExampleCode/ScriptReference/UsingRemoveResourceLocator.cs","PackageCache",".cs"
"6693fedb2f9cff34daf570eeac4f32e5","Assets/_Game/Docs/Architecture.md","Asset",".md"
"66a20bcf1614c6343b92f445a5ac3e8c","Assets/_YFanFramework/Scripts/Core/Attributes/AutoRegisterAttribute.cs","Asset",".cs"
"66a7a5932b5cd4dceb8261d66734b440","Library/PackageCache/com.unity.addressables@1.21.20/Editor/HostingServices/HostingServicesManager.cs","PackageCache",".cs"
"66c2b738157840b43a4f923dc575193b","Library/PackageCache/com.unity.addressables@1.21.20/Editor/BuildReportVisualizer/BuildReport Resources/Icons/FileNoIcon@3x.png","PackageCache",".png"
"66c34908b4cfe21458a82265161b0186","Assets/_Game/Scripts/Logic/Core/Domain/QueryService.cs","Asset",".cs"
"66e8376ba5f093047bc9ab5d3d61430b","Library/PackageCache/com.unity.addressables@1.21.20/Editor/BuildReportVisualizer/BuildReport Resources/Icons/PlatformStandaloneWindowsIcon.png","PackageCache",".png"
"6719223fb1e7d804091db79ce4200b50","Library/PackageCache/com.unity.addressables@1.21.20/Tests/Editor/AnalyzeRules/CheckBundleDupeDependencyTests.cs","PackageCache",".cs"
"674dfee5f0aebdf4e925987848d19bc6","Assets/_Game/公司战争Mesh/E13.mtl","Asset",".mtl"
"6793e13dbe221bf429465870727968c4","Assets/_Game/Art/Materials/Mat_U03.mat","Asset",".mat"
"6796f792860ff7d4c999d47a82b39295","Library/PackageCache/com.unity.addressables@1.21.20/Samples~/CustomAnalyzeRules/Editor","PackageCache",""
"679a82d1118718a4da12db12c0245813","Assets/_Game/Scripts/Utils/JsonConfigUtil.cs","Asset",".cs"
"67ae6071e3347f84a9276cfcdbdb6f1b","Assets/_Game/Art/Prefabs/Units/U20.obj","Asset",".obj"
"67be190ec5cee604dbe5bb9329252a54","Library/PackageCache/com.unity.addressables@1.21.20/Editor/Diagnostics/Profiler/AddressablesProfilerUnsupported.cs","PackageCache",".cs"
"67db9e8f0e2ae9c40bc1e2b64352a6b4","Library/PackageCache/com.unity.ugui@1.0.0/Runtime/UI/Core/Slider.cs","PackageCache",".cs"
"67e3583b91179094094c6a188b232262","Library/PackageCache/com.unity.ugui@1.0.0/Runtime/UI/Core/Culling/Clipping.cs","PackageCache",".cs"
"6804799fba2376d4099561d176101aff","Assets/Plugins/UniTask/Runtime/UnityAsyncExtensions.uGUI.cs","Asset",".cs"
"680fb597e686741c7a2e225708f654d2","Library/PackageCache/com.unity.addressables@1.21.20/Runtime/ResourceManager/AssemblyInfo.cs","PackageCache",".cs"
"68204acf7cb1bb74091cd6779c3da569","Library/PackageCache/com.unity.addressables@1.21.20/Tests/Runtime/ResourceManager/Operations/AsyncOperationHandleTests.cs","PackageCache",".cs"
"68413b30f6236ad45840f8c4294add33","Assets/_Game/Resources/11111/7.fbx","Asset",".fbx"
"6845248e04083fd42b808f80be8c3fe3","Assets/_Game/Art/Prefabs/Buildings/PF_U09.prefab","Asset",".prefab"
"6856d3dbe057edd4f841101e4669f560","Assets/_Game/Art/Prefabs/Units/U09.prefab","Asset",".prefab"
"68a1044907da3f341bdb2167b94c0938","Assets/_Game/Art/Prefabs/Units/U16.obj","Asset",".obj"
"68ae6ee796188e94283e0506823d4a47","Assets/_Game/Art/Prefabs/Units/U13.obj","Asset",".obj"
"68b7bb1dd436ef14198113cfcf1c1c46","Library/PackageCache/com.unity.addressables@1.21.20/Editor/BuildReportVisualizer/UIToolKitAssets","PackageCache",""
"68cc81c069dc37a4a953b1ddf8feb7fc","Assets/_YFanFramework/Docs/YLog_Usage.md","Asset",".md"
"68d72a45afdec574ebc26e7de2c38330","Assets/Plugins/UniTask/Runtime/CompilerServices/AsyncUniTaskMethodBuilder.cs","Asset",".cs"
"68e6db2ebdc24f95958faec2be5558d6","Assets/TextMesh Pro/Shaders/TMP_SDF.shader","Asset",".shader"
"68eedd4e5b33b37429c02c4add0036fe","Library/PackageCache/com.unity.textmeshpro@3.0.6/Scripts/Editor/TMP_PackageUtilities.cs","PackageCache",".cs"
"691475c57a824010be0c6f474caeb7e1","Library/PackageCache/com.unity.textmeshpro@3.0.6/Editor Resources/Textures/btn_AlignFlush.psd","PackageCache",".psd"
"691db8cb70c4426a8ae718465c21345f","Library/PackageCache/com.unity.textmeshpro@3.0.6/Scripts/Runtime/TMP_UpdateManager.cs","PackageCache",".cs"
"6927363d65dcda940b12e68308e980bc","Library/PackageCache/com.unity.addressables@1.21.20/Tests/Editor/GroupSchemaTests.cs","PackageCache",".cs"
"69303074fc8049c794e80a49d142e38d","Library/PackageCache/com.unity.addressables@1.21.20/Tests/Editor/Diagnostics/EventDataPlayerSessionTests.cs","PackageCache",".cs"
"69448af7b92c7f342b298e06a37122aa","Library/PackageCache/com.unity.addressables@1.21.20/Editor/Unity.Addressables.Editor.asmdef","PackageCache",".asmdef"
"69866e262589ea643bbc62a1d696077a","Assets/Plugins/UniTask/Runtime/Linq/AsUniTaskAsyncEnumerable.cs","Asset",".cs"
"69a3d9bdf64896044a9fdb61df07a1f8","Library/PackageCache/com.unity.scriptablebuildpipeline@1.21.25/Editor/Tasks/UpdateBundleObjectLayout.cs","PackageCache",".cs"
"69ae55f76840b2849ba56cfb53a17df0","Library/PackageCache/com.unity.ugui@1.0.0/Runtime/UI/Core/StencilMaterial.cs","PackageCache",".cs"
"69be213651d80fa4e91e08f167430e1a","Library/PackageCache/com.unity.addressables@1.21.20/Samples~/CustomBuildAndPlaymodeScripts/LoadSceneForCustomBuild.cs","PackageCache",".cs"
"69d3f19413a88324199b41186cf34b9f","Library/PackageCache/com.unity.addressables@1.21.20/Editor/Build/AddressablesDataBuilderInput.cs","PackageCache",".cs"
"69e3979b7029e8a4da2d96b714ba5c3a","Library/PackageCache/com.unity.ugui@1.0.0/Runtime/UI/Core/GraphicRegistry.cs","PackageCache",".cs"
"69eef738ab4fa5d4c82e3f424ea1a5cd","Library/PackageCache/com.unity.addressables@1.21.20/Editor/BuildReportVisualizer/BuildReport Resources/Icons/PlatformPS4Icon@2x.png","PackageCache",".png"
"6a1c8da71d6fa024fb491ef337779cf3","Library/PackageCache/com.unity.addressables@1.21.20/Editor/GUI/GUIElements/RibbonButton.cs","PackageCache",".cs"
"6a27c6d8582c61a4e8a2d107f5b6a557","Assets/_YFanFramework/Prefabs/AudioSourceItem.prefab","Asset",".prefab"
"6a6004f87009b4fad9ad9582dc0c7016","Library/PackageCache/com.unity.addressables@1.21.20/Runtime/ResourceManager/ResourceProviders","PackageCache",""
"6a7a6cf901dabe64586a9bd99395189a","Library/PackageCache/com.unity.scriptablebuildpipeline@1.21.25/Tests/Editor/WriteSerializedFileTests.cs","PackageCache",".cs"
"6a7f04e028569f74e86bd76972ff7b2a","Library/PackageCache/com.unity.addressables@1.21.20/Tests/Runtime/ResourceManager/Operations","PackageCache",""
"6a881c35c9c8410fa42113c516121903","Library/PackageCache/com.unity.addressables@1.21.20/Runtime/ResourceManager/Diagnostics/Profiling/ProfilerFrameData.cs","PackageCache",".cs"
"6a8a673604c68704ebbbf6f050c8dd25","Assets/StreamingAssets/CompanyWar/Configs/LevelArchives.json","Asset",".json"
"6a981cd1456bec84b86e1c66773f57f5","Library/PackageCache/com.unity.ugui@1.0.0/Editor/UI/GridLayoutGroupEditor.cs","PackageCache",".cs"
"6ab59bdae5595f345b4b7357f4cade78","Library/PackageCache/com.unity.addressables@1.21.20/Tests/Editor/DocExampleCode/DisableBuildWarnings.cs","PackageCache",".cs"
"6ab70aee4d56447429c680537fbf93ed","Assets/TextMesh Pro/Fonts","Asset",""
"6ab8ec987142fec4f84a3daa06a8b4c8","Library/PackageCache/com.unity.scriptablebuildpipeline@1.21.25/Tests/Editor/ArchiveAndCompressTestFixture.cs","PackageCache",".cs"
"6ace62d30f494c948b71d5594afce11d","Library/PackageCache/com.unity.textmeshpro@3.0.6/Editor Resources/Textures/btn_AlignCenter_Light.psd","PackageCache",".psd"
"6ad632cbcc87f634d9b86006cdffdaf5","Library/PackageCache/com.unity.textmeshpro@3.0.6/Scripts/Runtime/TMP_TextParsingUtilities.cs","PackageCache",".cs"
"6afb166a156df2d20433d981f4bb2832","Library/PackageCache/com.unity.modules.vehicles@1.0.0/package.json","PackageCache",".json"
"6b01141ed8f74d198965c86f25eb7040","Library/PackageCache/com.unity.textmeshpro@3.0.6/Scripts/Editor/TMP_SubMeshUI_Editor.cs","PackageCache",".cs"
"6b259c4003a802847b9ada90744e34c5","Library/PackageCache/com.unity.textmeshpro@3.0.6/Scripts/Runtime/TMP_EditorResourceManager.cs","PackageCache",".cs"
"6b2e26372b35c4f47a102f1defd27ccb","Library/PackageCache/com.unity.scriptablebuildpipeline@1.21.25/Documentation~/TableofContents.md","PackageCache",".md"
"6b4a4e229baaa2544a4d681cc0dc5dea","Library/PackageCache/com.unity.addressables@1.21.20/Editor/Settings/AddressableAssetEntry.cs","PackageCache",".cs"
"6b6231f2625ddce4e99b07635ce1d101","Library/PackageCache/com.unity.addressables@1.21.20/Tests/Editor/KeyDataStoreTests.cs","PackageCache",".cs"
"6b781cca3dbc4b12bd34a2f36633abca","Library/PackageCache/com.unity.addressables@1.21.20/Runtime/ResourceManager/Diagnostics/Profiling/FrameDataStructs.cs","PackageCache",".cs"
"6c01fbe0a29ffc54fa5adeef1d9c2c24","Library/PackageCache/com.unity.addressables@1.21.20/Editor/Icons","PackageCache",""
"6c39343024583ed40bd086fabae27a4a","Assets/_Game/Art/Prefabs/Buildings/PF_E13.prefab","Asset",".prefab"
"6c78563864409714593226af59bcb6f3","Assets/Plugins/UniTask/Runtime/Internal/WeakDictionary.cs","Asset",".cs"
"6cb07f6e88287e34d9b9301a572284a5","Assets/Plugins/UniTask/Runtime/Linq/CombineLatest.cs","Asset",".cs"
"6ccb3780196fe954281aaa0dc82b568c","Assets/_Game/公司战争Mesh/U08 (1).mtl","Asset",".mtl"
"6ce13981fcac51b44963c6a42ce9bab1","Assets/_Game/Scripts/Prototype3D","Asset",""
"6d2f1f46c2a196649b1eb9cd319cc991","Library/PackageCache/com.unity.scriptablebuildpipeline@1.21.25/Tests/Editor/FileCompressorTests.cs","PackageCache",".cs"
"6d437b997e074079b4b2f6e395394f4b","Library/PackageCache/com.unity.textmeshpro@3.0.6/Scripts/Editor/TMP_MeshRendererEditor.cs","PackageCache",".cs"
"6d56244f8c39a851975d3c0bd432c66f","Library/PackageCache/com.unity.modules.terrain@1.0.0/package.json","PackageCache",".json"
"6d8f134b0ae92d74f98a02c9c7098aa2","Assets/HDRPDefaultResources","Asset",""
"6d97546331657044a99aed2e45ee76a2","Library/PackageCache/com.unity.addressables@1.21.20/Editor/Build/AnalyzeRules/AnalyzeSystem.cs","PackageCache",".cs"
"6d9df2bc198c417db00037803568139c","Library/PackageCache/com.unity.textmeshpro@3.0.6/Scripts/Runtime/TMP_MaterialManager.cs","PackageCache",".cs"
"6da55d5e5de247c4b8f127d51cf0ea09","Assets/_YFanFramework/Scripts/Systems/InputSystem","Asset",""
"6dbcf248c987476181a37f01a1814975","Library/PackageCache/com.unity.textmeshpro@3.0.6/Scripts/Editor/TMP_DropdownEditor.cs","PackageCache",".cs"
"6debaf13cb077324abe502e06a9bb0bd","Assets/_Game/Tests/Cases/CW_UNIT_0102_ConfigProvider.cs","Asset",".cs"
"6e2a09ccb8262c34182f4dd003460a9f","Assets/StreamingAssets/CompanyWar/Configs/Levels/L13.json","Asset",".json"
"6e32aa0a679432a48bc258313c546d72","Assets/_Game/Resources/u33.fbx","Asset",".fbx"
"6e4b11d3ae39f459483b122f50af55ee","Library/PackageCache/com.unity.addressables@1.21.20/Runtime/ResourceManager/ResourceProviders/Simulation/VirtualBundledAssetProvider.cs","PackageCache",".cs"
"6e59c59b81ab47f9b6ec5781fa725d2c","Assets/TextMesh Pro/Fonts/LiberationSans - OFL.txt","Asset",".txt"
"6e9f917ad8ac09b46a3957f3e5e11944","Assets/_Game/Art/Prefabs/Units/PF_U18.prefab","Asset",".prefab"
"6f1e6fcadea14384a8da93570791a0e1","Assets/_Game/Configs/Levels/L01.json","Asset",".json"
"6f5f2eb71e71b446dae10e69b8a38b2c","Library/PackageCache/com.unity.addressables@1.21.20/Runtime/ResourceLocators/LegacyResourcesLocator.cs","PackageCache",".cs"
"6f6189b0cceb888419584e7530f12876","Assets/_Game/Art/Prefabs/Units/PF_U22.prefab","Asset",".prefab"
"6f6c277bb5d2a164e8c95a7f0754c0f6","Library/PackageCache/com.unity.addressables@1.21.20/CHANGELOG.md","PackageCache",".md"
"6f72aa6eab9392548b9e9d92eb6b2ef8","Library/PackageCache/com.unity.ugui@1.0.0/Editor/EventSystem/EventSystemEditor.cs","PackageCache",".cs"
"6faf7d815764fef408b2e42c8982f2d0","Library/PackageCache/com.unity.addressables@1.21.20/Tests/Runtime/Initialization","PackageCache",""
"6fb761a492f57d84586a8264df7b3cc0","Library/PackageCache/com.unity.ugui@1.0.0/Tests/Runtime/EventSystem/Physics2DRaycasterTests.cs","PackageCache",".cs"
"6fcad11926dfda34fbc9e1054306a774","Library/PackageCache/com.unity.addressables@1.21.20/Editor/Diagnostics/Profiler/UXML/HelpDisplay.cs","PackageCache",".cs"
"6fdea2af3daa40fe8f88e5e9cfc17abb","Library/PackageCache/com.unity.textmeshpro@3.0.6/Scripts/Editor/TMP_PostBuildProcessHandler.cs","PackageCache",".cs"
"6fea6aa8d800ff94baa9d7edb9754298","Library/PackageCache/com.unity.addressables@1.21.20/Editor/Settings/AddressablesFileEnumeration.cs","PackageCache",".cs"
"6ff8a38d580a5e34c818334c22c6afef","Library/PackageCache/com.unity.addressables@1.21.20/Editor/BuildReportVisualizer/MainToolbar.cs","PackageCache",".cs"
"7065397ff8184621aa3ca4f854491259","Library/PackageCache/com.unity.textmeshpro@3.0.6/Scripts/Editor/TMPro_CreateObjectMenu.cs","PackageCache",".cs"
"70c658661ab7843829cea681cc9c9319","Library/PackageCache/com.unity.addressables@1.21.20/Runtime/AssemblyInfo.cs","PackageCache",".cs"
"70dbf0e1d29a75a48ac70a81ea806b48","Assets/_Game/公司战争Mesh/U03.obj","Asset",".obj"
"70de14cba7ff49dda736954e76c4bec5","Assets/_Game/Scripts/Prototype3D/CompanyWarEnvironmentRingRenderer.cs","Asset",".cs"
"71136fc5cf34f2cc10be0e33c0b08019","Library/PackageCache/com.unity.modules.unityanalytics@1.0.0/package.ModuleCompilationTrigger","PackageCache",".modulecompilationtrigger"
"712ae2ee0cba19949b3be0a36818e12b","Assets/_Game/Tests/Cases/CW_TEST_U01_VS_E02_Detailed.cs","Asset",".cs"
"7137f8b8867c7bc4ab6a2be08b9eca9e","Assets/_Game/Scripts/Configs","Asset",""
"715a1813af334a6db7f3c47daec400af","Library/PackageCache/com.unity.addressables@1.21.20/Editor/Diagnostics/Profiler/AddressablesProfilerDetailsDataInspector.cs","PackageCache",".cs"
"716ae6dbc1adf2e41a87221b49ada1d5","Assets/_YFanFramework/Scripts/Utils/ResUtil.cs","Asset",".cs"
"71716b69dc373ef4db09f8e00274e6df","Assets/_Game/Resources/11111/1.glb","Asset",".glb"
"717b55fbf36106b449169defda0705c7","Library/PackageCache/com.unity.scriptablebuildpipeline@1.21.25/Editor/Interfaces/IBuildCache.cs","PackageCache",".cs"
"718966f960cb50643986195e5fe953ca","Library/PackageCache/com.unity.ugui@1.0.0/Runtime/UI/Core/VertexModifiers/BaseMeshEffect.cs","PackageCache",".cs"
"71961eac56626e843b49311677878c82","Assets/_Game/公司战争Mesh/U09.obj","Asset",".obj"
"71a08142ab9cc3e4c9ae929dc2ae704a","Assets/StreamingAssets/CompanyWar/Configs/Levels/L15.json","Asset",".json"
"71c1514a6bd24e1e882cebbe1904ce04","Library/PackageCache/com.unity.textmeshpro@3.0.6/Scripts/Runtime/TMP_FontAsset.cs","PackageCache",".cs"
"71c9532ec33dc0b4dbe723ee65d372a1","Library/PackageCache/com.unity.addressables@1.21.20/Runtime/Services","PackageCache",""
"71dd222b664f2dd4bad7db06bea49f6f","Assets/_Game/Resources/u25.fbx","Asset",".fbx"
"71fb30020ea4f274eac77fb30b822893","Assets/_Game/Scripts/UI/PausePanelController.cs","Asset",".cs"
"71fc9b2cac606a145a8f63e936bde192","Assets/_Game/Art/Prefabs/Enemies/PF_E04.prefab","Asset",".prefab"
"7202df5a44e931544b7a23afa57eb024","Assets/_Game/Scripts/UI/BattleCardUI.cs","Asset",".cs"
"722c9cb137e6ef0458798b9a9e0d1204","Library/PackageCache/com.unity.addressables@1.21.20/Tests/Editor/ProfileSettingsTests.cs","PackageCache",".cs"
"722d9658f4892ba47a7a9db5fdf152d6","Library/PackageCache/com.unity.addressables@1.21.20/Runtime/ResourceManager/ResourceProviders/SceneProvider.cs","PackageCache",".cs"
"7241c7dc25374fc1a6ab3ef9da79c363","Library/PackageCache/com.unity.textmeshpro@3.0.6/Scripts/Editor/TMP_ResourcesLoader.cs","PackageCache",".cs"
"7244eea8b0a6c4e6749ded9e9831daa7","Library/PackageCache/com.unity.modules.animation@1.0.0/.icon.png","PackageCache",".png"
"7271437e0033af2448b600ee248924dd","Assets/Plugins/UniTask/Runtime/Linq/All.cs","Asset",".cs"
"728d2c19676ea3743aaa087aa28c4a16","Library/PackageCache/com.unity.ugui@1.0.0/Editor/UI/PropertyDrawers/SpriteStateDrawer.cs","PackageCache",".cs"
"731c7388c6b12db4d8f388873db18be5","Assets/AddressableAssetsData/AssetGroups/Built In Data.asset","Asset",".asset"
"731f1baa9d144a9897cb1d341c2092b8","Assets/TextMesh Pro/Resources/Fonts & Materials","Asset",""
"732aa8bf67ed2de438b3f2f56850c43e","Library/PackageCache/com.unity.addressables@1.21.20/Editor/Build/DataBuilderInterfaces.cs","PackageCache",".cs"
"735d54f21944f834f931716514c87a84","Library/PackageCache/com.unity.ugui@1.0.0/Tests/Runtime/Canvas/RectMask2DWithNestedCanvasCullsUsingCorrectCanvasRect.cs","PackageCache",".cs"
"736c37b44570af14e8f8e8e26f0ed941","Library/PackageCache/com.unity.scriptablebuildpipeline@1.21.25/Editor/Utilities/USerializeTools","PackageCache",""
"738ea664e66824aa885346392956abc2","Library/PackageCache/com.unity.addressables@1.21.20/Tests/Runtime/AssemblyInfo.cs","PackageCache",".cs"
"73a498fc1e33cfa4398abf25a3293d21","Assets/_Game/Configs/Levels/L00.json","Asset",".json"
"73e65bf99733ab54ebbdacf1938482a6","Assets/_Game/Art/Materials/Mat_E07.mat","Asset",".mat"
"741fd6a7eb857a74b939184269d01239","Library/PackageCache/com.unity.addressables@1.21.20/Editor/BuildReportVisualizer/BuildReport Resources/Icons/d_History.Forward@2x.png","PackageCache",".png"
"7421e9434772c1542ac5a39c1a9accc5","Library/PackageCache/com.unity.addressables@1.21.20/Editor/BuildReportVisualizer/BuildReport Resources/Icons/PlatformAndroidIcon@2x.png","PackageCache",".png"
"742654cad2425334696ba6ed4495cfef","Library/PackageCache/com.unity.ugui@1.0.0/Runtime/UI","PackageCache",""
"7496af95dfe67cf429ac65edaaf99106","Library/PackageCache/com.unity.textmeshpro@3.0.6/Scripts/Editor/TMP_FontAsset_CreationMenu.cs","PackageCache",".cs"
"74f5fbf77d99c4e45bf6421e5cf0e4cc","Library/PackageCache/com.unity.addressables@1.21.20/Editor/Build/MonoScriptBundleNaming.cs","PackageCache",".cs"
"75340b8683e5f084ab85df09444ac24e","Library/PackageCache/com.unity.addressables@1.21.20/Tests/Editor/DocExampleCode/Preload.cs","PackageCache",".cs"
"753f9965abdd3f24eb42eafccaf7a286","Library/PackageCache/com.unity.addressables@1.21.20/Runtime/ResourceLocators/DynamicResourceLocators.cs","PackageCache",".cs"
"7552d5651be231e4282c60170d3b8b34","Assets/_Game/Art/Prefabs/Buildings/PF_U11.prefab","Asset",".prefab"
"75df57ccb1e44c64085399277405e1ca","Library/PackageCache/com.unity.ugui@1.0.0/Runtime/EventSystem/EventData/PointerEventData.cs","PackageCache",".cs"
"7610600f5c83e01041a6fe849d39279f","Library/PackageCache/com.unity.modules.unitywebrequestassetbundle@1.0.0/package.ModuleCompilationTrigger","PackageCache",".modulecompilationtrigger"
"763ebb504fdeb4942820ed90dec0aba5","Assets/_Game/Art/Models/Buildings/棋盘part (1).fbx","Asset",".fbx"
"76499fe7e798e07459aa61e31afe16c5","Assets/Plugins/DOTween/DOTween.XML","Asset",".xml"
"7649e3e161c83ce45aab9de9bd6c8625","Library/PackageCache/com.unity.addressables@1.21.20/Editor/BuildReportVisualizer/UIToolKitAssets/StyleSheets/ReportListItem.uss","PackageCache",".uss"
"764d4b52473c57c43a471351bb59abe1","Library/PackageCache/com.unity.addressables@1.21.20/Editor/BuildReportVisualizer/BuildReport Resources/Icons/PlatformWebGLIcon@2x.png","PackageCache",".png"
"7689946513271c64685b6bcd7891a48b","Assets/_Game/Art/Models/Units/栏杆左到右123.fbx","Asset",".fbx"
"7693972390a4ed841a986c0c452c1058","Library/PackageCache/com.unity.ugui@1.0.0/Editor/UI/LayoutElementEditor.cs","PackageCache",".cs"
"76950134297a459ba6f09b721da76cde","Library/PackageCache/com.unity.addressables@1.21.20/Tests/Runtime/OptionalPackages/Ccd","PackageCache",""
"76c392e42b5098c458856cdf6ecaaaa1","Library/PackageCache/com.unity.ugui@1.0.0/Runtime/EventSystem/EventSystem.cs","PackageCache",".cs"
"76c82729ad712f14bae1a8a279c52ac3","Library/PackageCache/com.unity.ugui@1.0.0/Tests/Runtime/EventSystem/InputModuleTests/DragCallbackCheck.cs","PackageCache",".cs"
"770340dbd8f200e45b2bb9e820baa15e","Library/PackageCache/com.unity.addressables@1.21.20/Editor/BuildReportVisualizer/BuildReport Resources/Icons/PlatformXboxOneIcon@2x.png","PackageCache",".png"
"77476292f9fa4905a787e6417853846b","Library/PackageCache/com.unity.textmeshpro@3.0.6/Scripts/Runtime/TMPro_ExtensionMethods.cs","PackageCache",".cs"
"774cd729e4d232a45a38ea35fed32c81","Library/PackageCache/com.unity.addressables@1.21.20/Tests/Editor/AnalyzeRules/AnalyzeRuleBaseTests.cs","PackageCache",".cs"
"776e8b00aee724f69a02402947a3967f","Library/PackageCache/com.unity.addressables@1.21.20/Editor/Build/FileRegistry.cs","PackageCache",".cs"
"776fb7b5e7bd6bb479254a28678d27e7","Assets/_Game/Resources/BGMs/LevelSelectBGM.mp3","Asset",".mp3"
"77af4245676cdae4e90c350b07b947d0","Library/PackageCache/com.unity.addressables@1.21.20/Editor/Diagnostics/ResourceProfilerWindow.cs","PackageCache",".cs"
"7854a65c8dbd3a54c826ff511f4faac0","Assets/_Game/公司战争Mesh/U10 (1).mtl","Asset",".mtl"
"7883cd788d83a71478342eef943e8150","Library/PackageCache/com.unity.ugui@1.0.0/Tests/Runtime/ScrollRect/ScrollRectStableLayout.cs","PackageCache",".cs"
"78ea1f78528ed4814b06b8621fd908eb","Library/PackageCache/com.unity.addressables@1.21.20/Tests/Editor/HostingServices","PackageCache",""
"791435cd351dcc24792c2cbc5024bf4a","Assets/_Game/Scripts/Tests","Asset",""
"79459efec17a4d00a321bdcc27bbc385","Assets/TextMesh Pro/Resources/Fonts & Materials/LiberationSans SDF - Outline.mat","Asset",".mat"
"794f3951c48395848920fdb593a2ae38","Library/PackageCache/com.unity.ugui@1.0.0/Editor/UI/LayoutPropertiesPreview.cs","PackageCache",".cs"
"798968d841703b54bb9d08b1da6bc52f","Library/PackageCache/com.unity.ugui@1.0.0/Tests/Editor/Canvas/RootCanvasTests.cs","PackageCache",".cs"
"79d73554cd3d38b4baf10fa5e50d4d92","Assets/_Game/Scripts/Procedure/ResultContext.cs","Asset",".cs"
"79f4f2475e0b2c44e97ed1dee760627b","Assets/Plugins/UniTask/Runtime/External/TextMeshPro/TextMeshProAsyncExtensions.InputField.cs","Asset",".cs"
"79fbad0cce3fe424681d87c3d2642165","Library/PackageCache/com.unity.addressables@1.21.20/Editor/BuildReportVisualizer/UIToolKitAssets/UXML/ReportsListItem.uxml","PackageCache",".uxml"
"79ff392d1bde4ad78a3836a4a480392d","Library/PackageCache/com.unity.textmeshpro@3.0.6/Scripts/Runtime/TMP_InputValidator.cs","PackageCache",".cs"
"7a3e552113af96e4986805ec3c4fc80a","Assets/Plugins/UniTask/Runtime/Linq/ToHashSet.cs","Asset",".cs"
"7a79c4e23d4d4b64bfa5fa9e6671a460","Library/PackageCache/com.unity.ugui@1.0.0/Runtime/EventSystem/UIElements/PanelRaycaster.cs","PackageCache",".cs"
"7a892c920c8ad2848b469ec9579c5219","Library/PackageCache/com.unity.ugui@1.0.0/Tests/Runtime/EventSystem/InputModuleTests","PackageCache",""
"7a98125502f715b4b83cfb77b434e436","Library/PackageCache/com.unity.ugui@1.0.0/Runtime/UI/Core/Selectable.cs","PackageCache",".cs"
"7af261815386e7e469ff5728a951746c","Assets/_Game/Scripts/UI/LoadingScreenUIHierarchyBuilder.cs","Asset",".cs"
"7affc215a6af3b24faabe45ca5580c98","Assets/_Game/Art/Prefabs/Units/Mat_E01.mat","Asset",".mat"
"7b099b49d522d1541bbf6ba655430a02","Library/PackageCache/com.unity.addressables@1.21.20/Editor/Diagnostics/GUI/Graph/GraphLayerBase.cs","PackageCache",".cs"
"7b1c4e0e6c013b942bb34f5e6dc4aa2d","Assets/_YFanFramework/Scripts/Utils/FSMUtil.cs","Asset",".cs"
"7b211411dd3d6474cb7aa38594e05af7","Library/PackageCache/com.unity.addressables@1.21.20/Editor/Diagnostics/Profiler/UXML/TreeViewPane.cs","PackageCache",".cs"
"7b2f7ff06c00eea40a231c67f26d14c5","Assets/_Game/公司战争Mesh/E11.mtl","Asset",".mtl"
"7b6713137edb6b2439d3ff26eb990180","Library/PackageCache/com.unity.addressables@1.21.20/Runtime/AddressablesImpl.cs","PackageCache",".cs"
"7b743370ac3e4ec2a1668f5455a8ef8a","Library/PackageCache/com.unity.textmeshpro@3.0.6/Scripts/Runtime/TMP_Dropdown.cs","PackageCache",".cs"
"7b98e3d668f56fb4a9bc8139bca2d0b6","Assets/_Game/Configs/SpawnSchedules.json","Asset",".json"
"7b9ded651292a474fad227fce94f4c79","Library/PackageCache/com.unity.scriptablebuildpipeline@1.21.25/Editor/Tasks/CreateBuiltInShadersBundle.cs","PackageCache",".cs"
"7ba37647c6bae7846b28d56e45adee11","Library/PackageCache/com.unity.addressables@1.21.20/Tests/Editor/AddressableAssetsWindowTests.cs","PackageCache",".cs"
"7ba9fc75a0048b0469b01c6cf75f65e4","Library/PackageCache/com.unity.addressables@1.21.20/Tests/Editor/DocExampleCode/ScriptReference/UsingBuildPath.cs","PackageCache",".cs"
"7bcc4daca72f2dd41bca1527a1bfe3d4","Library/PackageCache/com.unity.addressables@1.21.20/Tests/Editor/DocExampleCode/ScriptReference/UsingUnloadSceneAsync.cs","PackageCache",".cs"
"7bd96d76711152648a736c4d28d865f2","Library/PackageCache/com.unity.ugui@1.0.0/Runtime/UI/Core/MaskUtilities.cs","PackageCache",".cs"
"7be84a49bb2cd7e4a9ed097ba22794d0","Library/PackageCache/com.unity.ugui@1.0.0/Runtime/UI/Animation/CoroutineTween.cs","PackageCache",".cs"
"7bf7759d03bf3f64190d3ae83b182c2c","Assets/Plugins/UniTask/Runtime/Linq/GroupJoin.cs","Asset",".cs"
"7c04f0dfa9243c04681a55d90d3ff3fc","Library/PackageCache/com.unity.ugui@1.0.0/Tests/Editor/UnityEditor.UI.EditorTests.asmdef","PackageCache",".asmdef"
"7c2eba6968f09b0449a4363f81af5f35","Assets/_Game/公司战争Mesh/U24.mtl","Asset",".mtl"
"7c43adc6464e9d348b56ac4906fb5df0","Library/PackageCache/com.unity.addressables@1.21.20/Tests/Editor/DocExampleCode/ScriptReference/UsingRelease.cs","PackageCache",".cs"
"7c5d768c319ef8949ae3121960b225fc","Library/PackageCache/com.unity.addressables@1.21.20/Editor/BuildReportVisualizer/UIToolKitAssets/UXML/DetailsPanelSummaryAsset.uxml","PackageCache",".uxml"
"7c6295db74da28645bf49db58b7c9c65","Library/PackageCache/com.unity.ugui@1.0.0/Runtime/UI/Core/MaterialModifiers","PackageCache",""
"7c6ad51ef32f8294ebac91d02ae83700","Assets/_Game/公司战争Mesh/E08.mtl","Asset",".mtl"
"7c7dcb1750e8ec04cb1c92c4cae35c39","Library/PackageCache/com.unity.addressables@1.21.20/Editor/BuildReportVisualizer/ContentView/ContentView.cs","PackageCache",".cs"
"7cac24fdda5112047a1cd3dd66b542c4","Assets/Plugins/UniTask/Runtime/UniTask.WhenEach.cs","Asset",".cs"
"7cb9e19c449127a459851a135ce7d527","Assets/Plugins/UniTask/Runtime/Linq/Concat.cs","Asset",".cs"
"7cbf9ceccd804b446bc46ab595d96182","Library/PackageCache/com.unity.addressables@1.21.20/Editor/Settings/Preferences.cs","PackageCache",".cs"
"7d2d37c2cf13be949b2fa25b2df83880","Library/PackageCache/com.unity.addressables@1.21.20/Samples~/AddressablesUtility/AddressablesUtility.cs","PackageCache",".cs"
"7d63add489ccc99498114d79702b904d","Assets/Plugins/UniTask/Runtime/Internal/MinimumQueue.cs","Asset",".cs"
"7d6db7e12930f2440a0f9b07e7ade91f","Assets/Plugins/UniTask/Runtime/External/Addressables","Asset",""
"7d739f510b125b74fa7290ac4335e46e","Assets/Plugins/UniTask/Runtime/CancellationTokenEqualityComparer.cs","Asset",".cs"
"7d7bd4bcc815cfb44b9990c29dabdb9f","Library/PackageCache/com.unity.ugui@1.0.0/Runtime/Properties/AssemblyInfo.cs","PackageCache",".cs"
"7d9bd4cf901567c4a9d6a0c51a80fbe1","Assets/_Game/公司战争Mesh/U12 (1).mtl","Asset",".mtl"
"7dc6ecd1c26fdf7479e71472994d72db","Library/PackageCache/com.unity.addressables@1.21.20/Runtime/AssetLabelReference.cs","PackageCache",".cs"
"7df65588254d9194cb3fb45879168954","Library/PackageCache/com.unity.scriptablebuildpipeline@1.21.25/Editor/Interfaces/IWriteOperation.cs","PackageCache",".cs"
"7e08d97accaeb0f47909f2371a26ca32","Library/PackageCache/com.unity.scriptablebuildpipeline@1.21.25/Editor/Utilities/CommonStrings.cs","PackageCache",".cs"
"7e20a849903d15742a7aa285077c0804","Library/PackageCache/com.unity.addressables@1.21.20/Editor/GUI/GUIElements","PackageCache",""
"7e3976da977cb49238499ea3b4c237ae","Library/PackageCache/com.unity.addressables@1.21.20/Editor/Settings/ProfileDataSourceSettings.cs","PackageCache",".cs"
"7e945b2fcc58f4d47818a8b8aa825b4a","Assets/_Game/Art/VFX/Textures","Asset",""
"7ec70bdd63318fa4ea1601eeb3000ce8","Library/PackageCache/com.unity.addressables@1.21.20/Tests/Editor/ResourcesTestUtility.cs","PackageCache",".cs"
"7eecd33d48a0c3c45948b75a96738957","Assets/_Game/Art/Materials/Mat_U17.mat","Asset",".mat"
"7ef8348b8ea834d7e1bc214b07f7fb87","Library/PackageCache/com.unity.modules.animation@1.0.0/package.json","PackageCache",".json"
"7f27709c942d91541be1fd6aa5cb3d78","Library/PackageCache/com.unity.ugui@1.0.0/Runtime/EventSystem","PackageCache",""
"7f411aff47408564188324ba1c5f5f53","Assets/_Game/Art/Prefabs/Enemies/PF_E05.prefab","Asset",".prefab"
"7f6c56ead12e41f385f1985399342ddf","Library/PackageCache/com.unity.addressables@1.21.20/Editor/Diagnostics/Profiler/ProfilerStrings.cs","PackageCache",".cs"
"7f6d95a065ad1d84fa0d05a15c369e81","Library/PackageCache/com.unity.addressables@1.21.20/Editor/GUI/AssetReferenceDrawer.cs","PackageCache",".cs"
"7f70c9363a9fe92448d66c32c55352e9","Library/PackageCache/com.unity.addressables@1.21.20/Editor/BuildReportVisualizer/BuildReport Resources/Icons/PlatformStandaloneLinux64Icon@2x.png","PackageCache",".png"
"7f8a0b4d420ad8b498ca10789f3847a3","Assets/_Game/Tests/Cases/CW_UNIT_0106_ResourceEngine.cs","Asset",".cs"
"7f8fb0ecd50c6d0498fe78ae60d52675","Assets/_Game/Resources/11111/2.fbx","Asset",".fbx"
"7f9793fab7c5a2d49a99acdc614bf45d","Library/PackageCache/com.unity.addressables@1.21.20/Editor/BuildReportVisualizer/BuildReport Resources/Icons/PlatformtvOSIcon@2x.png","PackageCache",".png"
"7fb84c109abae6048a38652a447fb108","Library/PackageCache/com.unity.addressables@1.21.20/Runtime/ResourceLocators","PackageCache",""
"801e02d102cb404498895c96e0baf565","Assets/_Game/Scripts/Logic/Core/Domain/SystemTickController.cs","Asset",".cs"
"803b8b87581e2c546ba00dfeeafc29ca","Library/PackageCache/com.unity.addressables@1.21.20/Editor/BuildReportVisualizer/Utility/BuildReportUtility.cs","PackageCache",".cs"
"804b883d1ff6a3941b67819909b10b73","Library/PackageCache/com.unity.addressables@1.21.20/Editor/BuildReportVisualizer/BuildReport Resources/Icons/Button_RightPanel_DarkTheme@2x.png","PackageCache",".png"
"806de5a9211448c8b65c8435ebb48dd4","Library/PackageCache/com.unity.textmeshpro@3.0.6/Scripts/Editor/TMP_BitmapShaderGUI.cs","PackageCache",".cs"
"8085ce9d700c9cf4886456adcc8939ce","Assets/_Game/Scenes/Boot.unity","Asset",".unity"
"80a4732d85a576b4da4c5492957b9189","Library/PackageCache/com.unity.addressables@1.21.20/Runtime/ResourceManager/ResourceProviders/InstanceProvider.cs","PackageCache",".cs"
"80beef77cb19e713c7c2d481b65ed485","Library/PackageCache/com.unity.modules.screencapture@1.0.0/package.json","PackageCache",".json"
"80d109c36e08bf0428783f1264ec88cc","Assets/StreamingAssets/CompanyWar/Configs","Asset",""
"811d999912a5f3f459a637aad029fbc8","Library/PackageCache/com.unity.ugui@1.0.0/Tests/Runtime/Canvas/RectTransformValidAfterEnable.cs","PackageCache",".cs"
"812aaaefaab404448a3e4db49dfa5206","Library/PackageCache/com.unity.ugui@1.0.0/Tests/Editor/Text/FontCreatedByScript.cs","PackageCache",".cs"
"8167e687fb380214eb42adefc221ea36","Assets/AddressableAssetsData/AssetGroups/Schemas/Default Local Group_ContentUpdateGroupSchema.asset","Asset",".asset"
"8195792273a50ed4982b1717d1203dbf","Library/PackageCache/com.unity.scriptablebuildpipeline@1.21.25/Editor/Tasks/SwitchToBuildPlatform.cs","PackageCache",".cs"
"81c4b70ccd8a8b94bbc0f6eff40736f7","Assets/_Game/Scripts/UI/LevelSelectPanel.cs","Asset",".cs"
"81d8ff0b5df7d4745ad4007aa0b2d329","Assets/_YFanFramework/Docs/TaskUtil_Usage.md","Asset",".md"
"81e07f4bd9fd35f42828b48ea81bbd13","Library/PackageCache/com.unity.addressables@1.21.20/Tests/Editor/DocExampleCode/MiscellaneousTopics.cs","PackageCache",".cs"
"81e994b90fc45fb46963bcce32bf4969","Library/PackageCache/com.unity.addressables@1.21.20/Runtime/Initialization/ResourceManagerRuntimeData.cs","PackageCache",".cs"
"81ed8c76d2bc4a4c95d092c98af4e58f","Library/PackageCache/com.unity.textmeshpro@3.0.6/Editor Resources/Textures/btn_AlignCenter.psd","PackageCache",".psd"
"8262b6bbc428e3147b18b7f7f4527359","Library/PackageCache/com.unity.addressables@1.21.20/Runtime/ResourceManager/Diagnostics/DiagnosticEvent.cs","PackageCache",".cs"
"826dd865c514c2144a1016d86c0bd94a","Assets/_Game/Scripts","Asset",""
"827d6fbfd139a1e4b96b0f5514d1182a","Assets/_Game/Art/Materials/Mat_U13.mat","Asset",".mat"
"828075bc53f2de84982a943870529b7b","Library/PackageCache/com.unity.ugui@1.0.0/Runtime/UI/Core/Misc.cs","PackageCache",".cs"
"828186805e580b842964ac00688ea37f","Assets/_Game/Art/Prefabs/Units/U08.obj","Asset",".obj"
"82bbdcbf8b70eda4e80f931393924ac1","Library/PackageCache/com.unity.addressables@1.21.20/Tests/Editor/DomainReloadTests.cs","PackageCache",".cs"
"82bf3f737dec0be43a60891958a8da87","Library/PackageCache/com.unity.ugui@1.0.0/Runtime/UI/Core/Layout/LayoutUtility.cs","PackageCache",".cs"
"82c29e4c01003c649ada293f8ccddc1a","Assets/_Game/Art/Prefabs/Enemies/PF_E09.prefab","Asset",".prefab"
"82c7396e127bdc14e8983693357610a3","Library/PackageCache/com.unity.addressables@1.21.20/Editor/BuildReportVisualizer/UIToolKitAssets/UXML/DetailsPanelSummaryNavigableBundle.uxml","PackageCache",".uxml"
"82e5b0aa5fa0b33418c6513d0e3919e4","Assets/AddressableAssetsData/DataBuilders/BuildScriptPackedMode.asset","Asset",".asset"
"82e826e5c9181f2449a34ca76c3837e2","Library/PackageCache/com.unity.addressables@1.21.20/Runtime/ResourceManager/ResourceProviders/AtlasSpriteProvider.cs","PackageCache",".cs"
"83088ba2132cbc940b7ca0c679a02b0d","Library/PackageCache/com.unity.ugui@1.0.0/Runtime/UI/Core/ColorBlock.cs","PackageCache",".cs"
"830a36a23cf3ab1e61fa47940a6dc35e","Library/PackageCache/com.unity.modules.imageconversion@1.0.0/package.ModuleCompilationTrigger","PackageCache",".modulecompilationtrigger"
"8313ea704470a264295ec9e09aec6ebc","Library/PackageCache/com.unity.ugui@1.0.0/Tests/Runtime/Graphic","PackageCache",""
"8321f4244edfdcd4798b4fcc92a736c9","Assets/Plugins/UniTask/Runtime/UnityAsyncExtensions.AsyncInstantiate.cs","Asset",".cs"
"832363b0cc1d7e44dbd8750e91343bd1","Library/PackageCache/com.unity.addressables@1.21.20/Tests/Runtime/ResourceProviders/ContentCatalogProviderTests.cs","PackageCache",".cs"
"833143c443f979e44ae0b8ed899e3b59","Library/PackageCache/com.unity.ugui@1.0.0/Tests/Runtime/EventSystem/PhysicsRaycasterTests.cs","PackageCache",".cs"
"8340f43e791924a46a9f40ec6af2150a","Assets/StreamingAssets/CompanyWar/Configs/Levels/L14.json","Asset",".json"
"834e2bdb5fd1336429e26ec5bcbb77f7","Library/PackageCache/com.unity.addressables@1.21.20/Editor/Build/AddressablesPlayerBuildProcessor.cs","PackageCache",".cs"
"839c3fb2351346debc772669dced51e2","Library/PackageCache/com.unity.addressables@1.21.20/Editor/BuildReportVisualizer/UIToolKitAssets/StyleSheets/DetailsViewLight.uss","PackageCache",".uss"
"83a713b47f5b64d188f7cc0fb6c1ad90","Library/PackageCache/com.unity.addressables@1.21.20/Editor/Diagnostics/Profiler/UXML","PackageCache",""
"83be1c14cfbe90c4288847f2b01c1884","Library/PackageCache/com.unity.scriptablebuildpipeline@1.21.25/Editor/Injector","PackageCache",""
"83cbce2f1f889fbe0524787e775befee","Library/PackageCache/com.unity.modules.ai@1.0.0/.icon.png","PackageCache",".png"
"840b5ca745323f5449a7a51fcbbaae90","Assets/_Game/Scripts/Commands/SpendResourceCommand.cs","Asset",".cs"
"8413ca0e506d42a1a4bd9769f204ad16","Library/PackageCache/com.unity.textmeshpro@3.0.6/Scripts/Editor/TMP_SDFShaderGUI.cs","PackageCache",".cs"
"842157613adc2a74e91ad9ee1391ca27","Library/PackageCache/com.unity.addressables@1.21.20/Editor/Diagnostics/GUI/EventListView.cs","PackageCache",".cs"
"84651a3751eca9349aac36a66bba901b","Library/PackageCache/com.unity.addressables@1.21.20/Runtime/ResourceManager/Unity.ResourceManager.asmdef","PackageCache",".asmdef"
"8473162fc285a5f44bcca90f7da073e7","Assets/Plugins/UniTask/Runtime/UniTask.Run.cs","Asset",".cs"
"849c79b81fe9b7d4dafd66c2b0335be7","Library/PackageCache/com.unity.addressables@1.21.20/Runtime/ResourceProviders","PackageCache",""
"84a92b25f83d49b9bc132d206b370281","Library/PackageCache/com.unity.textmeshpro@3.0.6/Scripts/Runtime/TMP_SpriteAsset.cs","PackageCache",".cs"
"84f6a4f5c4b77e44aa3e2decf12f1bfc","Library/PackageCache/com.unity.addressables@1.21.20/Samples~/ImportExistingGroup/Editor","PackageCache",""
"84f724d4704815c4e96da7a3308f0be7","Library/PackageCache/com.unity.addressables@1.21.20/Runtime/ResourceManager/Util/ListWithEvents.cs","PackageCache",".cs"
"8507e97eb606fad4b99c6edf92e19cb8","Assets/Plugins/UniTask/Runtime/_InternalVisibleTo.cs","Asset",".cs"
"850aa6537906d2342a70d728ad6e8245","Library/PackageCache/com.unity.addressables@1.21.20/Editor/BuildReportVisualizer/DetailsPanel/DetailsContentView.cs","PackageCache",".cs"
"850af9f3bf6d14143baf2ecfbf25db52","Library/PackageCache/com.unity.ugui@1.0.0/Tests/Runtime/Slider","PackageCache",""
"85187c2149c549c5b33f0cdb02836b17","Assets/TextMesh Pro/Shaders/TMP_SDF-Surface-Mobile.shader","Asset",".shader"
"851ebe2f92ce9fd42bd5ae483d76216f","Assets/_YFanFramework/Docs/SaveUtil_Usage.md","Asset",".md"
"853099a6d2c35e449815a2a70a197dec","Assets/_Game/Art/Prefabs/Models/MD_U02.prefab","Asset",".prefab"
"853edc343b78a7c4c81cbb3851d48c0a","Library/PackageCache/com.unity.ugui@1.0.0/Editor/UI","PackageCache",""
"85540dee2058a6b4ca805ee4e0eb431c","Assets/_Game/Art/Prefabs/Units/U01.prefab","Asset",".prefab"
"8559dec58f92398448ea2ea83fd63c3e","Library/PackageCache/com.unity.addressables@1.21.20/Editor/Build/DataBuilders/BuildScriptBase.cs","PackageCache",".cs"
"856ffa674aca506489bd57cb1c919784","Assets/_Game/公司战争Mesh/U04.mtl","Asset",".mtl"
"8573c56c34e616248a3881b2c56280ef","Library/PackageCache/com.unity.ugui@1.0.0/Tests/Runtime/Canvas/CoroutineWorksIfUIObjectIsAttached.cs","PackageCache",".cs"
"8577d4d4f90d4ec4b8770db21832e9cc","Assets/_Game/Scripts/UI/ActorWorldHealthBar.cs","Asset",".cs"
"8583f759fa46fea46a8d2e9a4b3f51fd","Library/PackageCache/com.unity.addressables@1.21.20/Tests/Editor/HideResourceFoldersScope.cs","PackageCache",".cs"
"858c1e2c3465cac42b4088372441712a","Library/PackageCache/com.unity.addressables@1.21.20/Editor/BuildReportVisualizer/UIToolKitAssets/StyleSheets/SummaryTabCardDark.uss","PackageCache",".uss"
"8597e625afbd18f4fa730ad9b5507d61","Library/PackageCache/com.unity.scriptablebuildpipeline@1.21.25/Editor/Utilities/HashingHelpers.cs","PackageCache",".cs"
"859e5046b2060774898d8e87f4e78761","Library/PackageCache/com.unity.addressables@1.21.20/Editor/Build/Layout/BuildLayoutPrinter.cs","PackageCache",".cs"
"85d34cd37047d904e847f7f5e2b1bd25","Library/PackageCache/com.unity.addressables@1.21.20/Editor/Build/AnalyzeRules","PackageCache",""
"85f3c3a3c2623cd4da1661b0479e2ef2","Library/PackageCache/com.unity.ugui@1.0.0/Runtime/UI/Core/VertexModifiers/IMeshModifier.cs","PackageCache",".cs"
"85f61fd61986b405dbd5bc38da39f73d","Library/PackageCache/com.unity.addressables@1.21.20/Editor/Diagnostics/Profiler/UXML/InspectorPane.uxml","PackageCache",".uxml"
"85fb4bdd8a688844b80dfa348b21a703","Library/PackageCache/com.unity.addressables@1.21.20/Editor/BuildReportVisualizer/DetailsPanel","PackageCache",""
"8616508a31d0c47989ed4cdef04c5f7f","Library/PackageCache/com.unity.addressables@1.21.20/Editor/GUI/HostingServicesProfileVarsTreeView.cs","PackageCache",".cs"
"865ea8eb678995d479305e0dc2bf7cdd","Assets/_Game/公司战争Mesh/U02 (1).mtl","Asset",".mtl"
"86710e43de46f6f4bac7c8e50813a599","Library/PackageCache/com.unity.ugui@1.0.0/Runtime/UI/Core/Layout/AspectRatioFitter.cs","PackageCache",".cs"
"8680029523237e1458574f6c8f1a3aa3","Library/PackageCache/com.unity.scriptablebuildpipeline@1.21.25/Tests/Editor/USerializeTests.cs","PackageCache",".cs"
"8685677db44d4c9439c011423659a570","Assets/_Game/公司战争Mesh/U06.mtl","Asset",".mtl"
"86a4f4dd6530757418ab820c2c781436","Library/PackageCache/com.unity.addressables@1.21.20/Runtime/ResourceManager/ResourceProviders/AssetBundleProvider.cs","PackageCache",".cs"
"86ae0199f263f5e42adb6d8581811534","Library/PackageCache/com.unity.addressables@1.21.20/Runtime/ResourceManager/Util/PlatformUtilities.cs","PackageCache",".cs"
"86d78906b9304e148389fa0f7e3ae6a4","Library/PackageCache/com.unity.addressables@1.21.20/Tests/Runtime/ResourceProviders/TextDataProviderStub.cs","PackageCache",".cs"
"871f8edd56e84b8fb295b10cc3c78f36","Library/PackageCache/com.unity.textmeshpro@3.0.6/Scripts/Runtime/FastAction.cs","PackageCache",".cs"
"8731f6971642a81498ada46b17bd8622","Assets/_YFanFramework/Scripts/Systems/FloatingTextSystem/FloatingTextSystem.cs","Asset",".cs"
"875335d887d78ba45af8467d0c5f9922","Library/PackageCache/com.unity.addressables@1.21.20/Tests/Editor/DocExampleCode/ScriptReference/UsingLogError.cs","PackageCache",".cs"
"879bf109051444c7afec0e4df6624ef9","Library/PackageCache/com.unity.addressables@1.21.20/Tests/Editor/GUI","PackageCache",""
"87ab1bebe13f41f89d5427e7d2c34d58","Library/PackageCache/com.unity.textmeshpro@3.0.6/Scripts/Runtime/TMP_TextElement_Legacy.cs","PackageCache",".cs"
"87c0e75886b4481693ca963bc0955c1c","Library/PackageCache/com.unity.addressables@1.21.20/Tests/Editor/Diagnostics/EventDataPlayerSessionCollectionTests.cs","PackageCache",".cs"
"87c4ff2c85dcb524685caba3bb22110c","Library/PackageCache/com.unity.scriptablebuildpipeline@1.21.25/Editor/Interfaces/IBuildResults.cs","PackageCache",".cs"
"87c6e4dccdfafac4caa53721034b1354","Assets/_Game/Editor/SpawnScheduleEditorWindow.cs","Asset",".cs"
"87c9c533491903a4288536b5ac173db8","Assets/Plugins/UniTask/Runtime/UniTask.WaitUntil.cs","Asset",".cs"
"87d720faa37005c08600090e04d8c739","Library/PackageCache/com.unity.modules.particlesystem@1.0.0/package.json","PackageCache",".json"
"87e5ffef0be2d4e4dae3b4300ab0fcc2","Assets/Plugins/UniTask/Runtime/External/DOTween","Asset",""
"87f118cb270dc490e84ebea5a5283615","Library/PackageCache/com.unity.addressables@1.21.20/Editor/Settings/CcdFolder.cs","PackageCache",".cs"
"8800a5eda99ca9148b0e9a94258025eb","Assets/_Game/Art/Prefabs/Units/PF_U01.prefab","Asset",".prefab"
"88203b600d2442fda5af745f14b1322c","Library/PackageCache/com.unity.addressables@1.21.20/Editor/Diagnostics/Profiler/ContentSearch.cs","PackageCache",".cs"
"886a9d7f809bb314ea9acb4acff95da2","Assets/_Game/Scripts/Prototype3D/CorporateWarCorridorFloor.cs","Asset",".cs"
"8875ca41ea303694e9aa5953c7a3a185","Assets/_Game/Scripts/Logic/Core/Domain/SpawnEngine.cs","Asset",".cs"
"88b3bd44a9baaa14ca68d58fcfc8b60f","Assets/_Game/Art/Prefabs/Enemies/PF_E01.prefab","Asset",".prefab"
"88d21199f5d473f4db36845f2318f180","Library/PackageCache/com.unity.addressables@1.21.20/Editor/Build/DataBuilders/BuildScriptFastMode.cs","PackageCache",".cs"
"88ed537c17c34f339121fe9a7d6d7a0e","Library/PackageCache/com.unity.textmeshpro@3.0.6/Scripts/Editor/TMPro_SortingLayerHelper.cs","PackageCache",".cs"
"88f94eba54024b74898b2adb35eaa4d6","Assets/_Game/Scripts/Utils/BattleSimUtil.cs","Asset",".cs"
"89041da145f23a24d9513748204709d0","Library/PackageCache/com.unity.addressables@1.21.20/Editor/BuildReportVisualizer/IBuildReportConsumer.cs","PackageCache",".cs"
"892bac4397edc914d9ffa4cde040eb0b","Library/PackageCache/com.unity.scriptablebuildpipeline@1.21.25/Editor/Interfaces/IAssetRepresentationData.cs","PackageCache",".cs"
"892cf81d30f8a6d47a38990bd18b822e","Library/PackageCache/com.unity.addressables@1.21.20/Editor/Diagnostics","PackageCache",""
"8931d29c33164f9419a7c34a9ce4ae28","Assets/_YFanFramework/Scripts/Systems/UIManager/UIPanel.cs","Asset",".cs"
"8932579438742fa40b010edd412dbfba","Assets/Plugins/UniTask/Runtime/Internal/PooledDelegate.cs","Asset",".cs"
"8947adf23181ff04db73829df217ca94","Assets/Plugins/UniTask/Runtime/UniTask.cs","Asset",".cs"
"89eb4003a9db2ee46a7a8549160bf68a","Library/PackageCache/com.unity.addressables@1.21.20/LICENSE.md","PackageCache",".md"
"89f8257facdc8e04fbf8eefd512ee6a9","Library/PackageCache/com.unity.addressables@1.21.20/Tests/Runtime/ResourceManager/ResourceManagerUtilityTests.cs","PackageCache",".cs"
"89fa3378ef1b1454db302c85a4810231","Assets/_Game/公司战争Mesh/U04 (1).obj","Asset",".obj"
"8a3e64bb0a9b8734e9553b8f1f745a06","Assets/_Game/Art/Prefabs/Models/MD_U06.prefab","Asset",".prefab"
"8a410b213209442fb15a69799f0240a5","Library/PackageCache/com.unity.ugui@1.0.0/Runtime/EventSystem/UIElements/PanelEventHandler.cs","PackageCache",".cs"
"8a4b4cad3d5c1124f9ff1924b4519580","Assets/_Game/公司战争Mesh/U10.mtl","Asset",".mtl"
"8a4b6301a5afaec4cb87d21383ceb0b3","Library/PackageCache/com.unity.ugui@1.0.0/Tests/Runtime/Layout/VerticalLayoutGroupTests.cs","PackageCache",".cs"
"8a5c9b2d5cfd7b94caca42edabdf243f","Library/PackageCache/com.unity.addressables@1.21.20/Editor/BuildReportVisualizer/BuildReport Resources/Icons/PlatformiOSIcon.png","PackageCache",".png"
"8a62d6697b920b646b10d8414053d945","Assets/_Game/Art/Prefabs/Enemies/E09.obj","Asset",".obj"
"8a752aaaadd2410dd9a84e01c1bace9f","Library/PackageCache/com.unity.modules.uielements@1.0.0/package.ModuleCompilationTrigger","PackageCache",".modulecompilationtrigger"
"8a8695521f0d02e499659fee002a26c2","Library/PackageCache/com.unity.ugui@1.0.0/Runtime/UI/Core/Layout/GridLayoutGroup.cs","PackageCache",".cs"
"8aae9ccc172d3fd48a20726e5c902489","Library/PackageCache/com.unity.addressables@1.21.20/Editor/Build/AnalyzeRules/BundleRuleBase.cs","PackageCache",".cs"
"8ad3aa5a0429b934a8ae72ceddf3b2bf","Library/PackageCache/com.unity.addressables@1.21.20/Runtime/Initialization/CheckCatalogsOperation.cs","PackageCache",".cs"
"8b307c3d3be71a94da251564bcdefa3d","Assets/Plugins/UniTask/Runtime/Linq/Never.cs","Asset",".cs"
"8b36329ded81b4b449ae2de19c70eb59","Library/PackageCache/com.unity.addressables@1.21.20/Editor/BuildReportVisualizer/MainPanelSummaryTab.cs","PackageCache",".cs"
"8bbd66d610d43af43afba750fb1d421b","Assets/_Game/公司战争Mesh/U12 (1).obj","Asset",".obj"
"8bc2b083b068f3546a9509c805e0541c","Library/PackageCache/com.unity.textmeshpro@3.0.6/Scripts/Editor/GlyphRectPropertyDrawer.cs","PackageCache",".cs"
"8bc445bb79654bf496c92d0407840a92","Library/PackageCache/com.unity.textmeshpro@3.0.6/Editor Resources/Textures/btn_AlignBaseLine.psd","PackageCache",".psd"
"8c03e22f708eb6e4c94555130a307cd4","Assets/_Game/Art/Models/Units/信号基站（拆件.fbx","Asset",".fbx"
"8c093efecdee27545b682edf299506ad","Library/PackageCache/com.unity.addressables@1.21.20/Editor/BuildReportVisualizer/UIToolKitAssets/UXML/DrillableListViewItem.uxml","PackageCache",".uxml"
"8c1a7fe369f961a43b51567cfb27efc8","Assets/_Game/Art/Prefabs/Units/U05.prefab","Asset",".prefab"
"8c509e983757a0d439aa760ec6ce9c08","Assets/_Game/公司战争Mesh/U09.mtl","Asset",".mtl"
"8ca2063dc1d2a707ad69d8a3f20f9f37","Library/PackageCache/com.unity.modules.wind@1.0.0/.icon.png","PackageCache",".png"
"8ca20cc03036f2e428964397259f253a","Library/PackageCache/com.unity.addressables@1.21.20/Tests/Editor/DocExampleCode/ScriptReference/UsingGetDownloadSize.cs","PackageCache",".cs"
"8cb92f5ba5e7e7c469e4b7e973336898","Assets/_Game/公司战争Mesh/U08.mtl","Asset",".mtl"
"8cc7fd65dd1433e419be4764aeb51391","Assets/Plugins/UniTask/Runtime/UnityAsyncExtensions.cs","Asset",".cs"
"8ce59ec413b25ab49b0bd40c324a34f7","Assets/_Game/Tests/Cases/CW_Core_04_CombatRotationAndDeathTests.cs","Asset",".cs"
"8d4bc6bfa28760b29f13174d6b6ea710","Library/PackageCache/com.unity.modules.subsystems@1.0.0/package.ModuleCompilationTrigger","PackageCache",".modulecompilationtrigger"
"8da690006b0970b4f827f32ce2277769","Assets/_Game/Scripts/Logic/Core/Domain","Asset",""
"8da8f70d2b1f92d4dbb383119d26f656","Library/PackageCache/com.unity.addressables@1.21.20/Tests/Editor/DocExampleCode/ScriptReference/UsingPlayerBuildDataPath.cs","PackageCache",".cs"
"8de0232a33280c9479a3db23d266ef17","Library/PackageCache/com.unity.scriptablebuildpipeline@1.21.25/Editor/Tasks/GenerateBundlePacking.cs","PackageCache",".cs"
"8e78f8a8575e4a04f8337a54e241cdc5","Library/PackageCache/com.unity.ugui@1.0.0/Runtime/EventSystem/InputModules","PackageCache",""
"8e7e8f5a82a3a134e91c54efd2274ea9","Assets/TextMesh Pro/Documentation","Asset",""
"8ea72f96947844c99a3bf31644980db9","Library/PackageCache/com.unity.addressables@1.21.20/Tests/Editor/AddressableAssetReferenceTests.cs","PackageCache",".cs"
"8eba8fcb4416d1943b33efb3d9bd01c8","Library/PackageCache/com.unity.scriptablebuildpipeline@1.21.25/Editor/Utilities/ThreadingManager.cs","PackageCache",".cs"
"8eed92792ffcf6d40a9ada7e9b417e84","Assets/_Game/公司战争Mesh/U06.obj","Asset",".obj"
"8ef320b87f537ee4fb2282e765dc6166","Assets/Plugins/UniTask/Runtime/AsyncReactiveProperty.cs","Asset",".cs"
"8f05276190cf498a8153f6cbe761d4e6","Assets/TextMesh Pro/Sprites/EmojiOne.json","Asset",".json"
"8f09903be66e5d943b243d7c19cb3811","Assets/Plugins/UniTask/Runtime/Linq/Distinct.cs","Asset",".cs"
"8f2c2ad6904ea9147a43a79fccd94ca1","Library/PackageCache/com.unity.scriptablebuildpipeline@1.21.25/Editor/Interfaces/IBuildTasks.cs","PackageCache",".cs"
"8f2c4b7d1a0e4f6f9c3d5e7a2b4c6d8e","Assets/_Game/Tests/Cases/CW_UNIT_0109_ControlBlockEncounter.cs","Asset",".cs"
"8f396561f7e3d884b88624fb49efcc3b","Library/PackageCache/com.unity.addressables@1.21.20/Samples~/AddressablesUtility","PackageCache",""
"8f54bb3a3bfed4f458aec5a80e7cb4cf","Assets/Plugins/DOTween","Asset",""
"8f586378b4e144a9851e7b34d9b748ee","Assets/TextMesh Pro/Resources/Fonts & Materials/LiberationSans SDF.asset","Asset",".asset"
"8f8b248abe6b4dcebd6cdd0d754717f4","Library/PackageCache/com.unity.textmeshpro@3.0.6/Scripts/Runtime/TMPro_Private.cs","PackageCache",".cs"
"900f1a451c764dc3bdcc0de815a15935","Library/PackageCache/com.unity.textmeshpro@3.0.6/Scripts/Editor/GlyphInfoDrawer.cs","PackageCache",".cs"
"90270de137afa164799ab3e3d1a6e8f3","Assets/_YFanFramework/Docs/ConfigUtil_Usage.md","Asset",".md"
"902a23aa7fb810b4c90bd35c50e66fde","Library/PackageCache/com.unity.addressables@1.21.20/Runtime/ResourceLocators/ResourceLocationMap.cs","PackageCache",".cs"
"9040783e361a4e58861bff69df1060e0","Library/PackageCache/com.unity.addressables@1.21.20/Tests/Editor/OptionalPackages/Diagnostics/Profiler/AddressablesProfilerDetailsViewTests.cs","PackageCache",".cs"
"906c12bc9cd95d3963c6d58f62522c78","Library/PackageCache/com.unity.modules.cloth@1.0.0/package.json","PackageCache",".json"
"9085046f02f69544eb97fd06b6048fe2","Library/PackageCache/com.unity.ugui@1.0.0/Runtime/UI/Core/Toggle.cs","PackageCache",".cs"
"909c865c9a68d5148b4b1ad1568abec4","Assets/_Game/Art/Materials/Mat_U21.mat","Asset",".mat"
"909f7bbaec2ec384f8f5132c870cb8c0","Assets/_Game/Scripts/UI/BattleSelectableActor.cs","Asset",".cs"
"90fe1c65e6bb3bc4e90862df7297719e","Library/PackageCache/com.unity.textmeshpro@3.0.6/Scripts/Runtime/TMP_CharacterInfo.cs","PackageCache",".cs"
"91081fbba8a37084c8b7e9d7d5995080","Library/PackageCache/com.unity.scriptablebuildpipeline@1.21.25/Editor/Utilities/BuildLogger.cs","PackageCache",".cs"
"914dcceac7b7e0e479511a9d67f38c70","Assets/_Game/公司战争Mesh/gongsizhanzheng.blend","Asset",".blend"
"918a22e108c12a9478a082e73d1f37fd","Assets/_Game/公司战争Mesh/E05.obj","Asset",".obj"
"91950f78729ab144aa36e94690b28fad","Library/PackageCache/com.unity.textmeshpro@3.0.6/Scripts/Editor/TMP_BaseEditorPanel.cs","PackageCache",".cs"
"91c0d72bf78e7e042bef124e1c546c32","Library/PackageCache/com.unity.addressables@1.21.20/Runtime/AssetReferenceUIRestriction.cs","PackageCache",".cs"
"91f495459b6e34f419ac123740d798b1","Library/PackageCache/com.unity.ugui@1.0.0/Runtime/EventSystem/EventData/BaseEventData.cs","PackageCache",".cs"
"91f5d05d77ca1304a854d845c5322397","Assets/_YFanFramework/Scripts/Procedure/GameFlowManager.cs","Asset",".cs"
"92027f7f8cfc4feaa477da0dc38d3d46","Library/PackageCache/com.unity.textmeshpro@3.0.6/Editor Resources/Textures/btn_AlignJustified.psd","PackageCache",".psd"
"92224144c42bf9943aa8d7932c64fb1c","Assets/_YFanFramework/Scripts/Utils/YLog.cs","Asset",".cs"
"9288066c33474b94b6ee5465f4df1cc0","Library/PackageCache/com.unity.textmeshpro@3.0.6/Editor Resources/Textures/btn_AlignLeft.psd","PackageCache",".psd"
"928dc55e2c8c3ee4dad33b6d561cb6ea","Library/PackageCache/com.unity.ugui@1.0.0/Runtime/UI/Core/IGraphicEnabledDisabled.cs","PackageCache",".cs"
"929389a4bbd06264f96f252c7ddf5fa8","Assets/Plugins/DOTween/readme.txt","Asset",".txt"
"92a378669877c05c6071d0fed687bb95","Library/PackageCache/com.unity.modules.tilemap@1.0.0/package.json","PackageCache",".json"
"92be30049d7bfee4ba3ff2e93d6736f0","Assets/_YFanFramework/Docs/FloatingTextSystem_Usage.md","Asset",".md"
"92fd1d8f528985d46a617e893ff61668","Assets/_Game/公司战争Mesh","Asset",""
"930800098504c0d46958ce23a0495202","Assets/Plugins/UniTask/Runtime/ExceptionExtensions.cs","Asset",".cs"
"9311edf98412ecc45a1f6ce3bb6a9fea","Library/PackageCache/com.unity.scriptablebuildpipeline@1.21.25/Tests/Editor/ObjectExtractionTaskTests.cs","PackageCache",".cs"
"931b988363197db49b2c209938ab0d27","Assets/_Game/Tests/Cases/CW_UNIT_0104_SpawnEngine.cs","Asset",".cs"
"932a1fb6e95b0184c8a90156fe026dc5","Assets/_Game/公司战争Mesh/E12.mtl","Asset",".mtl"
"936bea4b2545c4a4fad2e623b0f6371f","Library/PackageCache/com.unity.ugui@1.0.0/Tests/Editor","PackageCache",""
"9390296e78291b543b2f4a9761ef8139","Library/PackageCache/com.unity.ugui@1.0.0/Tests/Runtime/Canvas/CheckMeshColorsAndColors32Match.cs","PackageCache",".cs"
"93999a70f5d57134bbe971f3e988c4f2","Assets/Plugins/UniTask/Runtime/Linq/Intersect.cs","Asset",".cs"
"93c1484372a5f5448ab6371fdb212c20","Library/PackageCache/com.unity.scriptablebuildpipeline@1.21.25/LICENSE.md","PackageCache",".md"
"93c684d1e88c09d4e89b79437d97b810","Assets/Plugins/UniTask/Runtime/Linq/Publish.cs","Asset",".cs"
"93cc378d60f13644e9669c22e5cb4618","Library/PackageCache/com.unity.scriptablebuildpipeline@1.21.25/Tests/Editor/HashingHelpersTests.cs","PackageCache",".cs"
"93effba7cf7f3824ab0bd048a27a9c02","Library/PackageCache/com.unity.ugui@1.0.0/Tests/Runtime/TextEditor","PackageCache",""
"941ec4cc9a997d94993aad435b506952","Assets/_Game/Scripts/UI/BootPanel.cs","Asset",".cs"
"9448472245ea7cd4c81e94ec75db45af","Assets/_Game/公司战争Mesh/E07.mtl","Asset",".mtl"
"946a34b62259c4b4ca04041892ffa3d4","Assets/_Game/Art/Materials/Mat_E10.mat","Asset",".mat"
"947200859c948604e8bbf513d0b1eaf1","Library/PackageCache/com.unity.scriptablebuildpipeline@1.21.25/Editor/Utilities/USerialize/Serializer.cs","PackageCache",".cs"
"948f5bac7ffcefe4e8dbcf04b503e79b","Library/PackageCache/com.unity.addressables@1.21.20/Editor/Settings/AddressableAssetEntryCollection.cs","PackageCache",".cs"
"94975e4d4e0c0ea4ba787d3872ce9bb4","Assets/Plugins/UniTask/Runtime/Internal/RuntimeHelpersAbstraction.cs","Asset",".cs"
"94a061db0b960634c995d928535999b6","Library/PackageCache/com.unity.addressables@1.21.20/Editor/GUI/AssetInspectorGUIGroupsPopup.cs","PackageCache",".cs"
"94d2183767d45b94e8fc22db85592b2b","Library/PackageCache/com.unity.addressables@1.21.20/Samples~/ImportExistingGroup/Editor/ImportExistingGroup.cs","PackageCache",".cs"
"94ef737d5b23784419edd995a21c46ac","Library/PackageCache/com.unity.addressables@1.21.20/Tests/Editor/DocExampleCode/CustomBuildScript.cs","PackageCache",".cs"
"950ae82f6bf579245be39c39095fae44","Assets/_Game/Scripts/UI/ResultScreenController.cs","Asset",".cs"
"951310243334a3148a7872977cb31c5c","Assets/Plugins/UniTask/Runtime/Linq/Buffer.cs","Asset",".cs"
"953fab16d15d5885b3600fcd6388b2ad","Library/PackageCache/com.unity.modules.imageconversion@1.0.0/package.json","PackageCache",".json"
"9541d86e2fd84c1d9990edf0852d74ab","Library/PackageCache/com.unity.textmeshpro@3.0.6/Scripts/Runtime/TextMeshPro.cs","PackageCache",".cs"
"9545c9eb3bf94265810463794fec8334","Library/PackageCache/com.unity.textmeshpro@3.0.6/Scripts/Editor/DropdownOptionListDrawer.cs","PackageCache",".cs"
"95956aed0a2532747b6e9ed4aa3fd547","Library/PackageCache/com.unity.addressables@1.21.20/Editor/GUI/GUIElements/UXML/Ribbon.uxml","PackageCache",".uxml"
"95d66b6da395d7142abdc96d603e7eb0","Library/PackageCache/com.unity.addressables@1.21.20/Tests/Editor/EditorPlatformMappingServiceTests.cs","PackageCache",".cs"
"9613b9c0d370b5a4781288e9cabb313c","Assets/_Game/Scripts/Logic/Core/Domain/GainPointsCommand.cs","Asset",".cs"
"96264b8d5c05c2d42b8dd421d936a7ce","Assets/_YFanFramework/Scripts/Utils/PoolUtil.cs","Asset",".cs"
"962906719cf3dae4f8b815dcc25b22b5","Library/PackageCache/com.unity.addressables@1.21.20/Tests/Runtime/ResourceProviders","PackageCache",""
"968a09f153574430a6e15ae975145768","Library/PackageCache/com.unity.textmeshpro@3.0.6/Scripts/Runtime/TMP_Sprite.cs","PackageCache",".cs"
"96b169e370585d7489d37bc46ef5e3bf","Library/PackageCache/com.unity.scriptablebuildpipeline@1.21.25/Editor/Tasks/CreateMonoScriptBundle.cs","PackageCache",".cs"
"96b44f7d98314b139324a8a87eb66067","Library/PackageCache/com.unity.textmeshpro@3.0.6/Scripts/Editor/TMP_FontAssetEditor.cs","PackageCache",".cs"
"96c14c559b9d7f34eaeb04c97fe501f1","Assets/_YFanFramework/Scripts/Core/YFanApp.cs","Asset",".cs"
"96cc958f02550384ab2d0e1964ebb8ff","Library/PackageCache/com.unity.addressables@1.21.20/Editor/BuildReportVisualizer/ContentView/LabelsContentView.cs","PackageCache",".cs"
"96d14b71b907bb52333b2886e665aba6","Library/PackageCache/com.unity.modules.video@1.0.0/package.json","PackageCache",".json"
"96e9072453a441618754c478755b3028","Library/PackageCache/com.unity.textmeshpro@3.0.6/Scripts/Runtime/TMPro_EventManager.cs","PackageCache",".cs"
"96ea450f4bf628c48a2d0f8422a35818","Assets/_Game/Art/Prefabs/Units/PF_U12.prefab","Asset",".prefab"
"96fe9641111cf764cb20e351bebc418d","Assets/StreamingAssets/CompanyWar/Configs/Levels/L06.json","Asset",".json"
"97094eac59b52044e8ae8aab18264deb","Library/PackageCache/com.unity.addressables@1.21.20/Editor/GUI/HostingServicesListTreeView.cs","PackageCache",".cs"
"970a95875c9b7474ba926b947e8cc477","Library/PackageCache/com.unity.addressables@1.21.20/Editor/BuildReportVisualizer/BuildReport Resources/Icons/PlatformAndroidIcon.png","PackageCache",".png"
"9713795381722eb43b623dffba25d115","Library/PackageCache/com.unity.ugui@1.0.0/Tests/Runtime/Image/TestableImage.cs","PackageCache",".cs"
"97211b0f482ed5c4f94f6efe397a40ca","Library/PackageCache/com.unity.addressables@1.21.20/Editor/BuildReportVisualizer/ContentView/BundlesContentView.cs","PackageCache",".cs"
"972c027f27cd52247a88f65fef7ad8ed","Library/PackageCache/com.unity.addressables@1.21.20/Samples~/DisableAssetImportOnBuild/Editor/DisableAssetImportOnBuild.cs","PackageCache",".cs"
"974a84a8c55ad4a0187379f800b8fe09","Library/PackageCache/com.unity.addressables@1.21.20/Runtime/ResourceManager/Util","PackageCache",""
"9768ae8966e233c478a6f1be5212b4e4","Assets/_Game/公司战争Mesh/U13.mtl","Asset",".mtl"
"976acc75bfafe594cb01142ba21947be","Library/PackageCache/com.unity.ugui@1.0.0/Runtime/UI/Core/MaskableGraphic.cs","PackageCache",".cs"
"977190a4db46de442aed27279d247df4","Library/PackageCache/com.unity.ugui@1.0.0/Tests/Editor/UnityEvent/UnityEventInvoke.cs","PackageCache",".cs"
"978d705cf413d594fbf9ad1580b25eea","Library/PackageCache/com.unity.addressables@1.21.20/Editor/BuildReportVisualizer/UIToolKitAssets/StyleSheets/SummaryTabLight.uss","PackageCache",".uss"
"97ad6dc3d3427a04082f57c44933e71c","Library/PackageCache/com.unity.addressables@1.21.20/Tests/Editor/DocExampleCode/AddExceptionHandler.cs","PackageCache",".cs"
"97caf04fd249b9c4da40585470779da8","Assets/_Game/Art/Prefabs/Buildings/PF_E15.prefab","Asset",".prefab"
"980fd38ccd28bc147aeb5305d31dd666","Assets/_YFanFramework/Scripts/Utils/TaskUtil.cs","Asset",".cs"
"9834b3849844b497cbdd2afdd4701e4a","Library/PackageCache/com.unity.addressables@1.21.20/Editor/GUI/HostingServicesWindow.cs","PackageCache",".cs"
"9844b572b00a2084faf93067fc804aec","Assets/StreamingAssets/CompanyWar/Configs/EndlessModeConfig.json","Asset",".json"
"9847c86f230bc2e4d8f60483d345704c","Library/PackageCache/com.unity.addressables@1.21.20/Tests/Runtime/SceneTests.cs","PackageCache",".cs"
"98649642833cabf44a9dc060ce4c84a1","Assets/Plugins/UniTask/Runtime/CompilerServices/StateMachineRunner.cs","Asset",".cs"
"9879bf091559f2243aea8bef41514d06","Assets/_Game/Scripts/Logic/Core/Domain/DeploymentRules.cs","Asset",".cs"
"988b5e1402a4c6244b1a5c124f69e1b9","Assets/_YFanFramework/Docs/Architecture_MSUPCQ_Usage.md","Asset",".md"
"988ed84773d02644cbc268043bbd8864","Library/PackageCache/com.unity.addressables@1.21.20/Editor/Icons/AddressableAssetsIconY1756Scene.png","PackageCache",".png"
"98d14ab1acf42df4f88a0561822ac807","Library/PackageCache/com.unity.ugui@1.0.0/Tests/Editor/EventSystem","PackageCache",""
"98f1571a4d4b4a3f8a65343e6ca1966d","Library/PackageCache/com.unity.scriptablebuildpipeline@1.21.25/Editor/Shared/BuildCallbacks.cs","PackageCache",".cs"
"98f5fedb44749ab4688674d79126b46a","Assets/Plugins/UniTask/Runtime/UnityAsyncExtensions.AsyncGPUReadback.cs","Asset",".cs"
"990a62d87f1eda2488bcc68eeb5c19e0","Assets/_YFanFramework/Scripts/Systems/BattleSystem","Asset",""
"990d2cc118354784ba1f84065fc8c05e","Assets/_Game/Art/Prefabs/Units/U24.obj","Asset",".obj"
"99221d63cc20cba41a19c8095144b82e","Library/PackageCache/com.unity.addressables@1.21.20/Tests/Editor/DocExampleCode/ScriptReference/UsingLogWarningFormat.cs","PackageCache",".cs"
"9978fa10e211daf42a78216d1998e840","Assets/_Game/公司战争Mesh/U01.mtl","Asset",".mtl"
"999e90e1507d7444abe5dbcc8f82cb1d","Assets/_Game/Art/Materials/U09.mtl","Asset",".mtl"
"99bac7bc9a9e1b744a802557e76790cb","Assets/_Game/Art/Prefabs/Units/PF_U14.prefab","Asset",".prefab"
"99f948e3e8b78e44e95503d2983ddc19","Assets/_Game/Scripts/Audio/AudioManager.cs","Asset",".cs"
"99fcf6fd27648d1498338be53a9279a8","Library/PackageCache/com.unity.addressables@1.21.20/Tests/Editor/DocExampleCode/LoadWithEvent.cs","PackageCache",".cs"
"9a0e76a5271d67041be5c790b6c724fd","Library/PackageCache/com.unity.addressables@1.21.20/Tests/Editor/DocExampleCode/ScriptReference/UsingInitializeAsync.cs","PackageCache",".cs"
"9a3557da07c729b4eb774b8e30e157a4","Library/PackageCache/com.unity.ugui@1.0.0/Tests/Runtime/Canvas","PackageCache",""
"9a61d228cb4787b438c094a31315dffd","Library/PackageCache/com.unity.addressables@1.21.20/Editor/Diagnostics/Profiler/UXML/Unsupported.uxml","PackageCache",".uxml"
"9aa68e6fb55252f4b8434690fab30a8a","Library/PackageCache/com.unity.addressables@1.21.20/Editor/BuildReportVisualizer/UIToolKitAssets/UXML/BuildReportWindow.uxml","PackageCache",".uxml"
"9ac2e436791026547b840f87f876f4e7","Library/PackageCache/com.unity.addressables@1.21.20/Tests","PackageCache",""
"9af6e4af9c6f62146823e11ec45b604c","Assets/_Game/Editor/LevelGridEditorWindow.cs","Asset",".cs"
"9afe6c3500a38f24a8ff8daca915082e","Assets/_YFanFramework/Docs/LogUtil_Usage.md","Asset",".md"
"9afff5f28623303468e212bd76ad88d5","Assets/_Game/Art/Materials/E03.mtl","Asset",".mtl"
"9b0e503817aafa447ac3b7d7db84ccc8","Library/PackageCache/com.unity.scriptablebuildpipeline@1.21.25/Editor/Shared/BuildExtendedAssetData.cs","PackageCache",".cs"
"9b213ca52abdf9742ad2c8af2be0a95c","Assets/_YFanFramework/Scripts/Systems/UIManager/UIManager.cs","Asset",".cs"
"9ba75fbd280d0c849b9b6a53db5056ac","Library/PackageCache/com.unity.scriptablebuildpipeline@1.21.25/Editor/Utilities/SceneStateCleanup.cs","PackageCache",".cs"
"9bb2fe9f403ad6c49ace59dfadfdf8a2","Assets/_Game/Art/Prefabs/Models/MD_U03.prefab","Asset",".prefab"
"9bd9f3d1cc133d447bd5b71262aab95a","Assets/_Game/Resources/11111/7.glb","Asset",".glb"
"9bedab6f9886aee42b33e424bffdb640","Library/PackageCache/com.unity.ugui@1.0.0/Tests/Runtime/ScrollRect","PackageCache",""
"9c21c0c16b82eb84398a74b44e2b8da9","Library/PackageCache/com.unity.ugui@1.0.0/Documentation~/ugui.md","PackageCache",".md"
"9c21cfda3336137438c3001d40564be0","Library/PackageCache/com.unity.ugui@1.0.0/Tests/Runtime/Canvas/NoActiveCameraInSceneDoesNotCrashEditor.cs","PackageCache",".cs"
"9c442dc870b456e48b615cd8add0e9ef","Library/PackageCache/com.unity.textmeshpro@3.0.6/Editor Resources/Shaders/TMP_SDF Internal Editor.shader","PackageCache",".shader"
"9c46b6c7dce0cb049a73c81084c75154","Assets/Plugins/UniTask/Runtime/Linq/Skip.cs","Asset",".cs"
"9c4a050f089abb04ebd4125e419f4548","Library/PackageCache/com.unity.textmeshpro@3.0.6/Scripts/Editor/TMP_SerializedPropertyHolder.cs","PackageCache",".cs"
"9c5f681e19be9ae4c845e9227f9b755a","Library/PackageCache/com.unity.addressables@1.21.20/Runtime/ResourceManager/ResourceProviders/IUpdateReceiver.cs","PackageCache",".cs"
"9c9765ad9de06ee4193e087e7732d756","Library/PackageCache/com.unity.addressables@1.21.20/Tests/Runtime/AssetBundleProviderTests.cs","PackageCache",".cs"
"9cd8177803f5cab48a4669c245321253","Assets/_Game/Art/Prefabs/Units/U11.obj","Asset",".obj"
"9cdab2adb7ca4d58b15316174d7b319d","Library/PackageCache/com.unity.addressables@1.21.20/Tests/Editor/OptionalPackages/Diagnostics","PackageCache",""
"9d05a7d4f4161e549b4789e1022baae8","Assets/Plugins/UniTask/Runtime/Linq/Throw.cs","Asset",".cs"
"9d24a7995f0e1ed4c81c185bcc48a695","Library/PackageCache/com.unity.scriptablebuildpipeline@1.21.25/Editor/Tasks/GenerateBundleMaps.cs","PackageCache",".cs"
"9d4e28d47bdbe8a4288e7d5e48298e38","Assets/_Game/Scripts/Logic/Adapters/LogicToViewBridge.cs","Asset",".cs"
"9d5c72ca5a9734f80b3a76cdb4232e21","Library/PackageCache/com.unity.addressables@1.21.20/Editor/HostingServices/IHostingServiceConfigurationProvider.cs","PackageCache",".cs"
"9d74b1d99b6ef28439647be3ccc81bf4","Assets/_Game/Art/Prefabs/Enemies/E07.obj","Asset",".obj"
"9dafe60ff4149624880b04d0cea88719","Library/PackageCache/com.unity.addressables@1.21.20/Editor/Build/BuildPipelineTasks/ExtractDataTask.cs","PackageCache",".cs"
"9de24983a2c6cbe4f925c3e98a79b804","Library/PackageCache/com.unity.textmeshpro@3.0.6/Tests/Runtime/TMP_RuntimeTests.cs","PackageCache",".cs"
"9dec9370340da43409dd436c2cc60a62","Library/PackageCache/com.unity.addressables@1.21.20/Tests/Editor/DocExampleCode/ScriptReference/UsingLoadAssetAsync.cs","PackageCache",".cs"
"9e24947de15b9834991c9d8411ea37cf","Library/PackageCache/com.unity.addressables@1.21.20/Runtime/Unity.Addressables.asmdef","PackageCache",".asmdef"
"9e65091a2762811409d478d08fabe665","Library/PackageCache/com.unity.addressables@1.21.20/Tests/Editor/EditorAddressablesAssetsTestFixture.cs","PackageCache",".cs"
"9e68336bd7db1ed4a82bad77fd7b0b62","Assets/_Game/Scripts/Logic","Asset",""
"9ec0ed3a7d1ee3c4e808cd29000a5b70","Library/PackageCache/com.unity.addressables@1.21.20/Editor/GUI/AssetInspectorGUI.cs","PackageCache",".cs"
"9edc9283e7d6409fab242fe8fb6a822c","Library/PackageCache/com.unity.textmeshpro@3.0.6/Scripts/Editor/TMPro_FontPlugin.cs","PackageCache",".cs"
"9f1026265f8e3d54fb6e9f082c43debf","Library/PackageCache/com.unity.ugui@1.0.0/Runtime/UI/Core/Culling/ClipperRegistry.cs","PackageCache",".cs"
"9f5ff7b3cded61d46bc32fd86d8b4c39","Assets/_YFanFramework/Scripts/Utils/LogUtil.cs","Asset",".cs"
"9f6f648973a17514f845a992c9ad1641","Assets/_Game/Scripts/Logic/Core/Domain/BattleSnapshot.cs","Asset",".cs"
"9f806bc2763ee6d41ad0453963d6df40","Assets/_Game/公司战争Mesh/U04 (1).mtl","Asset",".mtl"
"9fb0f68aa5e81c448815f0b79325a30f","Library/PackageCache/com.unity.addressables@1.21.20/Runtime/ResourceManager/ResourceLocations/ResourceLocationBase.cs","PackageCache",".cs"
"9fd73f278c2c9bd4192506d9a23dde9e","Assets/_YFanFramework/Docs/MonoUtil_Usage.md","Asset",".md"
"a021b6d2ca2e9404b8a4d94343ecd068","Library/PackageCache/com.unity.ugui@1.0.0/Tests/Runtime/NestedLayout/SceneWithNestedLayoutElementsLoadScript.cs","PackageCache",".cs"
"a02a7d8c237544f1962732b55a9aebf1","Assets/TextMesh Pro/Shaders/TMP_SDF-Mobile Overlay.shader","Asset",".shader"
"a02ab2a46dbda324787c61219448e704","Assets/_Game/Art/Prefabs/Units/U07.prefab","Asset",".prefab"
"a087ae9d60202e04c84702dbf6efd1ee","Assets/_Game/Resources","Asset",""
"a0ad1be6d42efd842b7c66b0f2e0bf3c","Library/PackageCache/com.unity.addressables@1.21.20/Samples~/DisableAssetImportOnBuild","PackageCache",""
"a0b38e81794b245a7a71fc9c19242c85","Library/PackageCache/com.unity.addressables@1.21.20/Editor/GUI/HostingServicesAddServiceWindow.cs","PackageCache",".cs"
"a0bae4ff8f5baf64aad3b92b8aea0603","Library/PackageCache/com.unity.ugui@1.0.0/Tests/Runtime/Graphic/ImageTests.cs","PackageCache",".cs"
"a0ccc93be1387fa4a975f06310127c11","Assets/Plugins/UniTask/Runtime/Linq/Last.cs","Asset",".cs"
"a0efc8b2f6954574b819e4c79451efdf","Assets/_Game/Art/Prefabs/Units/PF_U24.prefab","Asset",".prefab"
"a148bc6c623ded7418be89f6ade5ad05","Assets/_Game/Tests","Asset",""
"a14a59f2a5c757e469c3e4e17b798c2e","Library/PackageCache/com.unity.ugui@1.0.0/Tests/Runtime/Canvas/CanvasGroupInheritedAlpha.cs","PackageCache",".cs"
"a1c42005fe7c5d78585a77ce396a5eea","Library/PackageCache/com.unity.modules.tilemap@1.0.0/package.ModuleCompilationTrigger","PackageCache",".modulecompilationtrigger"
"a1eb7ad3cb0ad104b9cf9b6018e9d578","Library/PackageCache/com.unity.addressables@1.21.20/Runtime/ResourceManager/ResourceProviders/Simulation","PackageCache",""
"a203c73eb4ccdbb44bddfd82d38fdda9","Assets/Plugins/UniTask/Runtime/Internal/TaskTracker.cs","Asset",".cs"
"a210a02d6f3e52247a958bb97f5850a7","Library/PackageCache/com.unity.addressables@1.21.20/Runtime/Utility/SerializationUtilities.cs","PackageCache",".cs"
"a286e4526d8a69d4cb47c5d75f5acc83","Library/PackageCache/com.unity.addressables@1.21.20/Runtime/ResourceManager/ResourceProviders/BundledAssetProvider.cs","PackageCache",".cs"
"a2c37bb888dfcc1449822d8dd13555cb","Library/PackageCache/com.unity.addressables@1.21.20/Editor/GUI","PackageCache",""
"a2de80df1cc8a1240ab0ee7badd334d0","Assets/Plugins/UniTask/Runtime/Linq/GroupBy.cs","Asset",".cs"
"a2fd90a1deed549a584e3a4b33bd7404","Library/PackageCache/com.unity.addressables@1.21.20/Editor/GUI/AddressablesGUIUtility.cs","PackageCache",".cs"
"a30b0e5f800c77047b39e11529caf6dd","Assets/_Game/Art/Prefabs/Enemies/PF_E08.prefab","Asset",".prefab"
"a31a332ce3485f00f7df8d987302a29c","Library/PackageCache/com.unity.modules.unitywebrequesttexture@1.0.0/package.ModuleCompilationTrigger","PackageCache",".modulecompilationtrigger"
"a326d73ee601f3946ab28f97c0edc432","Assets/_Game/Art/Materials/Mat_E01.mat","Asset",".mat"
"a3f498697fba39342a5e3cffc43d8692","Assets/_Game/Art/Fonts","Asset",""
"a4383287c19544f4ebf11f0d92af3653","Library/PackageCache/com.unity.addressables@1.21.20/Tests/Runtime/TestObjectWithSerializableField.cs","PackageCache",".cs"
"a454ac03434eaf04d8b96dacae95e830","Library/PackageCache/com.unity.addressables@1.21.20/Editor/Diagnostics/GUI/Graph/GraphLayerLabel.cs","PackageCache",".cs"
"a45c81cf9483b59e88b94cd4c83ee6f5","Library/PackageCache/com.unity.modules.particlesystem@1.0.0/.icon.png","PackageCache",".png"
"a4691412a8ea49a4796116d3d5f289cc","Library/PackageCache/com.unity.addressables@1.21.20/Editor/BuildReportVisualizer/BuildReport Resources/Icons/PlatformWSAPlayerIcon@2x.png","PackageCache",".png"
"a49585f6582152c429684754d1dd799d","Assets/_Game/Tests/Cases/CW_UNIT_0203_SystemTickController.cs","Asset",".cs"
"a4b9c96f39944b62ae70bf77aee6cff2","Library/PackageCache/com.unity.addressables@1.21.20/Editor/GUI/GUIElements/StyleSheets","PackageCache",""
"a4c1f91c2b38c564e9e4ab0c5ff1ac1a","Library/PackageCache/com.unity.addressables@1.21.20/Editor/Build/Layout/BuildLayout.cs","PackageCache",".cs"
"a4f3f710f3e6b574b820088ebda28c1f","Assets/_Game/Scripts/Commands/UnlockQualificationCommand.cs","Asset",".cs"
"a51b3a53966dc984e9859a169333c8ac","Library/PackageCache/com.unity.addressables@1.21.20/Tests/Editor/DocExampleCode/BatchBuild.cs","PackageCache",".cs"
"a521f5672f7fa4a80a23fb2124b2773a","Library/PackageCache/com.unity.addressables@1.21.20/Editor/Settings/OrgData.cs","PackageCache",".cs"
"a55fb7b4961a425381d1282fc424f966","Library/PackageCache/com.unity.textmeshpro@3.0.6/Scripts/Runtime/TMP_UpdateRegistery.cs","PackageCache",".cs"
"a598580d0cfc7224ebed8d2b627d9e00","Library/PackageCache/com.unity.ugui@1.0.0/Tests/Runtime/Image/ImageTests.cs","PackageCache",".cs"
"a5c214e5846a99242b348c37e49b2f59","Library/PackageCache/com.unity.ugui@1.0.0/Runtime/UI/Core/Layout/HorizontalOrVerticalLayoutGroup.cs","PackageCache",".cs"
"a5ead37e5b8764940b99748a48ed48a6","Library/PackageCache/com.unity.addressables@1.21.20/Editor/Diagnostics/GUI/GraphColors.cs","PackageCache",".cs"
"a5f5c8d460f574746b9653bd4533c9b3","Library/PackageCache/com.unity.addressables@1.21.20/Editor/GUI/ProfileDataSourceDropdownWindow.cs","PackageCache",".cs"
"a6212fd4877a4704aa905b317e16bac8","Library/PackageCache/com.unity.addressables@1.21.20/Tests/Runtime/ManualPercentCompleteOperation.cs","PackageCache",".cs"
"a6238e9452bfc704f82ff36791fe1a45","Library/PackageCache/com.unity.ugui@1.0.0/Runtime/UI/Core/Graphic.cs","PackageCache",".cs"
"a62706dc421fc9b4fa368a8050a930f7","Library/PackageCache/com.unity.ugui@1.0.0/Editor/UI/PrefabLayoutRebuilder.cs","PackageCache",".cs"
"a65add32bd942864799173def15525b3","Assets/StreamingAssets/CompanyWar/Configs/Levels/L02.json","Asset",".json"
"a6c92b4b0361d1b418c4316308aafb58","Assets/_Game/Resources/11111/11.fbx","Asset",".fbx"
"a6d8707369679fd4a8db36df88429232","Assets/StreamingAssets/CompanyWar/Configs/SpawnSchedules.json","Asset",".json"
"a6e1ac52851690b48bdf019059b98207","Library/PackageCache/com.unity.addressables@1.21.20/Tests/Runtime/ResourceManager/ResourceManagerLegacyModeTests.cs","PackageCache",".cs"
"a6ea1740a8df96b44bd23845119733cf","Library/PackageCache/com.unity.addressables@1.21.20/Runtime/ResourceManager/Util/DelegateList.cs","PackageCache",".cs"
"a6f0e302a7c0d9740bc298a1f6ded592","Assets/_Game/Tests/Cases/CW0403_BoundaryAndErrorHandling.cs","Asset",".cs"
"a6fc51fe9dff7804dbca7290d11e704e","Assets/_Game/Scripts/Procedure/States/ResultState.cs","Asset",".cs"
"a7305448792709444a2866d80750c130","Library/PackageCache/com.unity.addressables@1.21.20/Tests/Editor/DocExampleCode/ScriptReference/UsingLoadResourceLocations.cs","PackageCache",".cs"
"a752b6e9dc874574babc9f4b5c08d5aa","Library/PackageCache/com.unity.addressables@1.21.20/Tests/Runtime/LegacyResourceTests.cs","PackageCache",".cs"
"a777358e34edbdf49861532e189ba8ca","Assets/_Game/Art/Prefabs/Enemies/E06.obj","Asset",".obj"
"a79b2afb1cd133b47b8cf25ace7ad051","Library/PackageCache/com.unity.scriptablebuildpipeline@1.21.25/Editor/Utilities/ReflectionExtensions.cs","PackageCache",".cs"
"a7c5cc5a8abb5d64eac842277a408b3c","Assets/_Game/Scripts/Procedure","Asset",""
"a7ec9e7ad8b847b7ae4510af83c5d868","Library/PackageCache/com.unity.textmeshpro@3.0.6/Editor Resources/Gizmos/TMP - Dropdown Icon.psd","PackageCache",".psd"
"a8092de151d449b0962952fe68a54dd9","Library/PackageCache/com.unity.scriptablebuildpipeline@1.21.25/Editor/Interfaces/IWriteData.cs","PackageCache",".cs"
"a81ba0727251458f9b4b29171e9a1c57","Library/PackageCache/com.unity.scriptablebuildpipeline@1.21.25/Tests/Editor/OptionalPackages","PackageCache",""
"a8294b087f18cdb49a6dc0c48dccb3a8","Library/PackageCache/com.unity.scriptablebuildpipeline@1.21.25/Tests/Editor/AssetLoadInfoSortingTests.cs","PackageCache",".cs"
"a84722f29eb728f48a15a79df0c5fccc","Assets/_Game/公司战争Mesh/E04.mtl","Asset",".mtl"
"a8604e8f13b3be84b8bc0c1507d8f3f6","Library/PackageCache/com.unity.ugui@1.0.0/Runtime/UI/Core/SpecializedCollections/IndexedSet.cs","PackageCache",".cs"
"a86202c880d3fba4fa27159ebf1b7490","Assets/_Game/Art/Materials/Mat_E12.mat","Asset",".mat"
"a896103a5441cc040ab6d184ad038c6a","Library/PackageCache/com.unity.scriptablebuildpipeline@1.21.25/Tests/Editor/GenerateBundlePackingTests.cs","PackageCache",".cs"
"a8a8a51840bce43499129ca737ca10a7","Library/PackageCache/com.unity.addressables@1.21.20/Editor/BuildReportVisualizer/BuildReport Resources/Icons/PlatformStandaloneOSXIcon.png","PackageCache",".png"
"a8e45712f43ff0645b809f8a5c1ba37e","Library/PackageCache/com.unity.addressables@1.21.20/Editor/Settings/BuiltinSceneCache.cs","PackageCache",".cs"
"a8ec8c8ac2894511a48d2bc2fe4e3a08","Library/PackageCache/com.unity.addressables@1.21.20/Editor/BuildReportVisualizer/UIToolKitAssets/StyleSheets/DetailsViewDark.uss","PackageCache",".uss"
"a92af236ef5230b4eae4fcfbb2b3d41a","Library/PackageCache/com.unity.addressables@1.21.20/Tests/Runtime/TestObject.cs","PackageCache",".cs"
"a94b476ed4f724b4189355d6a558e9f6","Assets/_Game/Scripts/Logic/Core/Domain/Stats.cs","Asset",".cs"
"a952106e337fdd0419534d97baa670cc","Assets/_YFanFramework/Docs/FSMUtil_Usage.md","Asset",".md"
"a95802677a5e469db2346b7c99cdbe84","Library/PackageCache/com.unity.addressables@1.21.20/Editor/Settings/AssetReferenceDrawerUtilities.cs","PackageCache",".cs"
"a972530fcd6a48b4480b570f902b2e19","Library/PackageCache/com.unity.addressables@1.21.20/Tests/Editor/AssetReferenceDrawerTests.cs","PackageCache",".cs"
"a99d07c2f0fab1e4f8623f5913408df5","Library/PackageCache/com.unity.scriptablebuildpipeline@1.21.25/Editor/Interfaces/IDependencyData.cs","PackageCache",".cs"
"a9ab1cff6c2464346b52b848e2d3ba31","Assets/_Game/Art/Materials/U11.mtl","Asset",".mtl"
"a9b8bbab88e5c0e060aa4dca4bf8fc14","Library/PackageCache/com.unity.modules.vehicles@1.0.0/.icon.png","PackageCache",".png"
"a9f317b0d5f7efb4489d604563cf78c2","Assets/_Game/Scripts/Prototype3D/CompanyWarPrototype3DSimple.cs","Asset",".cs"
"aa13c6f793082064f823831784cfa09b","Assets/_Game/Tests/Framework","Asset",""
"aa14b70e6a58c5b4fa6663623e3dca91","Library/PackageCache/com.unity.ugui@1.0.0/Runtime","PackageCache",""
"aa160f27c3fe4052a5850e21108811b6","Library/PackageCache/com.unity.textmeshpro@3.0.6/Scripts/Editor/TMP_InputFieldEditor.cs","PackageCache",".cs"
"aa28bcae85fa11447917912c39d705c7","Library/PackageCache/com.unity.addressables@1.21.20/Tests/Runtime/IgnoreFailingLogMessage.cs","PackageCache",".cs"
"aa76955fe5bb44f7915d91db8c7043c4","Library/PackageCache/com.unity.textmeshpro@3.0.6/Scripts/Editor/TMPro_EditorShaderUtilities.cs","PackageCache",".cs"
"aaa68dbe5d4e2b24281d446a29c84c78","Library/PackageCache/com.unity.addressables@1.21.20/Tests/Runtime/ResourceManager/ResourceManagerTests.cs","PackageCache",".cs"
"aaca0c6455e6e3444ad38b6412489284","Assets/_Game/Art/Materials/Mat_E14.mat","Asset",".mat"
"ab08bc8c743d1fb4b9cc2b032f31fae4","Assets/_Game/Scripts/UI/SimpleMenuUI.cs","Asset",".cs"
"ab14a367225f0fc4581b91e784c7f55a","Library/PackageCache/com.unity.addressables@1.21.20/Editor/Diagnostics/Profiler/UXML/InspectorPane.cs","PackageCache",".cs"
"ab2114bdc8544297b417dfefe9f1e410","Library/PackageCache/com.unity.textmeshpro@3.0.6/Scripts/Runtime/TMP_StyleSheet.cs","PackageCache",".cs"
"ab307c542de35634aacae5979fab158a","Assets/_Game/Art/Prefabs/Units/U14.obj","Asset",".obj"
"ab93e1a81defc3243a6e9cd0df3cb443","Library/PackageCache/com.unity.ugui@1.0.0/Tests/Runtime/EventSystem","PackageCache",""
"abc77607c2a62ef48b8f7dec55cc6d91","Library/PackageCache/com.unity.addressables@1.21.20/Editor/Build/AnalyzeRules/AnalyzeResultData.cs","PackageCache",".cs"
"abe6991365a27d341a10580f3b7c0f44","Library/PackageCache/com.unity.textmeshpro@3.0.6/Editor Resources/Shaders/TMP_SDF_SSD.cginc","PackageCache",".cginc"
"abf3aae9813db2849bce518f8596e920","Assets/Plugins/UniTask/Runtime/UniTaskSynchronizationContext.cs","Asset",".cs"
"ac2bd7856b0cf3c4b95851224adca707","Assets/_Game/Art/Prefabs/Units/U11.prefab","Asset",".prefab"
"ac62285cba7c64612b59f2c0c4124c96","Library/PackageCache/com.unity.addressables@1.21.20/Editor/Build/Layout/BuildLayoutHelpers.cs","PackageCache",".cs"
"aca0de4e74f6cdf41a449805f345a4f5","Library/PackageCache/com.unity.ugui@1.0.0/Tests/Runtime/Graphic/NavigationTests.cs","PackageCache",".cs"
"aca122dcaeaaf194f8da216a89cb4204","Assets/_YFanFramework/Scripts/Systems/VFXSystem/IVFXSystem.cs","Asset",".cs"
"acc1acff153e347418f0f30b1c535994","Assets/Plugins/UniTask/Runtime/Linq/Zip.cs","Asset",".cs"
"acc2e58c6a79fac45b04064217b1402a","Assets/StreamingAssets/CompanyWar/Configs/Levels/L18.json","Asset",".json"
"acf11b360a699d34383fb6a9d78eed8f","Library/PackageCache/com.unity.addressables@1.21.20/Editor/BuildReportVisualizer/BuildReport Resources/Icons/Button_LeftPanel_LightTheme@2x.png","PackageCache",".png"
"acfa3573efc38c844be021fdaa8cf8a6","Library/PackageCache/com.unity.ugui@1.0.0/Tests/Runtime/Graphic/RawImageTest.cs","PackageCache",".cs"
"ad0bd20e80f851246a308c966b65ac1d","Assets/_Game/公司战争Mesh/U07 (1).mtl","Asset",".mtl"
"ad20dc0f550e9ca4997c74ae771f6042","Library/PackageCache/com.unity.addressables@1.21.20/Tests/Editor/DocExampleCode/BuildLauncher.cs","PackageCache",".cs"
"ad73724f463457e43bf578703f6d308e","Assets/_Game/Art/Prefabs/Units/U10.prefab","Asset",".prefab"
"ad773eb8cad3dd14896c13756ab31d8c","Assets/_YFanFramework/Scripts/Core/Abstract","Asset",""
"ad77667b8bb4664459dd76fa144eba51","Assets/_YFanFramework/Scripts/Systems","Asset",""
"ad8c280d42ee0ed41a27db23b43dd2bf","Library/PackageCache/com.unity.addressables@1.21.20/Editor/Build/DataBuilders/BuildScriptPackedPlayMode.cs","PackageCache",".cs"
"adbcba91892774149bea528141373ca2","Library/PackageCache/com.unity.scriptablebuildpipeline@1.21.25/Tests/Unity.ScriptableBuildPipeline.Tests.asmdef","PackageCache",".asmdef"
"ade51b4967bb72644b3910464166f806","Assets/_Game/Resources/u34.fbx","Asset",".fbx"
"ae01af12e4debf545a62e3f1dd0cd09e","Assets/_Game/Scripts/Models/IGameRuntimeModel.cs","Asset",".cs"
"ae16f41d6e6003e4f851a51e3b852bdd","Library/PackageCache/com.unity.addressables@1.21.20/Editor/BuildReportVisualizer/Utility/BuildReportHelperConsumer.cs","PackageCache",".cs"
"ae242449e9279d44789513b922d3178a","Library/PackageCache/com.unity.ugui@1.0.0/Tests/Editor/CanvasRenderer","PackageCache",""
"ae38715d198830145a8bf7fa7adf9ee1","Library/PackageCache/com.unity.addressables@1.21.20/Runtime/Addressables.cs","PackageCache",".cs"
"ae57a55bdeba98b4f8ff234d98d7dd76","Assets/Plugins/UniTask/Runtime/Linq/Union.cs","Asset",".cs"
"ae5efb6455c8531438c53478632ad5d5","Assets/Plugins/UniTask","Asset",""
"ae75087100451d640978dee64f6cab6b","Assets/_Game/公司战争Mesh/U07.mtl","Asset",".mtl"
"ae7cf3010f84ec3429b33b22dbb88e7c","Assets/StreamingAssets/CompanyWar/Configs/Levels/L20.json","Asset",".json"
"ae87256f29d9c8b50490f4caf75b2c41","Library/PackageCache/com.unity.modules.unitywebrequestwww@1.0.0/package.ModuleCompilationTrigger","PackageCache",".modulecompilationtrigger"
"aee1195813efc3b45b3173443338b2c3","Library/PackageCache/com.unity.scriptablebuildpipeline@1.21.25/Editor/WriteTypes/RawWriteOperation.cs","PackageCache",".cs"
"af30a361ab68260438b6ec3fb7e64500","Library/PackageCache/com.unity.ugui@1.0.0/Tests/Runtime/Util","PackageCache",""
"af3d0a79b1e4a3744830b9108727dc0b","Assets/_Game/Art/Prefabs/Models/MD_U09.prefab","Asset",".prefab"
"af5d5017c0150f541a7ec9eacfded333","Library/PackageCache/com.unity.addressables@1.21.20/Editor/BuildReportVisualizer/UIToolKitAssets/UXML","PackageCache",""
"af91525c769cf6847bb9b9e32c74db73","Library/PackageCache/com.unity.addressables@1.21.20/Editor/BuildReportVisualizer/BuildReport Resources/Icons/PlatformStadiaIcon.png","PackageCache",".png"
"af94bd3a805f27e42ab86647265be74e","Library/PackageCache/com.unity.ugui@1.0.0/Tests/Runtime/EventSystem/InputModuleTests/PointerExitCallbackCheck.cs","PackageCache",".cs"
"afaefcc23bdcaaf4989691ca6e912fa4","Assets/_Game/Resources_moved","Asset",""
"afc31ad767318c9488de260c166cd21d","Library/PackageCache/com.unity.textmeshpro@3.0.6/Scripts/Runtime/ITextPreProcessor.cs","PackageCache",".cs"
"afc5b34664bdc8b468c5d2d6bcdc991b","Assets/Plugins/UniTask/Runtime/External/TextMeshPro","Asset",""
"afcec4b56156e3648b9f924d536411de","Assets/_YFanFramework/Scripts/Core/Attributes/UIAttributes.cs","Asset",".cs"
"afeb3a7c8ff54f559f13ea17046fe279","Library/PackageCache/com.unity.addressables@1.21.20/Tests/Editor/GUI/UpgradeNotificationsTests.cs","PackageCache",".cs"
"b016c8f233532824189294bfdfe3c834","Assets/_Game/Art/Prefabs/Units/PF_U16.prefab","Asset",".prefab"
"b02464fd1f2f4b14db86c928c46e08c4","Assets/_Game/Art/Prefabs/Units/PF_U17.prefab","Asset",".prefab"
"b092ee038e51419478aad6a1e0bb611c","Library/PackageCache/com.unity.addressables@1.21.20/Samples~/CustomBuildAndPlaymodeScripts/README.txt","PackageCache",".txt"
"b09be1f217d34247af54863a2f5587e1","Library/PackageCache/com.unity.textmeshpro@3.0.6/Scripts/Editor/TMP_SpriteAssetEditor.cs","PackageCache",".cs"
"b0b05277ea05dc04cbf400d29fa70e06","Assets/_Game/Art/VFX/Prefabs","Asset",""
"b0c7a557f3cd7234881d01af014e0c74","Assets/_Game/Scripts/Prototype3D/CompanyWarPrototype3DRuntime.cs","Asset",".cs"
"b10cb8fee5b39014d8a417bf413f5e5c","Library/PackageCache/com.unity.ugui@1.0.0/Editor/UI/MaskEditor.cs","PackageCache",".cs"
"b1487f5d688e4f94f828f879d599dbdc","Library/PackageCache/com.unity.addressables@1.21.20/Editor/Settings/GroupSchemas/PlayerDataGroupSchema.cs","PackageCache",".cs"
"b180d0cec21671c45a32a9ce99bff2f5","Library/PackageCache/com.unity.ugui@1.0.0/Tests/Editor/Dropdown/DropdownOptionsListDrawer.cs","PackageCache",".cs"
"b180fd8310805e44dbbef545d0231418","Library/PackageCache/com.unity.ugui@1.0.0/Runtime/EventSystem/EventData/AxisEventData.cs","PackageCache",".cs"
"b19f99025db4a1e44a095aa3f1284c54","Library/PackageCache/com.unity.addressables@1.21.20/Editor/Build/BuildPipelineTasks/GenerateLocationListsTask.cs","PackageCache",".cs"
"b1bacf5ce9a7eee4c934611ba77ab921","Library/PackageCache/com.unity.addressables@1.21.20/Editor/BuildReportVisualizer/UIToolKitAssets/StyleSheets/TreeViewNavigableItem.uss","PackageCache",".uss"
"b1d1d33334b51724b9bc4457a3ebd9ee","Library/PackageCache/com.unity.addressables@1.21.20/Tests/Runtime/ResourceManager/Unity.ResourceManager.Tests.asmdef","PackageCache",".asmdef"
"b1d6208a54a6eb04d915814fc699fcbf","Assets/_Game/Scripts/Queries/GetResourceQuery.cs","Asset",".cs"
"b1f8c565a1027f74984a639b1f3e8281","Assets/AddressableAssetsData/AssetGroups/Schemas","Asset",""
"b20ae08aeefb5d54e9d3885720dbf2b8","Assets/_Game/Resources/11111/9.fbx","Asset",".fbx"
"b20cf9f02ac585948a4372fa4ee06504","Assets/Plugins/UniTask/Runtime/IUniTaskAsyncEnumerable.cs","Asset",".cs"
"b22c8ae15806ae44785d1d2528127632","Library/PackageCache/com.unity.addressables@1.21.20/Editor/BuildReportVisualizer/UIToolKitAssets/UXML/DetailsPanelSummaryNavigableItem.uxml","PackageCache",".uxml"
"b2769e65c729b4f4ca6af9826d9c7b90","Assets/Plugins/UniTask/Runtime/Linq/Reverse.cs","Asset",".cs"
"b284c6b15a0b84649b8bb460b974cfb3","Library/PackageCache/com.unity.addressables@1.21.20/Editor/BuildReportVisualizer/UIToolKitAssets/StyleSheets/MainToolbarButtonsDark.uss","PackageCache",".uss"
"b28e4f74756c9e3418600f517d56e9f2","Library/PackageCache/com.unity.addressables@1.21.20/Runtime/ResourceManager/AsyncOperations/ProviderOperation.cs","PackageCache",".cs"
"b29514f1c114d144094eebc93ad52783","Library/PackageCache/com.unity.addressables@1.21.20/Editor/GUI/ProfileValueReferenceDrawer.cs","PackageCache",".cs"
"b337aa8f349904044840f69c1a45381a","Assets/_Game/Art/Prefabs/Units/PF_U02.prefab","Asset",".prefab"
"b382772aba6128842928cdb6b2e034b0","Assets/Plugins/UniTask/Runtime/Linq/SequenceEqual.cs","Asset",".cs"
"b38733bdad235b34b993286370a11791","Library/PackageCache/com.unity.addressables@1.21.20/Editor","PackageCache",""
"b387857d282c06d45a64921f8e9e86c6","Assets/_Game/Scenes/《黑暗克系科幻战斗的弦乐交锋》钟爱圣代.mp3","Asset",".mp3"
"b3cdabf2f1e76854d8aab5930305d70d","Library/PackageCache/com.unity.ugui@1.0.0/Runtime/EventSystem/EventData","PackageCache",""
"b3d0096afb8b48f4c88de2672cc76462","Library/PackageCache/com.unity.scriptablebuildpipeline@1.21.25/Tests/TestAssets/ScriptableBuildPipelineTests.asmdef","PackageCache",".asmdef"
"b4116310cd90b1543848034c62213c92","Assets/_Game/Scripts/Procedure/States","Asset",""
"b42cfda76b577b945a64ff70ab963ba5","Assets/_Game/Art/Materials/Mat_U24.mat","Asset",".mat"
"b42ee6f5a38f94b4baafd3c426bee7f5","Library/PackageCache/com.unity.addressables@1.21.20/Tests/Runtime/ResourceManager/Operations/ChainOperationTests.cs","PackageCache",".cs"
"b444e2c4416499c4ead8057378999c27","Assets/_YFanFramework/Scripts/Core/AutoModuleRegisterer.cs","Asset",".cs"
"b44c2db511ef19949950f4b3b93a6e53","Library/PackageCache/com.unity.addressables@1.21.20/Editor/Settings/CacheInitializationSettings.cs","PackageCache",".cs"
"b458b2c7f196bdc4581b2f9fd6a5d931","Library/PackageCache/com.unity.textmeshpro@3.0.6/Scripts/Runtime/TMP_RichTextTagsCommon.cs","PackageCache",".cs"
"b47f3ece14ba6b74e883481b6ef86d53","Library/PackageCache/com.unity.addressables@1.21.20/Tests/Editor/Build/BuildScriptPackedIntegrationTests.cs","PackageCache",".cs"
"b4b0a7d96d7360c4abef5bae019289c7","Library/PackageCache/com.unity.scriptablebuildpipeline@1.21.25/Editor/Utilities/BuildCacheUtility.cs","PackageCache",".cs"
"b4c7924372a91c94cb67e74c7474fec8","Assets/_Game/Art/Prefabs/Enemies/E14.obj","Asset",".obj"
"b4f6f48a532188e4c80b7ebe69aea3a8","Assets/Plugins/UniTask/Runtime/Linq/ToObservable.cs","Asset",".cs"
"b4fd0f75e54ec3d4fbcb7fc65b11646b","Assets/Plugins/UniTask/Runtime/Triggers/AsyncStartTrigger.cs","Asset",".cs"
"b54995fa67e2d6046bbbb9f05772f43b","Library/PackageCache/com.unity.addressables@1.21.20/Editor/BuildReportVisualizer/UIToolKitAssets/UXML/ReportsListPanel.uxml","PackageCache",".uxml"
"b553720fa0e3f814a94debd9110bc548","Assets/_YFanFramework","Asset",""
"b5654879e399f0a42abf0e92a05b1eaf","Library/PackageCache/com.unity.addressables@1.21.20/readme.md","PackageCache",".md"
"b571e819498e94243aaab6be45486255","Library/PackageCache/com.unity.addressables@1.21.20/Runtime/Initialization","PackageCache",""
"b58235bf371a87a429cb8db2eec7fad6","Library/PackageCache/com.unity.addressables@1.21.20/Tests/Editor/DocExampleCode/ScriptReference/UsingWebRequestOverride.cs","PackageCache",".cs"
"b584bd50f6b297043be2d535f86e7823","Assets/_Game/Scripts/Logic/Core/Abstraction/IQuery.cs","Asset",".cs"
"b58db6350087459478242d652c66a163","Assets/_Game/Art/Materials/Mat_E13.mat","Asset",".mat"
"b599dbeafb09d4db69110c404ab9552f","Library/PackageCache/com.unity.addressables@1.21.20/Tests/Editor/HostingServices/HostingServiceInterfaceTests.cs","PackageCache",".cs"
"b5a753a236aae5c4aafa36766a011ec3","Library/PackageCache/com.unity.addressables@1.21.20/Tests/Editor/DocExampleCode/WebRequestOverride.cs","PackageCache",".cs"
"b5aaf4e4b41e6a447935d02bf76b2aa3","Library/PackageCache/com.unity.addressables@1.21.20/Editor/Settings/AddressableAssetGroupSchemaTemplate.cs","PackageCache",".cs"
"b5bd8fa6f4c55ab6f09322b86d18b0e3","Library/PackageCache/com.unity.modules.vr@1.0.0/package.ModuleCompilationTrigger","PackageCache",".modulecompilationtrigger"
"b5bdf414fcef4cf49b67c56a99fea355","Library/PackageCache/com.unity.addressables@1.21.20/Tests/Editor/DocExampleCode/ScriptReference/UsingInternalIdTransformFunc.cs","PackageCache",".cs"
"b5c3475f04d410a47ade712e307b9d75","Library/PackageCache/com.unity.addressables@1.21.20/Editor/BuildReportVisualizer/ContentView/DuplicatedAssetsContentView.cs","PackageCache",".cs"
"b5d6c28ed7b94775be9e2560f300247c","Library/PackageCache/com.unity.textmeshpro@3.0.6/Scripts/Editor","PackageCache",""
"b5d9831e406a04294b27e5e2577dccb5","Library/PackageCache/com.unity.addressables@1.21.20/Editor/GUI/ProfileWindow.cs","PackageCache",".cs"
"b5f31b7e60df3e64796fb7ab6f54f489","Library/PackageCache/com.unity.ugui@1.0.0/Tests/Runtime/TextEditor/TextEditorBackspaceDelete.cs","PackageCache",".cs"
"b5f70efd2f7b286498ca6c00adbb4a13","Library/PackageCache/com.unity.ugui@1.0.0/Editor/UI/AspectRatioFitterEditor.cs","PackageCache",".cs"
"b611b0a598aeada419afa9737807c598","Library/PackageCache/com.unity.ugui@1.0.0/Tests/Runtime/Graphic/MaskTests.cs","PackageCache",".cs"
"b644b787231a1784ab6bbb39217a63b9","Library/PackageCache/com.unity.addressables@1.21.20/Tests/Editor/Build/BuildScriptVirtualTests.cs","PackageCache",".cs"
"b6a4a5214fe67cf46ab0e4e1770ef275","Library/PackageCache/com.unity.scriptablebuildpipeline@1.21.25/Editor/Utilities","PackageCache",""
"b6ba480edafb67d4e91bb10feb64fae5","Assets/Plugins/UniTask/Runtime/External/TextMeshPro/TextMeshProAsyncExtensions.cs","Asset",".cs"
"b6e75d7f429a4e7e9e1ffb4f85cff49f","Library/PackageCache/com.unity.textmeshpro@3.0.6/Scripts/Runtime/TMP_LineInfo.cs","PackageCache",".cs"
"b6f38bdfddda93c4e94a543875738d14","Library/PackageCache/com.unity.addressables@1.21.20/Samples~/DisableAssetImportOnBuild/Editor","PackageCache",""
"b752dee94740a4464a8c88377c070679","Library/PackageCache/com.unity.addressables@1.21.20/Editor/Diagnostics/Profiler/AddressablesProfilerDetailsView.cs","PackageCache",".cs"
"b759d61544e231c41bc88530b1d94ee8","Library/PackageCache/com.unity.ugui@1.0.0/Editor/UI/ImageEditor.cs","PackageCache",".cs"
"b75c2872c5e06234dafa2a8bcacb768b","Assets/_Game/Art/Materials/Mat_U23.mat","Asset",".mat"
"b7b9d7789a92e7640b3c5b19836be3c4","Assets/_Game/公司战争Mesh/E09.mtl","Asset",".mtl"
"b7bdc0bcfab4e714b88a12d6b22bac9b","Library/PackageCache/com.unity.scriptablebuildpipeline@1.21.25/Editor/Tasks/ArchiveAndCompressBundles.cs","PackageCache",".cs"
"b7c67987cecceaf47b3f536c9dd8cf76","Assets/_Game/Scripts/UI/UnitInfoPanelController.cs","Asset",".cs"
"b7ea1bcf9dbebb042bc99c7816249e02","Assets/Plugins/UniTask/Runtime/Linq/Queue.cs","Asset",".cs"
"b825fd5f27403b84f97726dd9c5a5e6f","Library/PackageCache/com.unity.ugui@1.0.0/Editor/UI/PropertyDrawers/ColorBlockDrawer.cs","PackageCache",".cs"
"b827df2c3769047c0a5c00f7654e75a3","Library/PackageCache/com.unity.scriptablebuildpipeline@1.21.25/Tests/ContentLoadFixture.cs","PackageCache",".cs"
"b83f06ac0c0696e9563230865ca72b81","Library/PackageCache/com.unity.modules.wind@1.0.0/package.json","PackageCache",".json"
"b842ab94dae39f3459a2159fb7ef9b73","Library/PackageCache/com.unity.addressables@1.21.20/Editor/Settings/GroupSchemas","PackageCache",""
"b848851dab9ebb14f8ebe8bc60b9deb1","Assets/_Game/Art/Prefabs/Units/U17.obj","Asset",".obj"
"b84b1a09f476ad84db74f048d23fb8e1","Library/PackageCache/com.unity.scriptablebuildpipeline@1.21.25/Editor/Utilities/SpookyHash.cs","PackageCache",".cs"
"b86b117346968ac4d9cc63e4385becb7","Library/PackageCache/com.unity.ugui@1.0.0/Tests/Editor/Canvas","PackageCache",""
"b8b29c1ae0b68044bbce3aba8fc64eb8","Library/PackageCache/com.unity.addressables@1.21.20/Editor/BuildReportVisualizer/DetailsPanel/DetailsUtility.cs","PackageCache",".cs"
"b8b70aff15e9f9640ac1126bbb4f1b75","Library/PackageCache/com.unity.addressables@1.21.20/Editor/Diagnostics/GUI/Graph/GraphLayerBarChart.cs","PackageCache",".cs"
"b8e58c37b4da2490c9d0a789a70df844","Library/PackageCache/com.unity.addressables@1.21.20/Editor/GUI/LabelWindow.cs","PackageCache",".cs"
"b8ee6f8e7df445bfb88fb0372dcf691a","Library/PackageCache/com.unity.scriptablebuildpipeline@1.21.25/Editor/Shared/Unity5PackedIdentifiers.cs","PackageCache",".cs"
"b90d41f36eabe7548aa88b2adee64dd9","Assets/_Game/Art/Materials/Mat_E02.mat","Asset",".mat"
"b93ee5d3847a0794f812babe4d29280a","Assets/_Game/公司战争Mesh/E02.obj","Asset",".obj"
"b95096aeec814934caf102c7159c6585","Library/PackageCache/com.unity.scriptablebuildpipeline@1.21.25/Editor/WriteTypes/SceneRawWriteOperation.cs","PackageCache",".cs"
"b9ba34e0b1884454fbc4257260e22b64","Library/PackageCache/com.unity.ugui@1.0.0/Runtime/UI/Core/SetPropertyUtility.cs","PackageCache",".cs"
"b9c2125236cf11d4a98cd25ea3214ad4","Library/PackageCache/com.unity.addressables@1.21.20/Editor/Build/AddressableAssetSettingsLocator.cs","PackageCache",".cs"
"b9d68e463588743e48c547b980d041f7","Library/PackageCache/com.unity.addressables@1.21.20/Runtime/ResourceManager/ResourceProviders/Simulation/VirtualAssetBundleRuntimeData.cs","PackageCache",".cs"
"b9df82cea39d69a4a9e27b9eb6103717","Library/PackageCache/com.unity.addressables@1.21.20/Editor/Settings/LabelTable.cs","PackageCache",".cs"
"b9eb962217e00bf4fbc734e109991fca","Library/PackageCache/com.unity.ugui@1.0.0/Tests/Runtime/Layout/GridLayoutGroupTests.cs","PackageCache",".cs"
"ba1f63c8c87d5ab4cad407b7245879e4","Library/PackageCache/com.unity.scriptablebuildpipeline@1.21.25/Editor/Profiler/BuildProfiler.cs","PackageCache",".cs"
"ba2c99f886e2c41d792d3a0c436f6bd7","Library/PackageCache/com.unity.addressables@1.21.20/Editor/Diagnostics/Profiler/AddressablesProfilerModule.cs","PackageCache",".cs"
"ba3466a966a5498ba5e322d82549f7ad","Library/PackageCache/com.unity.addressables@1.21.20/Editor/Diagnostics/Profiler/UXML/TreeColumnNames.cs","PackageCache",".cs"
"ba3cb7b4776e6c24ba53e7f8f7e751b5","Library/PackageCache/com.unity.scriptablebuildpipeline@1.21.25/Tests/Editor/CalculateCustomDependencyTests.cs","PackageCache",".cs"
"ba3ec7deec18d144e848686e9d4e18bf","Library/PackageCache/com.unity.addressables@1.21.20/Runtime/ResourceManager/Diagnostics","PackageCache",""
"ba5033d0e43aacc4aa1fe4bed1f637e6","Library/PackageCache/com.unity.addressables@1.21.20/Runtime/ResourceManager/Util/Exceptions.cs","PackageCache",".cs"
"ba61d97f8b5643440bc89fb642a82021","Library/PackageCache/com.unity.addressables@1.21.20/Samples~/Tests","PackageCache",""
"ba66c98f2d9dbd04c9b9e433d5d9720b","Assets/_Game/Resources/11111/9.glb","Asset",".glb"
"bac1006a7a3b30d4580c7d8511aa5d7d","Assets/_Game/Art/Materials/Mat_E03.mat","Asset",".mat"
"bad9ae7c32d9e504c9de56e9b48d5e77","Assets/_Game/Docs/Checklist.md","Asset",".md"
"bae197be297529d4fa735fbe7c91828d","Library/PackageCache/com.unity.ugui@1.0.0/Tests/Runtime/Dropdown","PackageCache",""
"bb04252b53f48b349a901615af6a84fe","Library/PackageCache/com.unity.addressables@1.21.20/Tests/Editor/AddressableAssetsBundleBuildParametersTests.cs","PackageCache",".cs"
"bb05cab7d802aa5468f8f2f86840d984","Library/PackageCache/com.unity.textmeshpro@3.0.6/Tests/Runtime/Unity.TextMeshPro.Tests.asmdef","PackageCache",".asmdef"
"bb0e4994b34add1409fd8ccaf4a82de5","Library/PackageCache/com.unity.addressables@1.21.20/Editor/Build/DataBuilders/BuildScriptVirtualMode.cs","PackageCache",".cs"
"bb301d56bc5cbc045919da5248d4b598","Assets/Plugins/UniTask/Runtime/CompilerServices","Asset",""
"bb35bed7fc253894fa5526da2f1e6605","Library/PackageCache/com.unity.addressables@1.21.20/Editor/GUI/GUIElements/SearchStringFilters.cs","PackageCache",".cs"
"bb42b2d967d6427983c901a4ffc8ecd9","Library/PackageCache/com.unity.textmeshpro@3.0.6/Editor Resources/Textures/btn_AlignMidline_Light.psd","PackageCache",".psd"
"bb5dba98c25e23044b8ecf6b54075d9c","Assets/_YFanFramework/Scripts/Utils/EncryptionUtil.cs","Asset",".cs"
"bb76ccb76637b5144b816c97d94690cb","Assets/Plugins/DOTween/Modules/DOTweenModulePhysics.cs","Asset",".cs"
"bb8458bc10d7afe4f8ad0204ab6f1fd8","Library/PackageCache/com.unity.addressables@1.21.20/Editor/Build/FastModeInitializationOperation.cs","PackageCache",".cs"
"bbb281ee3bf0b054c82ac2347e9e782c","Library/PackageCache/com.unity.addressables@1.21.20/Editor/Settings/AddressableAssetGroup.cs","PackageCache",".cs"
"bbb645cefc6d6a3429d906700bbadd2e","Assets/_Game/Resources/11111/10.fbx","Asset",".fbx"
"bbb71bee805aca34a84943ae76051c5d","Library/PackageCache/com.unity.scriptablebuildpipeline@1.21.25/Runtime/Shared/BundleDetails.cs","PackageCache",".cs"
"bbc66e9c19bb4284686b4dbce7530ccf","Library/PackageCache/com.unity.addressables@1.21.20/Tests/Editor/BuiltinSceneCacheTests.cs","PackageCache",".cs"
"bbc7bb869f290d74da99320c3bd575c6","Library/PackageCache/com.unity.addressables@1.21.20/Samples~/ComponentReference/ComponentReference.cs","PackageCache",".cs"
"bbccf571068e80f42b5b842a996cf1a7","Assets/_Game/公司战争Mesh/U16.mtl","Asset",".mtl"
"bbdcbaa918f9400b8cb1261fd69ed595","Library/PackageCache/com.unity.addressables@1.21.20/Documentation~/images/BuildReportInspectorRefsTo.png","PackageCache",".png"
"bbf390857e266064c8b5cbf4727ec069","Assets/_Game/Scripts/Prototype3D/CompanyWarGrid3DRenderer.cs","Asset",".cs"
"bbf650704adc8aa40bbd817142700a02","Assets/_Game/Art/Materials/Mat_U07.mat","Asset",".mat"
"bc00e25696e4132499f56528d3fed2e3","Library/PackageCache/com.unity.textmeshpro@3.0.6/Package Resources/TMP Examples & Extras.unitypackage","PackageCache",".unitypackage"
"bc1ede39bf3643ee8e493720e4259791","Assets/TextMesh Pro/Shaders/TMP_SDF-Mobile Masking.shader","Asset",".shader"
"bc282c9c64eccda4392e29f59439a37e","Library/PackageCache/com.unity.addressables@1.21.20/Tests/Editor/DocExampleCode/ScriptReference/ContentBuiltCheck.cs","PackageCache",".cs"
"bc5ac95237520c84f8f6628a6bc3ad96","Assets/_Game/Art/Materials/E04.mtl","Asset",".mtl"
"bc661232f11e4a741af54ba1c175d5ee","Assets/Plugins/UniTask/Runtime/EnumeratorAsyncExtensions.cs","Asset",".cs"
"bc7120d80c21d014885f3e7a4d4217cb","Library/PackageCache/com.unity.addressables@1.21.20/Editor/GUI/SerializedTypeDrawer.cs","PackageCache",".cs"
"bc765693cb391a7419b858f5ea45e5ad","Assets/_Game/Art/Prefabs/Models/MD_E04.prefab","Asset",".prefab"
"bc98484caab3b6d4facbcff38be93380","Library/PackageCache/com.unity.ugui@1.0.0/Editor/UI/SliderEditor.cs","PackageCache",".cs"
"bc9aa6d5a7945f34882c442e9e201537","Library/PackageCache/com.unity.ugui@1.0.0/Editor/UI/PropertyDrawers","PackageCache",""
"bca55adabcc4b3141b50b8b09634f764","Assets/Plugins/UniTask/Runtime/Linq/TakeWhile.cs","Asset",".cs"
"bd1af0a6633ee94ae21c7d1d702cdc12","Library/PackageCache/com.unity.modules.androidjni@1.0.0/package.json","PackageCache",".json"
"bd1bea4352ab4fb49a0d15da275cd26d","Library/PackageCache/com.unity.addressables@1.21.20/Editor/Build/AnalyzeRules/CheckSceneDupeDependencies.cs","PackageCache",".cs"
"bd6beac8e0ebd264e9ba246c39429c72","Assets/Plugins/UniTask/Runtime/UniTask.Bridge.cs","Asset",".cs"
"bdd672a655042ae4fa4c3f8c8d8853a6","Library/PackageCache/com.unity.addressables@1.21.20/Editor/Build/DataBuilders/AddressableAssetsBuildContext.cs","PackageCache",".cs"
"bdda75456865bf442b69112b4bfdede5","Assets/Plugins/DOTween/Modules/DOTweenModuleSprite.cs","Asset",".cs"
"be07f70ee67e6d74e851a9333719bbb6","Library/PackageCache/com.unity.ugui@1.0.0/Tests/Runtime/Canvas/NestedCanvasMaintainsCorrectSize.cs","PackageCache",".cs"
"be13c398521e3c1ad21fb9da30ab2ab6","Library/PackageCache/com.unity.modules.imgui@1.0.0/package.ModuleCompilationTrigger","PackageCache",".modulecompilationtrigger"
"be1a30b7f7acc804ebcfa219288fdef0","Assets/_Game/公司战争Mesh/U03 (1).obj","Asset",".obj"
"be1b04bc4d8a415469493848e6501020","Library/PackageCache/com.unity.ugui@1.0.0/Tests/Runtime/Layout/AspectRatioFitterTests.cs","PackageCache",".cs"
"be36d66973700384fbeb7fc898581fbb","Library/PackageCache/com.unity.addressables@1.21.20/Editor/GUI/AddressableAssetGroupInspector.cs","PackageCache",".cs"
"be385d6eb472a88469842b3dd6f8d538","Assets/_Game/Editor/LoadingScreenUIBuilderWindow.cs","Asset",".cs"
"be732832f47ef444db85f8ce43906e97","Assets/Plugins","Asset",""
"be9205585983c334fb0c7f3b8993de35","Library/PackageCache/com.unity.addressables@1.21.20/Editor/BuildReportVisualizer/UIToolKitAssets/StyleSheets/DetailsPanelSummary.uss","PackageCache",".uss"
"bede4033d9f359b41878c4cda6a910b3","Library/PackageCache/com.unity.ugui@1.0.0/Tests/Editor/Canvas/AssertionFailureOnOutputVertexCount.cs","PackageCache",".cs"
"bee384ad5b4d1a843a018082e7db53cd","Library/PackageCache/com.unity.ugui@1.0.0/Editor","PackageCache",""
"bef0b83030006f0409c3a3cfa181ee64","Library/PackageCache/com.unity.scriptablebuildpipeline@1.21.25/Editor/ReturnCode.cs","PackageCache",".cs"
"befd95e3f3af5eb49bf7c53d00cb4d44","Library/PackageCache/com.unity.addressables@1.21.20/Editor/Build/BuildUtility.cs","PackageCache",".cs"
"bf14725523681894dbac667caaa0316b","Library/PackageCache/com.unity.addressables@1.21.20/Samples~/CustomBuildAndPlaymodeScripts/Editor","PackageCache",""
"bf204968e6af6f64bb5e62c0a84f55fd","Assets/_Game/Tests/Cases/DemoCase.cs","Asset",".cs"
"bf2de0e8cc0a18b4d8887aad8e168377","Library/PackageCache/com.unity.addressables@1.21.20/Tests/Runtime/ResourceManager/ResourceManagerPackedModeTests.cs","PackageCache",".cs"
"bf5e6ef0e57ead045be2e03ae1ec38b0","Library/PackageCache/com.unity.addressables@1.21.20/Tests/Runtime/AddressablesIntegrationTestsImpl.cs","PackageCache",".cs"
"bf7aa8f14f8016a41b0e37be880461c9","Assets/_Game/Scripts/Logic/Core/Domain/GridMap.cs","Asset",".cs"
"bf8251aa3d694f2459ee1fbb73cf9123","Library/PackageCache/com.unity.addressables@1.21.20/Editor/AddressableEditorInitialization.cs","PackageCache",".cs"
"bf87e20fb5440ec498f441167b5291f8","Library/PackageCache/com.unity.ugui@1.0.0/Runtime/UI/Core/DefaultControls.cs","PackageCache",".cs"
"bf90056db39a0344e95c08ef7c62f73d","Assets/Plugins/DOTween/Editor/DOTweenEditor.dll","Asset",".dll"
"bfa3710e9aeaad547bae8719bd664926","Library/PackageCache/com.unity.addressables@1.21.20/Tests/Runtime/AssetReferenceTestBehavior.cs","PackageCache",".cs"
"bfb788a43e03363419155b8af77da971","Library/PackageCache/com.unity.ugui@1.0.0/Runtime/UI/Core/CanvasUpdateRegistry.cs","PackageCache",".cs"
"bfd567a3d1631a761bca9e99fa53d86d","Library/PackageCache/com.unity.modules.ui@1.0.0/package.json","PackageCache",".json"
"bfd861f8eae742742aa9c04a9dd46b48","Assets/_Game/Scripts/Procedure/States/MenuState.cs","Asset",".cs"
"bffb32eade7bbba40a4d3b8dd0bdce3a","Assets/_Game/Art/Prefabs/Units/PF_U05.prefab","Asset",".prefab"
"c03bc07c7a3d844849931ab6ebeb4adf","Library/PackageCache/com.unity.addressables@1.21.20/Tests/Editor/HostingServices/HttpHostingServiceTests.cs","PackageCache",".cs"
"c051a7c17509c9c4db8019ce2f8df3b1","Library/PackageCache/com.unity.addressables@1.21.20/Tests/Editor/DocExampleCode/ScriptReference/UsingLogWarning.cs","PackageCache",".cs"
"c07b58d30e7b5914fb0518b3c26a1f8b","Assets/AddressableAssetsData/AddressableAssetSettings.asset","Asset",".asset"
"c07ce938101b77544a5df7d58f37aa97","Library/PackageCache/com.unity.scriptablebuildpipeline@1.21.25/Editor/Interfaces/IObjectDependencyData.cs","PackageCache",".cs"
"c0818a9eb1d150444aaadd1048a4900e","Assets/_Game/Art/Models/Units/储装罐.fbx","Asset",".fbx"
"c0a3e63c832c64b448ffeb0728f86f2d","Assets/_Game/Scripts/Models/IGridModel.cs","Asset",".cs"
"c0d22a21fdaa31e4b93588e584f22b30","Assets/_Game/Scenes/Shader3_ALPHA TEST.shader","Asset",".shader"
"c13c4d40f03b84e489576570ec2daf5e","Library/PackageCache/com.unity.addressables@1.21.20/Tests/Editor/DocExampleCode/MyRule.cs","PackageCache",".cs"
"c16c54fe03afb5740bcc0a2a295cb79d","Library/PackageCache/com.unity.ugui@1.0.0/Tests/Editor/InputField","PackageCache",""
"c16f62c594e5d1a4ca504c3475e9d6ff","Assets/_YFanFramework/Scripts/Systems/ActorViewSystem/ActorViewSystem.cs","Asset",".cs"
"c18288a8d31fc9043a807ee8a9f1ae64","Library/PackageCache/com.unity.ugui@1.0.0/Editor/UI/PropertyDrawers/AnimationTriggersDrawer.cs","PackageCache",".cs"
"c1aaa83d5afab634a939d77fa58e4ed2","Assets/_Game/Scripts/Models/ConfigModel.cs","Asset",".cs"
"c221f5545add6654d9944d183f407bf3","Assets/_Game/Art/Materials/E05.mtl","Asset",".mtl"
"c2680c6a4bae5a14ba54dc55ec1852d7","Library/PackageCache/com.unity.addressables@1.21.20/Tests/Editor/DocExampleCode/CustomDataBuilder.cs","PackageCache",".cs"
"c29533c9e4284dee914b71a6579ea274","Assets/Plugins/UniTask/Runtime/UnityAwaitableExtensions.cs","Asset",".cs"
"c2c7d61e655a9134eb902da0ddc663ce","Library/PackageCache/com.unity.scriptablebuildpipeline@1.21.25/Tests/Editor/ArchiveAndCompressTests.cs","PackageCache",".cs"
"c2dcb086cc041f2459f8cb57dee4d25f","Library/PackageCache/com.unity.scriptablebuildpipeline@1.21.25/Tests/Editor/TaskCachingUtilityTests.cs","PackageCache",".cs"
"c2f7f6a88b4c4f20a53deb72f3d9144c","Library/PackageCache/com.unity.textmeshpro@3.0.6/Editor Resources/Textures/btn_AlignMidLine.psd","PackageCache",".psd"
"c30655636c35c3d4da44064af3d2d9a7","Assets/Plugins/UniTask/Runtime/Triggers/MonoBehaviourMessagesTriggers.cs","Asset",".cs"
"c311545f5de42304d8e7ec2d47e717e5","Assets/_Game/Art/Prefabs/Units/U23.obj","Asset",".obj"
"c32578978c37eaf41bdd90e1b034637d","Assets/Plugins/UniTask/Runtime/UniTask.WhenAny.cs","Asset",".cs"
"c32df609537c54c46adf92992a673693","Library/PackageCache/com.unity.ugui@1.0.0/Tests/Runtime/Canvas/SiblingOrderChangesLayout.cs","PackageCache",".cs"
"c334973cef89a9840b0b0c507e0377ab","Assets/TextMesh Pro/Shaders/TMPro_Mobile.cginc","Asset",".cginc"
"c33b04c403c19614395e83e691d3170a","Library/PackageCache/com.unity.addressables@1.21.20/Editor/Icons/AddressableAssetsIconY1756Basic.png","PackageCache",".png"
"c349d15a2c35fcb47be33f570820ac4b","Library/PackageCache/com.unity.addressables@1.21.20/Tests/Editor/AddressableAnalyticsTests.cs","PackageCache",".cs"
"c3607deff504fbc4eb56e16a80415a85","Library/PackageCache/com.unity.addressables@1.21.20/Tests/Editor/DocExampleCode/ScriptReference/UsingLoadAsset.cs","PackageCache",".cs"
"c38171bd3350dba4da046a0e22442c01","Library/PackageCache/com.unity.scriptablebuildpipeline@1.21.25/Tests/TestAssets/MonoBehaviourWithReference.cs","PackageCache",".cs"
"c3a73b848f18b6b498c76e82b2551f0d","Library/PackageCache/com.unity.addressables@1.21.20/Runtime/ResourceManager/Util/MonoBehaviourCallbackHooks.cs","PackageCache",".cs"
"c3b0971a8e5dab44a959bfe453348846","Library/PackageCache/com.unity.addressables@1.21.20/Runtime/ResourceManager/AsyncOperations/AsyncOperationHandle.cs","PackageCache",".cs"
"c3d97459d58390d4fae5d275bb2c1199","Assets/_Game/Tests/Cases/CW_Core_06_StageScheduleTimingTests.cs","Asset",".cs"
"c40be5443bda56741a346eb6473fc342","Assets/Plugins/DOTween/Editor/Imgs/DOTweenIcon.png","Asset",".png"
"c41005c129ba4d66911b75229fd70b45","Assets/TextMesh Pro/Resources/Sprite Assets/EmojiOne.asset","Asset",".asset"
"c41ecdd192a66174db9ae6b457c3a68c","Library/PackageCache/com.unity.scriptablebuildpipeline@1.21.25/Editor/Utilities/LinkXMLGenerator.cs","PackageCache",".cs"
"c426734e186f9da4381dc0990e602573","Library/PackageCache/com.unity.addressables@1.21.20/Editor/BuildReportVisualizer/IAddressableView.cs","PackageCache",".cs"
"c450f133fdc77b84cb3d5d0208e09d97","Assets/_YFanFramework/Docs/FileIOUtil_Usage.md","Asset",".md"
"c459424081436584c8cec10767f9ac38","Library/PackageCache/com.unity.ugui@1.0.0/Runtime/UI/Core/Utility/VertexHelper.cs","PackageCache",".cs"
"c4777500b5da6094e956c3d4f04de4db","Library/PackageCache/com.unity.textmeshpro@3.0.6/Scripts/Editor/TMP_GlyphPropertyDrawer.cs","PackageCache",".cs"
"c4847a190ae108a4aa3852330b4879ba","Assets/_Game/Scripts/Systems/SpawnSystem.cs","Asset",".cs"
"c48a079ac200400380bbb54b66a2ad09","Library/PackageCache/com.unity.addressables@1.21.20/Editor/GUI/GUIElements/UXML","PackageCache",""
"c499a2a91e3095b4c8e10d8f7de9bbb5","Library/PackageCache/com.unity.addressables@1.21.20/package.json","PackageCache",".json"
"c49b4cc203aa6414fae5c798d1d0e7d6","Library/PackageCache/com.unity.ugui@1.0.0/Runtime/EventSystem/Raycasters/PhysicsRaycaster.cs","PackageCache",".cs"
"c49e24ebadbf2c64cb350d3f62c0ad14","Library/PackageCache/com.unity.addressables@1.21.20/Editor/Settings/AddressableAssetProfileSettings.cs","PackageCache",".cs"
"c4f4788f869d62d4ea301e8340a9b12b","Library/PackageCache/com.unity.addressables@1.21.20/Tests/Editor/DocExampleCode/TestStub.cs","PackageCache",".cs"
"c50baa6dc4a739842acba729ee9998a5","Library/PackageCache/com.unity.addressables@1.21.20/Editor/BuildReportVisualizer","PackageCache",""
"c545241cf2e56ec4997d7677f01ef43d","Library/PackageCache/com.unity.ugui@1.0.0/Tests/Runtime","PackageCache",""
"c55a64c7570474f47a94abe39ebfef04","Library/PackageCache/com.unity.textmeshpro@3.0.6/Scripts/Editor/TMP_TextAlignmentDrawer.cs","PackageCache",".cs"
"c5621f8a204fa2848bf4a56deefcbb0c","Library/PackageCache/com.unity.addressables@1.21.20/Tests/Editor/SearchFiltersTests.cs","PackageCache",".cs"
"c5676580c9e682d4da654a6c5440b917","Library/PackageCache/com.unity.addressables@1.21.20/Tests/Runtime/DynamicContentUpdateTests.cs","PackageCache",".cs"
"c56bfa1671724ec4a882fe8c2f98384e","Assets/_Game/Scripts/Procedure/States/LevelSelectState.cs","Asset",".cs"
"c5867386aeb529b4dbb04ee17b24d759","Assets/Plugins/DOTween/DOTween.dll","Asset",".dll"
"c5aeade3b36c0b246936762b3673d9bf","Library/PackageCache/com.unity.textmeshpro@3.0.6/ValidationExceptions.json","PackageCache",".json"
"c5b9adcacaf21c940b18ecd5d65e16ef","Assets/_YFanFramework/Scripts/Systems/InputSystem/InputSystem.cs","Asset",".cs"
"c5ecc461727906345a35491a0440694f","Library/PackageCache/com.unity.scriptablebuildpipeline@1.21.25/Editor/Unity.ScriptableBuildPipeline.Editor.asmdef","PackageCache",".asmdef"
"c606041f02fc7d542b1429806872292b","Library/PackageCache/com.unity.ugui@1.0.0/Runtime/UI/Core/Culling/RectangularVertexClipper.cs","PackageCache",".cs"
"c63ec1e574af01940b50bc1959310719","Library/PackageCache/com.unity.addressables@1.21.20/Tests/Editor/HostingServices/HostingServicesWindowUtilitiesTests.cs","PackageCache",".cs"
"c66ef31a34be3df45acc8590fd614dcb","Library/PackageCache/com.unity.addressables@1.21.20/Editor/Diagnostics/GUI/Graph/GraphUtility.cs","PackageCache",".cs"
"c67ac6e40bbb6fe47a095b949b609ce0","Library/PackageCache/com.unity.ugui@1.0.0/Runtime/UI/Core/AnimationTriggers.cs","PackageCache",".cs"
"c6842422df3f52c49bd039fb475426ac","Library/PackageCache/com.unity.addressables@1.21.20/Tests/Editor/DocExampleCode/ScriptReference/UsingLoadAssetsAsync.cs","PackageCache",".cs"
"c68ef938225c36c4189195d2131ed93a","Assets/_Game/Resources/11111/13.fbx","Asset",".fbx"
"c6a0011805f56164fa0eeb10234c2a32","Library/PackageCache/com.unity.addressables@1.21.20/Editor/BuildReportVisualizer/UIToolKitAssets/StyleSheets/SummaryTabCardLight.uss","PackageCache",".uss"
"c6cb8c4cac7a64d109ab5f65c0f85aca","Library/PackageCache/com.unity.addressables@1.21.20/Runtime/ResourceManager/ResourceProviders/LegacyResourcesProvider.cs","PackageCache",".cs"
"c6ebee0463cbbe542acfd6adf15dfadc","Assets/_Game/公司战争Mesh/U05.obj","Asset",".obj"
"c703bb07e37ba0245b58dcc9f167b260","Assets/_YFanFramework/Prefabs/FloatingTextItem.prefab","Asset",".prefab"
"c73685de6a2030a48a67d78ba454753c","Library/PackageCache/com.unity.addressables@1.21.20/Editor/GUI/GUIElements/LabeledLabel.cs","PackageCache",".cs"
"c7613ad25e9a1794eb580050f86f4889","Library/PackageCache/com.unity.addressables@1.21.20/Editor/Build/LinkXMLGenerator.cs","PackageCache",".cs"
"c761ecff87b28d444bc3afbb638f2393","Assets/_Game/Art/Materials/U10.mtl","Asset",".mtl"
"c76700ea0062413d9f69409b4e9e151b","Library/PackageCache/com.unity.textmeshpro@3.0.6/Editor Resources/Textures/btn_AlignCenterGeo.psd","PackageCache",".psd"
"c79bbd430b512e940ab1bec2db54b6a7","Assets/_Game/Art/Prefabs/Models/MD_E05.prefab","Asset",".prefab"
"c7a8b0317f4e68556d7509828e9e211e","Library/PackageCache/com.unity.modules.xr@1.0.0/package.ModuleCompilationTrigger","PackageCache",".modulecompilationtrigger"
"c7b4e72fe87a5cf4dbbcdab719e10557","Assets/Plugins/DOTween/Editor/Imgs","Asset",""
"c825bad77a42dd341a8f0a5ef9cd5f4c","Library/PackageCache/com.unity.ugui@1.0.0/Tests/Editor/CanvasRenderer/ChangingHierarchyOfCanvasRenderer.cs","PackageCache",".cs"
"c825e3524af49f642bc3df0a0789dd55","Assets/HDRPDefaultResources/HDRenderPipelineGlobalSettings.asset","Asset",".asset"
"c82c3b37db403f947beff6c5abacab7e","Library/PackageCache/com.unity.addressables@1.21.20/Tests/Editor/DocExampleCode/ScriptReference/UsingLoadScene.cs","PackageCache",".cs"
"c82e859b16636ddd2ca4a1f63fd34938","Library/PackageCache/com.unity.modules.androidjni@1.0.0/package.ModuleCompilationTrigger","PackageCache",".modulecompilationtrigger"
"c835bd2dd8555234c8919c7b8ef3b69a","Assets/Plugins/UniTask/Runtime/Linq/ElementAt.cs","Asset",".cs"
"c849e9698fcb4894b9eb62146bb1ae1b","Assets/StreamingAssets/CompanyWar/Configs/Levels/L12.json","Asset",".json"
"c851bee4305bddf438cc6ffc515991ce","Library/PackageCache/com.unity.ugui@1.0.0/CHANGELOG.md","PackageCache",".md"
"c8609290d91434541b2f561c09dc7b3b","Library/PackageCache/com.unity.scriptablebuildpipeline@1.21.25/Editor/Utilities/USerialize/DeSerializer.cs","PackageCache",".cs"
"c86bd68c71769f44ebe2954f64fc7bc7","Assets/_Game/公司战争Mesh/U08 (1).obj","Asset",".obj"
"c87db290d469c17448d971b119cc58bb","Assets/_Game/Art/Prefabs/Units/U06.prefab","Asset",".prefab"
"c88e90bad18cceb5d182d0c805883056","Library/PackageCache/com.unity.modules.director@1.0.0/package.ModuleCompilationTrigger","PackageCache",".modulecompilationtrigger"
"c890977a36bfdc849872b9337ab89098","Library/PackageCache/com.unity.ugui@1.0.0/Editor/UI/GraphicEditor.cs","PackageCache",".cs"
"c8cf226ae39e82446b1bb827024f582c","Library/PackageCache/com.unity.addressables@1.21.20/Runtime/ResourceManager/Util/ResourceManagerConfig.cs","PackageCache",".cs"
"c8d12adcee749c344b8117cf7c7eb912","Assets/TextMesh Pro/Shaders/TMP_SDF-Mobile SSD.shader","Asset",".shader"
"c8e79dc34b988ee4e81125ff5822bc2a","Assets/_Game/Art/Materials/Mat_U22.mat","Asset",".mat"
"c8e7a7789891dd440b809c2cfab69ccc","Library/PackageCache/com.unity.addressables@1.21.20/Editor/GUI/AddressableAssetsSettingsGroupEditor.cs","PackageCache",".cs"
"c8e9fe359bd1fe94c8529447c3342a2a","Library/PackageCache/com.unity.addressables@1.21.20/Tests/Editor/DocExampleCode/ScriptReference/UsingResolveInternalId.cs","PackageCache",".cs"
"c92f2f7edf2b1374e8d43103fa967d9b","Assets/StreamingAssets/CompanyWar/Configs/Levels/L10.json","Asset",".json"
"c94a6b2bfbe274145af461862d30efd7","Assets/_Game/Scripts/Procedure/LevelCatalog.cs","Asset",".cs"
"c951970d3a8774823adda08337ad175b","Library/PackageCache/com.unity.scriptablebuildpipeline@1.21.25/Tests/ContentLoadTests.cs","PackageCache",".cs"
"c965ab7077c7542bd9130d8c2a8c3c95","Library/PackageCache/com.unity.addressables@1.21.20/Editor/Settings/ProfileGroupType.cs","PackageCache",".cs"
"c968f079e79719d42b0dd2761ddd8e2c","Library/PackageCache/com.unity.addressables@1.21.20/Editor/BuildReportVisualizer/BuildReportWindow.cs","PackageCache",".cs"
"c988d689398659d4789c4677ea64b373","Library/PackageCache/com.unity.addressables@1.21.20/Editor/BuildReportVisualizer/Utility/SummaryRowBuilder.cs","PackageCache",".cs"
"c9b3cd90055a04b48b05f0e458e05c07","Library/PackageCache/com.unity.scriptablebuildpipeline@1.21.25/Tests/Editor/BuildLogTests.cs","PackageCache",".cs"
"c9f9399d3b69ce84d91ef0d9e3e3789f","Assets/_YFanFramework/Scripts/Systems/AudioSystem","Asset",""
"ca17557f450440f40be1d7fce672888d","Library/PackageCache/com.unity.addressables@1.21.20/Editor/BuildReportVisualizer/UIToolKitAssets/UXML/MainToolbar.uxml","PackageCache",".uxml"
"ca48a46958a226b42827af0cfee06ef4","Assets/_Game/Editor/PrefabMaterialGeneratorWindow.cs","Asset",".cs"
"ca51b19024094d1b87f3e07edb0a75fb","Library/PackageCache/com.unity.textmeshpro@3.0.6/Editor Resources/Textures/btn_AlignBottom.psd","PackageCache",".psd"
"ca56812f160c45d0bacb4339819edf1a","Assets/Plugins/UniTask/Runtime/Linq/Merge.cs","Asset",".cs"
"ca77d26d10b9455ca5a4b22c93be2a31","Library/PackageCache/com.unity.textmeshpro@3.0.6/Documentation~/TextMeshPro.md","PackageCache",".md"
"ca819640f53b48919bf7774744f7f15e","Library/PackageCache/com.unity.textmeshpro@3.0.6/Scripts/Runtime/TMP_SelectionCaret.cs","PackageCache",".cs"
"ca8d7f8177ba16140920af405aea3fd4","Assets/Plugins/UniTask/Runtime/Linq/ForEach.cs","Asset",".cs"
"ca93553e129b38b48933b2e7d45f4201","Assets/_Game/Tests/Cases/CW_Core_05_PollutionAndLossConditionTests.cs","Asset",".cs"
"caa3431363af216479bf77b9d16e8c72","Library/PackageCache/com.unity.addressables@1.21.20/Runtime/ResourceManager/Util/DelayedActionManager.cs","PackageCache",".cs"
"caa347671b900804bb0624c39d5404f5","Library/PackageCache/com.unity.addressables@1.21.20/Editor/Settings/AddressableAssetUtility.cs","PackageCache",".cs"
"cab1e5bb9b569cc44b7fbeb50e74feeb","Assets/Plugins/DOTween/Editor/Imgs/Footer.png","Asset",".png"
"cab260536c3ae7d4b8f1768625e95ce3","Assets/_Game/Scenes/《黑暗克系的无尽科幻轮回》钟爱圣代.mp3","Asset",".mp3"
"cb09304cefcaac544889b26c496a2cac","Library/PackageCache/com.unity.scriptablebuildpipeline@1.21.25/Tests/Editor/ThreadingManagerTasks.cs","PackageCache",".cs"
"cb2e329c20f15cc48b2fa573e4801b96","Assets/_Game/Art/Prefabs/Models/MD_E06.prefab","Asset",".prefab"
"cb319974ad8ebd44aa1e1fbb02640b5b","Library/PackageCache/com.unity.ugui@1.0.0/Editor/UI/HorizontalOrVerticalLayoutGroupEditor.cs","PackageCache",".cs"
"cb7c939a806f03341b682c180dc13f08","Library/PackageCache/com.unity.ugui@1.0.0/Runtime/UI/Core/Layout/LayoutGroup.cs","PackageCache",".cs"
"cba3bf5fbe905c841b9ace7d603fb1d8","Library/PackageCache/com.unity.scriptablebuildpipeline@1.21.25/Editor/Shared/BuildTasksRunner.cs","PackageCache",".cs"
"cba86459a4ce8f04dbc627e73c52378f","Assets/_Game/Resources/11111/14.glb","Asset",".glb"
"cbab8835092323a4389f2dc7d8f6c781","Library/PackageCache/com.unity.ugui@1.0.0/Runtime/EventSystem/InputModules/PointerInputModule.cs","PackageCache",".cs"
"cbb1a39d56ce4d9ac1a46ac505893fa7","Library/PackageCache/com.unity.modules.terrainphysics@1.0.0/package.ModuleCompilationTrigger","PackageCache",".modulecompilationtrigger"
"cbe35974b91d3f34ba5d236345290ac2","Assets/AddressableAssetsData/AssetGroupTemplates/Packed Assets.asset","Asset",".asset"
"cc161680c2b2c7b4793f38ed58ee7de9","Assets/_Game/Scripts/Commands/GainResourceCommand.cs","Asset",".cs"
"cc313cc004395df4a9884390556690a5","Library/PackageCache/com.unity.ugui@1.0.0/Tests/Runtime/Layout","PackageCache",""
"cc721af777e8101459b9a2ea31544b01","Library/PackageCache/com.unity.scriptablebuildpipeline@1.21.25/Editor/Utilities/TrackerExtensions.cs","PackageCache",".cs"
"cc7e9503c9489314988045ae1093965a","Assets/_Game/公司战争Mesh/U06 (1).obj","Asset",".obj"
"ccc0c126fe5049f4c92e09ebf71c356d","Assets/_Game/公司战争Mesh/U19.mtl","Asset",".mtl"
"ccd07c23fc376bb4f886ef731d37a791","Assets/_Game/Scripts/Commands","Asset",""
"cce8d02778113c14b95efd8b2e68b8af","Assets/_Game/Scripts/Logic/Core","Asset",""
"ccf501d4dcb603946a5bdf8ed4832d31","Assets/_Game/公司战争Mesh/U11 (1).obj","Asset",".obj"
"ccf83b5066e84ac47ab9adfdfd9e484f","Library/PackageCache/com.unity.addressables@1.21.20/Editor/BuildReportVisualizer/UIToolKitAssets/StyleSheets/TreeViewItem.uss","PackageCache",".uss"
"cd104a158e673469cab9e0947990aef2","Library/PackageCache/com.unity.scriptablebuildpipeline@1.21.25/Tests/Catalog.cs","PackageCache",".cs"
"cd396e02e0371554e9bfc4ebb8035318","Library/PackageCache/com.unity.scriptablebuildpipeline@1.21.25/Tests/Editor/BuildCacheTestBase.cs","PackageCache",".cs"
"cd561f5f687aed43bf280c27a84f79e3","Library/PackageCache/com.unity.modules.screencapture@1.0.0/package.ModuleCompilationTrigger","PackageCache",".modulecompilationtrigger"
"cda5ad9bd8be5214c853a418eeb6d268","Library/PackageCache/com.unity.addressables@1.21.20/Tests/Editor/DocExampleCode/ScriptReference/UsingLoadContentCatalogAsync.cs","PackageCache",".cs"
"cddbf051d2a88f549986c468b23214af","Assets/Plugins/UniTask/Runtime/Linq/Pairwise.cs","Asset",".cs"
"ce016609bb1904e4e8ff7bc8d88c0278","Library/PackageCache/com.unity.scriptablebuildpipeline@1.21.25/Editor/Utilities/VersionedCallbackAttribute.cs","PackageCache",".cs"
"ce10b9a173f68e7439b96557cb1bc223","Library/PackageCache/com.unity.addressables@1.21.20/Tests/Runtime/InitializationObjectsAsyncTests.cs","PackageCache",".cs"
"ce1675c598de97b41b4bdfb134a77c01","Assets/_Game/公司战争Mesh/U20.mtl","Asset",".mtl"
"ce3572547e5cc9a48a7d57f8496d1fa9","Assets/_Game/Docs/LogicLayer_Usage.md","Asset",".md"
"ce398f227db86f144a6b13c12747cafe","Assets/_Game/Art/Prefabs","Asset",""
"ce4ff17ca867d2b48b5c8a4181611901","Library/PackageCache/com.unity.textmeshpro@3.0.6/Package Resources/TMP Essential Resources.unitypackage","PackageCache",".unitypackage"
"ceb629fc661813d40986b4abbefe72c6","Library/PackageCache/com.unity.ugui@1.0.0/Runtime/UI/Core/IMask.cs","PackageCache",".cs"
"cedba3286d52b9b4bb802d8415ab4356","Assets/_Game/Editor/CoreTestRunnerWindow.cs","Asset",".cs"
"cef69ad46d3a2a54aa5198dad625fe82","Library/PackageCache/com.unity.addressables@1.21.20/Tests/Editor/DocExampleCode/ScriptReference/UsingInstanceProvider.cs","PackageCache",".cs"
"cf176fe9b66a37544900da6a001ac6fd","Assets/_Game/Configs/Levels/L02.json","Asset",".json"
"cf1fbe87ebc762e4494c700b2da97c90","Assets/_Game/Art/Materials/Mat_U16.mat","Asset",".mat"
"cf1fe50a641faac4691bf49eb32ce333","Library/PackageCache/com.unity.textmeshpro@3.0.6/Scripts/Runtime/TMP_PackageResourceImporter.cs","PackageCache",".cs"
"cf45723e27602e94286afe25bcdaa0d0","Assets/_YFanFramework/Scripts/Core/AutoUIBinder.cs","Asset",".cs"
"cf769c7817ebfa842bedf81cae9f2f6c","Library/PackageCache/com.unity.addressables@1.21.20/Runtime/Initialization/PackedPlayModeBuildLogs.cs","PackageCache",".cs"
"cf81c85f95fe47e1a27f6ae460cf182c","Assets/TextMesh Pro/Shaders/TMP_Sprite.shader","Asset",".shader"
"cf97e54bcd5479a46bdbade48da047cc","Library/PackageCache/com.unity.ugui@1.0.0/Editor/Properties","PackageCache",""
"cf99c4b78a1e287498efd1df562f6347","Library/PackageCache/com.unity.addressables@1.21.20/Tests/Editor/AnalyzeRules","PackageCache",""
"cfa73a847eeff06448bb50a8ac6a94e0","Library/PackageCache/com.unity.ugui@1.0.0/Runtime/UI/Core/VertexModifiers","PackageCache",""
"cfabb0440166ab443bba8876756fdfa9","Library/PackageCache/com.unity.ugui@1.0.0/Runtime/UI/Core/VertexModifiers/Shadow.cs","PackageCache",".cs"
"cfaf4eba4e95d2949b07f6120aa9b303","Assets/_Game/Scripts/Logic/Core/Domain/ResourceEngine.cs","Asset",".cs"
"cfc18942d8f87f147a241b9de540a2a1","Library/PackageCache/com.unity.addressables@1.21.20/Tests/Runtime/DynamicResourceLocationTests.cs","PackageCache",".cs"
"cfc8dc1c0a450b449a22a6a04077d4c1","Library/PackageCache/com.unity.addressables@1.21.20/Editor/BuildReportVisualizer/ToggleTextExpansionButton.cs","PackageCache",".cs"
"cfcdca687c6d4574928e2741e1fb9287","Library/PackageCache/com.unity.addressables@1.21.20/Tests/Runtime/AddressablesImplTests.cs","PackageCache",".cs"
"cfe8ad6aa7980734a89a782fcc937045","Library/PackageCache/com.unity.addressables@1.21.20/Editor/Build/AnalyzeRules/AnalyzeRule.cs","PackageCache",".cs"
"cff0546d9c35a3248bd820d7dd136af6","Library/PackageCache/com.unity.scriptablebuildpipeline@1.21.25/Editor/Utilities/BuildInterfacesWrapper.cs","PackageCache",".cs"
"d0603b6d5186471b96c778c3949c7ce2","Assets/TextMesh Pro/Sprites","Asset",""
"d07c590681843734482b565ad928be3e","Library/PackageCache/com.unity.addressables@1.21.20/Tests/Runtime/ResourceManager/Operations/ProviderOperationTests.cs","PackageCache",".cs"
"d0b148fe25e99eb48b9724523833bab1","Library/PackageCache/com.unity.ugui@1.0.0/Runtime/EventSystem/EventTrigger.cs","PackageCache",".cs"
"d0d429f503dd95540b94ee654f23d0ba","Assets/_Game/Art/Prefabs/Units/U03.obj","Asset",".obj"
"d0d7dae9dca63a34186f8abdb467c29a","Assets/_Game/Art/Materials","Asset",""
"d0e1720fc8a1da74fbd3ce130e09dbb2","Assets/_Game/公司战争Mesh/E01.mtl","Asset",".mtl"
"d0e3ad91972c66f5238f5b9b7d5ae58a","Library/PackageCache/com.unity.modules.unitywebrequesttexture@1.0.0/package.json","PackageCache",".json"
"d12d000d99808e140bb7ec633895cf09","Library/PackageCache/com.unity.addressables@1.21.20/Editor/Diagnostics/Data/EventDataPlayerSessionCollection.cs","PackageCache",".cs"
"d136ebd2e9594408296041252ad6d2a9","Library/PackageCache/com.unity.addressables@1.21.20/Runtime/ResourceManager/ResourceProviders/IResourceProvider.cs","PackageCache",".cs"
"d1529e003ebb68b4a8fddc9445891703","Assets/_Game/Art/Materials/Mat_E09.mat","Asset",".mat"
"d165a767fad23a54d963742efdf90740","Library/PackageCache/com.unity.addressables@1.21.20/Tests/Editor/DocExampleCode/ScriptReference/UsingDownloadDependencies.cs","PackageCache",".cs"
"d16b3de09926e47439930d98445b90dc","Assets/_Game/Scripts/UI/BattleResultData.cs","Asset",".cs"
"d191714826e7cfd4ea54b1c71a144c74","Assets/_Game/Art/Materials/Mat_U09.mat","Asset",".mat"
"d199490a83bb2b844b9695cbf13b01ef","Library/PackageCache/com.unity.ugui@1.0.0/Runtime/UI/Core/InputField.cs","PackageCache",".cs"
"d1a0a27327b54c3bac52a08929c33f81","Library/PackageCache/com.unity.textmeshpro@3.0.6/Editor Resources","PackageCache",""
"d1a9a71f68bb0d04db91ddaa3329abf9","Assets/Plugins/UniTask/package.json","Asset",".json"
"d1bd38c1710e4444596dbe81fb3ed7ca","Assets/_Game/Scripts/Logic/Core/Domain/ApplyPollutionCommand.cs","Asset",".cs"
"d1c7406aa7305284ab960e73aeb5ef23","Assets/StreamingAssets/CompanyWar/Configs/Levels/L01.json","Asset",".json"
"d1cd2bbb5f374a7b81ec08e9e2f3e0f9","Assets/_Game/Scripts/UI/CompanyWarUIPressDepth.cs","Asset",".cs"
"d1ee9f085923a6045ab15efa71fe010b","Assets/_YFanFramework/Scripts/Systems/ResourceSystem/ResourceSystem.cs","Asset",".cs"
"d1f06a356b1a40fabd0140d300405015","Library/PackageCache/com.unity.addressables@1.21.20/Editor/Diagnostics/Profiler/ProfilerGUIUtilities.cs","PackageCache",".cs"
"d242e8333f443ba4cad150ca8e58885b","Assets/_Game/Art/Models/Enemies","Asset",""
"d256fa541faf5d4409992c631adb98a1","Library/PackageCache/com.unity.textmeshpro@3.0.6/Scripts/Editor/TMP_GlyphPairAdjustmentRecordPropertyDrawer.cs","PackageCache",".cs"
"d263899d903157a42836df9192ad37e7","Library/PackageCache/com.unity.addressables@1.21.20/Editor/Diagnostics/Profiler/ProfilerTemplates.cs","PackageCache",".cs"
"d2753eab703276041afb1d58301a291c","Library/PackageCache/com.unity.scriptablebuildpipeline@1.21.25/Editor/Shared","PackageCache",""
"d2994c9c9f470944ea6fb3828fb36bfe","Assets/_Game/Editor/UnitEnemyCatalogEditorWindow.cs","Asset",".cs"
"d2e10a4bfa7e55d49b41ee109b1076a7","Library/PackageCache/com.unity.addressables@1.21.20/Samples~/PrefabSpawner/PrefabSpawnerSample.cs","PackageCache",".cs"
"d2ec2d1228c8e67cdd913cb5609176a2","Library/PackageCache/com.unity.modules.unitywebrequest@1.0.0/package.ModuleCompilationTrigger","PackageCache",".modulecompilationtrigger"
"d2fe9d7a258944946a57628f3e9de498","Library/PackageCache/com.unity.scriptablebuildpipeline@1.21.25/Editor/WriteTypes/SceneDataWriteOperation.cs","PackageCache",".cs"
"d30a4104a18db1f42a5da276c7db34fe","Library/PackageCache/com.unity.addressables@1.21.20/Editor/GUI/AddressableAssetEntryCollectionEditor.cs","PackageCache",".cs"
"d314656232cf1b24a9d7e6470f8f72eb","Library/PackageCache/com.unity.addressables@1.21.20/Editor/Build/AnalyzeRules/BuildBundleLayout.cs","PackageCache",".cs"
"d314bd85e421fcf4d819507bd4554b38","Library/PackageCache/com.unity.addressables@1.21.20/Editor/BuildReportVisualizer/ContentView/AssetsContentView.cs","PackageCache",".cs"
"d34ce007ffbd4e74c9151022c3fb56df","Library/PackageCache/com.unity.addressables@1.21.20/Editor/Build/BuildPipelineTasks/BuildLayoutGenerationTask.cs","PackageCache",".cs"
"d36a7c7a1ed377c4b8008e53032d7dcf","Library/PackageCache/com.unity.ugui@1.0.0/Editor/UI/ToggleEditor.cs","PackageCache",".cs"
"d370242d9a79ba64cb55333c896bfdb0","Library/PackageCache/com.unity.addressables@1.21.20/Tests/Editor/AnalyzeRules/CheckResourcesDupeDependenciesTests.cs","PackageCache",".cs"
"d38853095625c274ca191c6b25a499fb","Assets/_Game/公司战争Mesh/U04.obj","Asset",".obj"
"d38d5a5256466c349a81338d02621916","Library/PackageCache/com.unity.scriptablebuildpipeline@1.21.25/package.json","PackageCache",".json"
"d38f0478933be42d895c37b862540a1c","Assets/Plugins/UniTask/Runtime/UniTask.AsValueTask.cs","Asset",".cs"
"d39612c833a6a324f8e4b7629a9d0d37","Assets/Plugins/UniTask/Editor","Asset",""
"d3994cd1747d38846bb962901129f8db","Library/PackageCache/com.unity.addressables@1.21.20/Tests/Editor/DocExampleCode/LoadWithAddress.cs","PackageCache",".cs"
"d3bdc38d9e243df47a93adcee51b362e","Assets/_Game/Resources/11111/1.fbx","Asset",".fbx"
"d3cbe921f7b3d9a3257e7c61a5761796","Library/PackageCache/com.unity.modules.terrainphysics@1.0.0/package.json","PackageCache",".json"
"d3cbfb08ad9ea4b4b93c2c2f3cc73e70","Library/PackageCache/com.unity.addressables@1.21.20/Tests/Editor/DocExampleCode/ScriptReference/UsingStreamingAssetsSubFolder.cs","PackageCache",".cs"
"d3f1cef9a16d4a21826a13742ee5ea01","Library/PackageCache/com.unity.scriptablebuildpipeline@1.21.25/Editor/Tasks","PackageCache",""
"d415d633eb1c9d44c854bac7bdc6d17f","Library/PackageCache/com.unity.addressables@1.21.20/Runtime/ResourceLocators/ContentCatalogData.cs","PackageCache",".cs"
"d455cf7412b52fb44b3843bd3b7c080f","Assets/_Game/Art/Prefabs/Units/PF_U04.prefab","Asset",".prefab"
"d484dec7588f0ae28b215848f3e8105a","Library/PackageCache/com.unity.modules.ui@1.0.0/.icon.png","PackageCache",".png"
"d4dbe29df1b294c4f8f0a2fb529d19fd","Library/PackageCache/com.unity.ugui@1.0.0/Tests/Runtime/Canvas/CanvasResizeCorrectlyForRenderTexture.cs","PackageCache",".cs"
"d4df1e59d158c8a4299229c7a7bfbae7","Assets/_Game/Resources/11111/5.glb","Asset",".glb"
"d50f98d68e1ffd4448cad108714ccada","Assets/_Game/Scripts/Systems","Asset",""
"d51458b261e0ecc4a98904e53924dc1c","Library/PackageCache/com.unity.ugui@1.0.0/Editor/Properties/AssemblyInfo.cs","PackageCache",".cs"
"d545ea8b7528c004681a86c811e92281","Library/PackageCache/com.unity.addressables@1.21.20/Tests/Editor/DocExampleCode/DeclaringReferences.cs","PackageCache",".cs"
"d548f82e7e9c0ed49ae5b4a5eecfb2f7","Library/PackageCache/com.unity.ugui@1.0.0/Tests/Runtime/Util/UIBehaviourExtensions.cs","PackageCache",".cs"
"d56dbb97f857c8040beef6dd1bfc97df","Library/PackageCache/com.unity.ugui@1.0.0/Tests/Runtime/ScrollRect/ScrollRectClamp.cs","PackageCache",".cs"
"d56fc7d4a3b1613e9af6a232b5a749c8","Library/PackageCache/com.unity.modules.screencapture@1.0.0/.icon.png","PackageCache",".png"
"d5a2b74e0c34386458caeee73de83d8f","Assets/_Game/Editor/UnitCatalogEditorWindow.cs","Asset",".cs"
"d5bd8c0d2eba17647962f29bfe31cb6a","Assets/_Game/Art/Prefabs/Units","Asset",""
"d5cb84cf62fd3eb4ab6a4881fc69b59b","Assets/_Game/Art/VFX","Asset",""
"d5db91ce60c3e4e44907fbbadd68e6f4","Library/PackageCache/com.unity.addressables@1.21.20/Editor/GUI/ContentUpdatePreviewWindow.cs","PackageCache",".cs"
"d5f36ee524d013644a2788ab71b64eae","Assets/_Game/公司战争Mesh/U08.obj","Asset",".obj"
"d628170b66f4d154eb5dda6859439c32","Library/PackageCache/com.unity.scriptablebuildpipeline@1.21.25/Tests/Editor/HashingMethodsTests.cs","PackageCache",".cs"
"d62ab3f6f7d317849b5f962b9d036f08","Library/PackageCache/com.unity.scriptablebuildpipeline@1.21.25/Tests","PackageCache",""
"d63dd1a776d383248a21ec2a8a6e7868","Library/PackageCache/com.unity.ugui@1.0.0/Runtime/UI/Core/Utility","PackageCache",""
"d65991d4bb3d75541bf06688c370ff05","Library/PackageCache/com.unity.addressables@1.21.20/Tests/Editor/ContentCatalogTests.cs","PackageCache",".cs"
"d676a4004c86bcb4ba9b0f0f1a534381","Assets/_Game/公司战争Mesh/U15.mtl","Asset",".mtl"
"d683a20b1b4bb4b409b2d642100e0f6c","Library/PackageCache/com.unity.scriptablebuildpipeline@1.21.25/README.md","PackageCache",".md"
"d6943e136388dab41a5efd55b9daeb35","Library/PackageCache/com.unity.addressables@1.21.20/Samples~/Unity.Addressables.SamplesFolder.asmdef","PackageCache",".asmdef"
"d6c85b3ea86fd7d45a0284311e03aa02","Library/PackageCache/com.unity.scriptablebuildpipeline@1.21.25/Tests/Editor/CalculateSceneDependencyTests.cs","PackageCache",".cs"
"d6c922e734ba25649a6af8e03e27a324","Library/PackageCache/com.unity.addressables@1.21.20/Editor/GUI/BuildProfileSettingsEditor.cs","PackageCache",".cs"
"d6cad69921702d5488d96b5ef30df1b0","Assets/Plugins/UniTask/Runtime/UniTaskScheduler.cs","Asset",".cs"
"d7192de2a0581ec4db62962cc1404af5","Assets/Plugins/UniTask/Runtime/Linq/ToUniTaskAsyncEnumerable.cs","Asset",".cs"
"d723a770823401649b007044d9a978ba","Library/PackageCache/com.unity.scriptablebuildpipeline@1.21.25/Editor/Shared/BundleExplictObjectLayout.cs","PackageCache",".cs"
"d759189bc3e47411985027b7cb98f986","Library/PackageCache/com.unity.scriptablebuildpipeline@1.21.25/Tests/Editor","PackageCache",""
"d762f1d769a77334fb522c856f497403","Assets/_Game/Scripts/Procedure/States/BootState.cs","Asset",".cs"
"d77e9a4600cc9734e98e189c3056d183","Assets/_Game/Resources/u27.fbx","Asset",".fbx"
"d79503fa30e4e47f7a80231b74f76eab","Library/PackageCache/com.unity.addressables@1.21.20/Editor/Diagnostics/Profiler/UXML/TreeViewPane.uxml","PackageCache",".uxml"
"d7d59080034742444bdaa34677894d3a","Assets/_Game/Configs/AuthorizationStages.json","Asset",".json"
"d80d649a59df7424dbd5e5c326a096eb","Library/PackageCache/com.unity.addressables@1.21.20/Tests/Editor/DocExampleCode/IDTransformer.cs","PackageCache",".cs"
"d81862f0eb12680479ccaaf2ac319d24","Assets/Plugins/UniTask/Runtime/Linq/SelectMany.cs","Asset",".cs"
"d826418a813498648b10542d0a5fb173","Assets/Plugins/UniTask/Runtime/Linq/Range.cs","Asset",".cs"
"d82c1b31c7e74239bff1220585707d2b","Assets/TextMesh Pro/Resources/LineBreaking Leading Characters.txt","Asset",".txt"
"d850db319a63d2546932ff76fe55a498","Library/PackageCache/com.unity.ugui@1.0.0/Tests","PackageCache",""
"d85e5eeaf8f135aeaaebdc8aa3cff6c3","Library/PackageCache/com.unity.modules.umbra@1.0.0/package.json","PackageCache",".json"
"d882a3238d9535e4e8ce1ad3291eb7fb","Assets/Plugins/UniTask/Runtime/Linq/Where.cs","Asset",".cs"
"d8ac3e3b94bb3a546bba793d4457240b","Assets/_Game/Editor","Asset",""
"d8d82229a256ee54eb106341e00c3c3a","Assets/_Game/Tests/Cases/CW0401_CoreUseCases.cs","Asset",".cs"
"d8f1f0a84c60dd84e8aea13155080a5b","Library/PackageCache/com.unity.addressables@1.21.20/Tests/Editor/DocExampleCode/ScriptReference/UsingInstantiate.cs","PackageCache",".cs"
"d8f8773c839b51a47a9efdcaed2abd5e","Assets/_Game/Art/Materials/Mat_U10.mat","Asset",".mat"
"d90bb9eec8948a94991952bcad49c572","Library/PackageCache/com.unity.scriptablebuildpipeline@1.21.25/Editor","PackageCache",""
"d9160e0a4fe112e4e9e53ef1f370cf2a","Assets/_Game/Art/Prefabs/Units/U07.obj","Asset",".obj"
"d91d0dd2a4ed2df41b742f33881892a2","Library/PackageCache/com.unity.addressables@1.21.20/Tests/Editor/ComponentSingletonTests.cs","PackageCache",".cs"
"d925cabd9ecd5074aadab0726b96c38f","Library/PackageCache/com.unity.ugui@1.0.0/Tests/Runtime/ScrollRect/ScrollRectTests.cs","PackageCache",".cs"
"d930090c0cd643c7b55f19a38538c162","Assets/TextMesh Pro/Shaders/TMPro_Surface.cginc","Asset",".cginc"
"d93777205e9afe24caed65d3e21bd011","Assets/_YFanFramework/Scripts/Systems/ResourceSystem","Asset",""
"d93f7d98c23db5f45b6c5aa70bcb5dac","Assets/_YFanFramework/Scripts/Systems/GuideSystem","Asset",""
"d94cb6cad35f9254eb29c544b139e871","Assets/_Game/Scripts/UI/BattleUIController.cs","Asset",".cs"
"d9647b571c5e44729b71d756b3d55317","Library/PackageCache/com.unity.textmeshpro@3.0.6/Scripts/Editor/TMP_ColorGradientAssetMenu.cs","PackageCache",".cs"
"d9a627f8b688dd040bb92da6d28e73af","Assets/_Game/Art/Prefabs/Models/MD_U01.prefab","Asset",".prefab"
"d9aa10a8bda74c639cb00d928c8007e7","Library/PackageCache/com.unity.addressables@1.21.20/Editor/GUI/UpgradeNotifications.cs","PackageCache",".cs"
"d9bc52aced9c3294b84eddb71b6f9891","Library/PackageCache/com.unity.addressables@1.21.20/Editor/BuildReportVisualizer/Utility/DetailsStack.cs","PackageCache",".cs"
"da63802f0abcc43cda5f5f50d79cb9ac","Library/PackageCache/com.unity.addressables@1.21.20/Editor/Diagnostics/Profiler/ProfilerDetailsTreeViewItemData.cs","PackageCache",".cs"
"dac57947227da0c4b93ed5289ece8a8e","Assets/_Game/Art/Prefabs/Units/PF_U15.prefab","Asset",".prefab"
"dad58be2203967e4f927f5193b96266a","Library/PackageCache/com.unity.scriptablebuildpipeline@1.21.25/Editor/Utilities/QualitySettingsApi.cs","PackageCache",".cs"
"dae81429396409043816f2d34ff07cdf","Assets/_Game/Art/Prefabs/Enemies/PF_E02.prefab","Asset",".prefab"
"db339ef553721e94999125c0b9f909dc","Library/PackageCache/com.unity.ugui@1.0.0/Tests/Runtime/Canvas/CreateSceneUtility.cs","PackageCache",".cs"
"db7dd43fe1278a9459cd6036f096b91d","Library/PackageCache/com.unity.ugui@1.0.0/Runtime/EventSystem/EventHandle.cs","PackageCache",".cs"
"db8e609a39b9b231fccc54e5fa4cbd1b","Library/PackageCache/com.unity.modules.animation@1.0.0/package.ModuleCompilationTrigger","PackageCache",".modulecompilationtrigger"
"db8e822ddcadee542b625284a3d0aa16","Library/PackageCache/com.unity.scriptablebuildpipeline@1.21.25/Editor/Tasks/StripUnusedSpriteSources.cs","PackageCache",".cs"
"dbef947c9494e554380d2e008e0ae62c","Assets/_Game/Resources/UI","Asset",""
"dc3d22b191ddab443b0cd95c95142cb9","Assets/_Game/Art/Prefabs/Models/MD_E01.prefab","Asset",".prefab"
"dc42784cf147c0c48a680349fa168899","Library/PackageCache/com.unity.ugui@1.0.0/Runtime/UI/Core/GraphicRaycaster.cs","PackageCache",".cs"
"dc47925d1a5fa2946bdd37746b2b5d48","Assets/Plugins/UniTask/Runtime/External/TextMeshPro/UniTask.TextMeshPro.asmdef","Asset",".asmdef"
"dc4c5dc2a5f246e4f8df44cab735826c","Assets/Plugins/UniTask/Runtime/MoveNextSource.cs","Asset",".cs"
"dc4ff8cb6d7c9a64896f2f082124d6b3","Assets/Plugins/UniTask/Runtime/Linq/Join.cs","Asset",".cs"
"dc55e0ed89dbc8342a0f0a72ebea9501","Assets/_YFanFramework/Scripts/Utils/MonoUtil.cs","Asset",".cs"
"dc5e4043be9e8854b97fa3eded5a49dc","Assets/_Game/公司战争Mesh/U07 (1).obj","Asset",".obj"
"dc63b9e976cf2234597ec4cef20023b4","Library/PackageCache/com.unity.addressables@1.21.20/Editor/BuildReportVisualizer/BuildReport Resources/Icons/Button_RightPanel_LightTheme@2x.png","PackageCache",".png"
"dc68e598ca44a134b988dfaf5e53bfba","Assets/Plugins/UniTask/Runtime/Linq/Select.cs","Asset",".cs"
"dc6cc7d1acb09834897d392cd8f30230","Assets/_Game/Art/Prefabs/Units/U06.obj","Asset",".obj"
"dc7ec7a016dc4a74aaafc7fe467996e8","Assets/_Game/Scripts/Utils/ObjectPoolManager.cs","Asset",".cs"
"dc8f615c132e4c368b09a183d18b921c","Library/PackageCache/com.unity.addressables@1.21.20/Tests/Editor/OptionalPackages","PackageCache",""
"dcb49b07db5e5f64e876b498105314f1","Library/PackageCache/com.unity.ugui@1.0.0/Tests/Editor/CanvasRenderer/ParentCanvasIsSane.cs","PackageCache",".cs"
"dcf00682bef4d264d84a5c92c8f5a40f","Library/PackageCache/com.unity.ugui@1.0.0/Editor/UI/SelfControllerEditor.cs","PackageCache",".cs"
"dd13484018b914e10a97ed9e5e9d4016","Library/PackageCache/com.unity.addressables@1.21.20/Runtime/ResourceLocators/CcdManagedData.cs","PackageCache",".cs"
"dd28b8c6c2a857046abc39c049e4d35a","Assets/_Game/Tests/Cases/CW_UNIT_0101_GridMap.cs","Asset",".cs"
"dd2fe74169b54bf58fca17288513ef38","Library/PackageCache/com.unity.textmeshpro@3.0.6/Scripts/Editor/TMP_SubMesh_Editor.cs","PackageCache",".cs"
"dd340326674dc4c418bd6cf12845b4c7","Library/PackageCache/com.unity.addressables@1.21.20/Tests/Editor/DocExampleCode/LoadWithReference.cs","PackageCache",".cs"
"dd375e1a7fd5f5b4d9135d4ddfe01937","Assets/_YFanFramework/Scripts/Systems/AuthorizationSystem/AuthorizationSystem.cs","Asset",".cs"
"dd3b6dd342342fb4989efd66af754273","Assets/_Game/Editor/MainMenuUIBuilderWindow.cs","Asset",".cs"
"dd417225aab6a77489d2548a1c00d922","Assets/_Game/公司战争Mesh/E06.obj","Asset",".obj"
"dd6c08855cf1f22408e8ed590e28a057","Assets/_Game/Editor/CompanyWarPrototype2DWindow.cs","Asset",".cs"
"dd83c8e12dedf75409b829b93146d130","Assets/Plugins/UniTask/Runtime/Linq/Do.cs","Asset",".cs"
"dd89cf5b9246416f84610a006f916af7","Assets/TextMesh Pro/Shaders/TMP_SDF Overlay.shader","Asset",".shader"
"dda3df23b66c01a478435d3fece3ea3d","Assets/_Game/Art/Prefabs/Units/U10.obj","Asset",".obj"
"ddeadabd2edc585429e428139b3ff117","Assets/StreamingAssets/CompanyWar/Configs/Levels/L05.json","Asset",".json"
"ddfa08e764ec9b240a8da672ef47f1a2","Assets/_Game/Resources/11111/10.glb","Asset",".glb"
"de066fda5984c034bb84d2831cd411b5","Assets/_YFanFramework/Docs/GameDesign_UIHero.md","Asset",".md"
"de23aaeee6fa41346a6886273da4f875","Library/PackageCache/com.unity.addressables@1.21.20/Tests/Editor/DocExampleCode/ScriptReference/UsingLoadAssets.cs","PackageCache",".cs"
"de28f16d77bab57459ffaa21afdf865d","Assets/_Game/Art/Prefabs/Enemies/E13.obj","Asset",".obj"
"de2ae69e35cc57f478c7a2bb20f06481","Assets/_YFanFramework/Scripts/Systems/FloatingTextSystem","Asset",""
"de2ed8bdad72a1245adf84a3e7b9c54c","Assets/_Game/Scenes/ShaderPractice_02.mat","Asset",".mat"
"de4318cbbab37fa40bc08ac8c2f51a9b","Library/PackageCache/com.unity.addressables@1.21.20/Tests/Runtime/ResourceManager/ResourceManagerBaseTests.cs","PackageCache",".cs"
"de76c70e21f9aec478c228866953a1f4","Assets/_Game/公司战争Mesh/E03.mtl","Asset",".mtl"
"de7854a5f7ef2054dbf92514bee6d796","Library/PackageCache/com.unity.addressables@1.21.20/Editor/GUI/AssetSettingsAnalyzeTreeView.cs","PackageCache",".cs"
"de932d79c8d9f3841a066d05ff29edc9","Assets/Plugins/UniTask/Runtime/Linq/SkipUntil.cs","Asset",".cs"
"debb010bbb1622e43b94fe70ec0133dd","Assets/Plugins/UniTask/Runtime/Linq/ToArray.cs","Asset",".cs"
"dee8a5b75337eaf479bcd629e82b43d4","Assets/_Game/Art/Prefabs/Units/U19.obj","Asset",".obj"
"df1b59c671db8b745a601fb51e5bec31","Assets/_Game/Art/Prefabs/Enemies/E04.obj","Asset",".obj"
"df1ba932d4ce4534e97a0f10c85cd3c9","Library/PackageCache/com.unity.ugui@1.0.0/Tests/Runtime/Canvas/CanvasSizeCorrectInAwakeAndStartScript.cs","PackageCache",".cs"
"df1d7f44d4fe7754f972c9e0b6fa72d5","Assets/Plugins/UniTask/Runtime/Linq/SkipLast.cs","Asset",".cs"
"df4698d5f2308d64382c883a75075e3e","Assets/_Game/Scripts/Queries/GetAuthorizationProgressQuery.cs","Asset",".cs"
"df92ac2564996814da348089a258201f","Assets/_Game/Resources/u36.fbx","Asset",".fbx"
"df92c48909f708647b98ae363e7618d8","Library/PackageCache/com.unity.addressables@1.21.20/Tests/Runtime/ResourceManager/TestUtil/MockProvider.cs","PackageCache",".cs"
"dfb88b91599701840970930f261b8843","Library/PackageCache/com.unity.scriptablebuildpipeline@1.21.25/Runtime","PackageCache",""
"dffef66376be4fa480fb02b19edbe903","Assets/TextMesh Pro/Sprites/EmojiOne.png","Asset",".png"
"e00f1ff88f9783243aca917c14f4a913","Library/PackageCache/com.unity.scriptablebuildpipeline@1.21.25/Editor/Utilities/USerializeTools/DumpToText.cs","PackageCache",".cs"
"e054c3274b8fb154c876b5be5db09359","Library/PackageCache/com.unity.addressables@1.21.20/Tests/Editor/AnalyzeRules/CheckSceneDupeDependenciesTests.cs","PackageCache",".cs"
"e05ace3bd15740cda0bad60d89092a5b","Library/PackageCache/com.unity.textmeshpro@3.0.6/Editor Resources/Textures/btn_AlignRight_Light.psd","PackageCache",".psd"
"e0952ae1d131b4a4dbcdd7010c2d69aa","Library/PackageCache/com.unity.addressables@1.21.20/Tests/Editor/DocExampleCode/ScriptReference/UsingLogErrorFormat.cs","PackageCache",".cs"
"e0ae6629cc70b514889df37fccb76832","Library/PackageCache/com.unity.ugui@1.0.0/README.md","PackageCache",".md"
"e0d623d6af26e124cb55b331938948d0","Assets/Plugins/DOTween/Modules/DOTweenModuleUtils.cs","Asset",".cs"
"e0d9d70fb62e8164d98b6567cf268d5c","Library/PackageCache/com.unity.addressables@1.21.20/Runtime/ResourceLocators/IResourceLocator.cs","PackageCache",".cs"
"e0e4f43a3816add4c86c9671d7961f2f","Library/PackageCache/com.unity.ugui@1.0.0/Tests/Runtime/Toggle/TestableToggleGroup.cs","PackageCache",".cs"
"e1070ace2cadb4049b69c3f83ae19647","Assets/_Game/公司战争Mesh/E15.mtl","Asset",".mtl"
"e135f99d5c3f044e4aba84ddbed0d30b","Library/PackageCache/com.unity.addressables@1.21.20/Runtime/ResourceManager/ResourceProviders/ISceneProvider.cs","PackageCache",".cs"
"e14d3e528f112e445aa46b7870f93944","Library/PackageCache/com.unity.scriptablebuildpipeline@1.21.25/Editor/Utilities/Preferences.cs","PackageCache",".cs"
"e15d655e669b5394bb466c4808f95503","Assets/_Game/Tests/Framework/ITestCase.cs","Asset",".cs"
"e18580a7226c3b34c9fa7fdb324edfe6","Library/PackageCache/com.unity.scriptablebuildpipeline@1.21.25/Editor/Interfaces/IBuildParameters.cs","PackageCache",".cs"
"e19747de3f5aca642ab2be37e372fb86","Library/PackageCache/com.unity.ugui@1.0.0/Runtime/UI/Core/VertexModifiers/Outline.cs","PackageCache",".cs"
"e1a40c6e941aa59458d35b08e9558cc3","Assets/_Game/Configs","Asset",""
"e1b0ab339722791498cc804831a17ad3","Library/PackageCache/com.unity.ugui@1.0.0/Tests/Runtime/InputField/DesktopInputFieldTests.cs","PackageCache",".cs"
"e1d099996d65f11418d9375782d9e1c8","Assets/_Game/Resources/BGMs/MenuBGM.mp3","Asset",".mp3"
"e1e1dce0728cf454e9f019f3e8ce7077","Assets/StreamingAssets/CompanyWar/Configs/CorporateCorridorTheme_Default.asset","Asset",".asset"
"e1e6c6d3afa9b8d44924fe8dcbee49a4","Library/PackageCache/com.unity.addressables@1.21.20/Tests/Editor/DocExampleCode/PrintBucketInformation.cs","PackageCache",".cs"
"e1ef8466c8fd01a549f10baa4d51fa17","Library/PackageCache/com.unity.modules.assetbundle@1.0.0/package.json","PackageCache",".json"
"e210c8bf2e9c6514d90a1bd77586af1f","Library/PackageCache/com.unity.ugui@1.0.0/Tests/Runtime/Toggle","PackageCache",""
"e21bec35f48a44298911b25ead550ce3","Library/PackageCache/com.unity.textmeshpro@3.0.6/Scripts/Runtime/TMP_MeshInfo.cs","PackageCache",".cs"
"e2451c4f5e8aa414aad6f06c69047b00","Assets/_Game/Art/VFX/Materials","Asset",""
"e248556be247cdc42b71085bf19141a7","Assets/_Game/公司战争Mesh/U01 (1).obj","Asset",".obj"
"e25b76d1a8a87c641894e4694a750cd8","Library/PackageCache/com.unity.scriptablebuildpipeline@1.21.25/Editor/Interfaces/IProgressTracker.cs","PackageCache",".cs"
"e2b2e65745263994fbe34f3e0ec8eb12","Assets/Plugins/UniTask/Runtime/Linq/Any.cs","Asset",".cs"
"e2bbbc81002ad3642a2b1e7857a3f11a","Library/PackageCache/com.unity.scriptablebuildpipeline@1.21.25/Editor/Utilities/BuildCache.cs","PackageCache",".cs"
"e2d09a26ce46dc617b54e49a534ace20","Library/PackageCache/com.unity.modules.ai@1.0.0/package.ModuleCompilationTrigger","PackageCache",".modulecompilationtrigger"
"e2d5a57757fc0cc4eb4f2fade47b59dd","Library/PackageCache/com.unity.scriptablebuildpipeline@1.21.25/Editor/Tasks/CalculateSceneDependencyData.cs","PackageCache",".cs"
"e3265ab4bf004d28a9537516768c1c75","Assets/TextMesh Pro/Fonts/LiberationSans.ttf","Asset",".ttf"
"e32f647f6eec5dd458031b2ccab2880b","Library/PackageCache/com.unity.addressables@1.21.20/Editor/Build/SceneManagerState.cs","PackageCache",".cs"
"e3377e2ae934ed54fb8fd5388e2d9eb9","Assets/Plugins/UniTask/Runtime/Progress.cs","Asset",".cs"
"e36c585c3271c814da8d22475e6698d0","Library/PackageCache/com.unity.addressables@1.21.20/Editor/BuildReportVisualizer/ContentView","PackageCache",""
"e3882522a08b6f5459b4dea6f8791278","Library/PackageCache/com.unity.textmeshpro@3.0.6/Scripts/Editor/GlyphMetricsPropertyDrawer.cs","PackageCache",".cs"
"e3b0f810fdea84e40ab4ba20f256f7e8","Library/PackageCache/com.unity.textmeshpro@3.0.6/Editor Resources/Textures/SectionHeader_Light.psd","PackageCache",".psd"
"e3e97670d537e784e9f104552b533056","Library/PackageCache/com.unity.addressables@1.21.20/Tests/Editor/Build/BuildScriptTests.cs","PackageCache",".cs"
"e405e3c3d1ec4304b9ca198ab6559aa9","Assets/StreamingAssets/CompanyWar/Configs/Levels","Asset",""
"e415ec882288bc949a9e980dd71f24b5","Assets/_Game/Scripts/Queries/GetGridCellQuery.cs","Asset",".cs"
"e41d89f94adcfb544a66662f0c73965f","Assets/_Game/Editor/VisualMappingAutoAssigner.cs","Asset",".cs"
"e442b3f60180e8542bf7541d9aa6e357","Assets/_Game/Resources/11111/13.glb","Asset",".glb"
"e449fe7932420f940adb4c9b75596bd2","Library/PackageCache/com.unity.addressables@1.21.20/Editor/Build","PackageCache",""
"e49dad816ceeeb94386b907d5f361a0d","Library/PackageCache/com.unity.addressables@1.21.20/Tests/Editor/Diagnostics/SegmentIteration.cs","PackageCache",".cs"
"e4a7ddc0ee0cb5e47b5c53fb53a97808","Library/PackageCache/com.unity.scriptablebuildpipeline@1.21.25/Editor/CompatibilityBuildPipeline.cs","PackageCache",".cs"
"e4aaf4a44030286489a816282933e0d8","Assets/StreamingAssets/CompanyWar/Configs/AbilityDefinitions.json","Asset",".json"
"e4e0b1de1aee400d81ed4273141e7823","Library/PackageCache/com.unity.textmeshpro@3.0.6/Scripts/Runtime/TMP_SpriteAssetImportFormats.cs","PackageCache",".cs"
"e4e290d31ab7fb54880746bb8f818e0d","Library/PackageCache/com.unity.ugui@1.0.0/Tests/Runtime/EventSystem/InputModuleTests.cs","PackageCache",".cs"
"e4e65e1ec4a34c068baf55ae0319f61c","Assets/_Game/Scripts/Configs/VisualMapping.cs","Asset",".cs"
"e4e9f0f7eaff4094990720ec2b944faf","Library/PackageCache/com.unity.addressables@1.21.20/Editor/Build/DataBuilders/AddressableAssetsBundleBuildParameters.cs","PackageCache",".cs"
"e501e91b337adda41bd6c22cf8cae83e","Library/PackageCache/com.unity.scriptablebuildpipeline@1.21.25/Editor/Interfaces","PackageCache",""
"e51f1aa10d814ff4a85c671e5120de6f","Library/PackageCache/com.unity.addressables@1.21.20/Editor/GUI/AnalyzeWindow.cs","PackageCache",".cs"
"e52691e61cc9cfb4eb29e48a69f4f231","Assets/_Game/Scripts/UI/MenuPanel.cs","Asset",".cs"
"e53a8e6b78f1a4f4085da193bd303aec","Library/PackageCache/com.unity.addressables@1.21.20/Editor/BuildReportVisualizer/UIToolKitAssets/StyleSheets/MainToolbarButtons.uss","PackageCache",".uss"
"e57af6a74927ea84a9adc614cb2c3735","Assets/_Game/Art/Materials/Mat_E11.mat","Asset",".mat"
"e59bf5e81ff06ac4ca62188908370bbb","Library/PackageCache/com.unity.addressables@1.21.20/Tests/Runtime/BuiltInDataTests.cs","PackageCache",".cs"
"e5c46c19ce0ce2e0103aa6f82df1043a","Library/PackageCache/com.unity.modules.vehicles@1.0.0/package.ModuleCompilationTrigger","PackageCache",".modulecompilationtrigger"
"e5d17a21594effb4e9591490b009e7aa","Library/PackageCache/com.unity.addressables@1.21.20/Editor/Settings/GroupSchemas/BundledAssetGroupSchema.cs","PackageCache",".cs"
"e5dafbed2d9ef8542890d59f2913b6cb","Assets/_YFanFramework/Scripts/Systems/AudioSystem/AudioDefines.cs","Asset",".cs"
"e606d38eed688574bb2ba89d983cc9bb","Assets/Plugins/UniTask/Runtime/Linq/Count.cs","Asset",".cs"
"e6323ebef616fee4486ee155cd56d191","Library/PackageCache/com.unity.ugui@1.0.0/Tests/Runtime/EventSystem/GraphicRaycasterTests.cs","PackageCache",".cs"
"e6413f4090046814d802ddbff9890878","Library/PackageCache/com.unity.ugui@1.0.0/Editor/UI/RawImageEditor.cs","PackageCache",".cs"
"e64db96403bd54244820848cd058a3be","Library/PackageCache/com.unity.addressables@1.21.20/Runtime/ResourceManager/Diagnostics/Profiling","PackageCache",""
"e65efd8f04d0183428812ccb39cd10bc","Assets/_Game/公司战争Mesh/U06 (1).mtl","Asset",".mtl"
"e69259f6ff914146ad610be5491eb44a","Library/PackageCache/com.unity.textmeshpro@3.0.6/Scripts/Runtime/TMP_ObjectPool.cs","PackageCache",".cs"
"e6a135e3ea9cb46795d1b0e05ac3e1e5","Library/PackageCache/com.unity.modules.jsonserialize@1.0.0/package.ModuleCompilationTrigger","PackageCache",".modulecompilationtrigger"
"e6a1d1e3d2384453a7371b4a07a41ca4","Library/PackageCache/com.unity.textmeshpro@3.0.6/Scripts","PackageCache",""
"e6acdfc33576e214580cb1e562e78d45","Assets/_Game/Scripts/Prototype3D/BattleCameraController.cs","Asset",".cs"
"e6c1d0b0ab4d44f42a99963de99d60ba","Library/PackageCache/com.unity.addressables@1.21.20/Tests/Runtime/Initialization/AddrRuntimePropertiesTests.cs","PackageCache",".cs"
"e6c3982a52da5ea479a8bafa4096b3ab","Assets/_Game/公司战争Mesh/U05 (1).obj","Asset",".obj"
"e6e438871465b6c45b4d9f3ca2167124","Assets/_Game/Scenes/《管风琴的午夜邪影之战》钟爱圣代 (1).mp3","Asset",".mp3"
"e73a58f6e2794ae7b1b7e50b7fb811b0","Assets/TextMesh Pro/Resources/Fonts & Materials/LiberationSans SDF - Drop Shadow.mat","Asset",".mat"
"e73ae62c26964034db28bb13d043150d","Assets/_Game/Scripts/Logic/Core/Domain/ReplaceQualificationCommand.cs","Asset",".cs"
"e744f59c7615dec4cada9ac42483bd8c","Assets/_Game/Tests/Cases/CW_UNIT_0107_DeploymentRules.cs","Asset",".cs"
"e7689eda3a8b1a847a8b197dbe90d9a6","Library/PackageCache/com.unity.ugui@1.0.0/Tests/Editor/UI","PackageCache",""
"e779c13e241463d4ebc307772337cb19","Library/PackageCache/com.unity.addressables@1.21.20/Tests/Editor/DocExampleCode/ScriptReference/UsingInstantiateAsync.cs","PackageCache",".cs"
"e782e9db0ca73f04eb5f2ccba8bc0ce1","Assets/_Game/Scripts/Commands/ApplyPollutionCommand.cs","Asset",".cs"
"e7e1df7b19d70bd448fe75ed4627e17e","Assets/_Game/Scripts/UI/BattlePanel.prefab","Asset",".prefab"
"e7f8f48de5f3e9341b19f0a6844c2e48","Library/PackageCache/com.unity.addressables@1.21.20/Samples~/CustomAnalyzeRules/Editor/AddressHasC.cs","PackageCache",".cs"
"e8172907ebad1ec48b261c4e12a371a3","Library/PackageCache/com.unity.addressables@1.21.20/Editor/BuildReportVisualizer/BuildReport Resources/Icons","PackageCache",""
"e82f498cf3a1df04cbf646773fc11319","Assets/Plugins/UniTask/Runtime/Linq/TakeUntilCanceled.cs","Asset",".cs"
"e840cb3f9e1c79f418991c22a9bbdd28","Library/PackageCache/com.unity.addressables@1.21.20/Tests/Editor/DocExampleCode/LoadWithIEnumerator.cs","PackageCache",".cs"
"e840f817ffac1874da1945bf16476fa6","Assets/_Game/Scripts/Procedure/States/BattleState.cs","Asset",".cs"
"e88a766c2b8b47841936c136f4afbba9","Library/PackageCache/com.unity.ugui@1.0.0/Tests/Runtime/Graphic/GraphicTests.cs","PackageCache",".cs"
"e891aaac17b933a47a9d7fa3b8e1226f","Assets/Plugins/UniTask/Runtime/CompilerServices/AsyncUniTaskVoidMethodBuilder.cs","Asset",".cs"
"e89f8173df8092d40aa250b0de2f9199","Assets/AddressableAssetsData/Android","Asset",""
"e89ff5e7c669f70409de18c9948164d4","Library/PackageCache/com.unity.ugui@1.0.0/Tests/Runtime/InputField/TouchInputFieldTests.cs","PackageCache",".cs"
"e8b061d14a837634288c206365e58ed2","Assets/_Game/Docs","Asset",""
"e8d1d65d4e22e7c469b399220f88542f","Assets/HDRPDefaultResources/DefaultSettingsVolumeProfile.asset","Asset",".asset"
"e90cc37a5ccf4a44dbecc5b7172ec512","Library/PackageCache/com.unity.ugui@1.0.0/Tests/Editor/UnityEvent","PackageCache",""
"e9147caba40da434da95b39709c13784","Assets/Plugins/UniTask/Runtime/UnityAsyncExtensions.AssetBundleRequestAllAssets.cs","Asset",".cs"
"e9253e696cd45794d9aec6d4de366b6e","Library/PackageCache/com.unity.ugui@1.0.0/Editor/UI/SelectableEditor.cs","PackageCache",".cs"
"e93ec7eb6de342aabd156833e253f838","Library/PackageCache/com.unity.textmeshpro@3.0.6/Editor Resources/Gizmos","PackageCache",""
"e94656a08861c174c9f786affcfd15a7","Library/PackageCache/com.unity.scriptablebuildpipeline@1.21.25/Editor/Utilities/USerialize","PackageCache",""
"e9745f6a32442194c8dc5a43e9ab86f9","Library/PackageCache/com.unity.ugui@1.0.0/Tests/Runtime/UnityEngine.UI.Tests.asmdef","PackageCache",".asmdef"
"e976a5e755c7016418f66e15223c1b90","Library/PackageCache/com.unity.ugui@1.0.0/Editor/EventSystem/PhysicsRaycasterEditor.cs","PackageCache",".cs"
"e98b4a8982e76bc4d86c10db25cd7193","Library/PackageCache/com.unity.addressables@1.21.20/Editor/GUI/AddressableAssetsWindow.cs","PackageCache",".cs"
"e9a32780b69dcdb438da3e3f43202f54","Library/PackageCache/com.unity.ugui@1.0.0/Tests/Runtime/LayoutGroup/LayoutGroupArrangement.cs","PackageCache",".cs"
"e9b30502037014f49b49d63466e23af1","Assets/_YFanFramework/Scripts/Systems/FloatingTextSystem/FloatingTextDefines.cs","Asset",".cs"
"e9cac674d67385249b2805670e618c24","Library/PackageCache/com.unity.ugui@1.0.0/Tests/Runtime/ScrollRect/ScrollRectScale.cs","PackageCache",".cs"
"e9df95f53f1c1d0c9199e235d6c42b50","Library/PackageCache/com.unity.modules.audio@1.0.0/package.json","PackageCache",".json"
"e9f28cd922179634d863011548f89ae7","Assets/Plugins/UniTask/Runtime/UniTaskVoid.cs","Asset",".cs"
"e9f693669af91aa45ad615fc681ed29f","Assets/TextMesh Pro/Shaders","Asset",""
"ea375d4d72197e143ba4ebfe5d21ed7c","Library/PackageCache/com.unity.addressables@1.21.20/Tests/Editor/AddressableAssetUtilityTests.cs","PackageCache",".cs"
"ea84faf83a52a9a4db73bbed2539d58d","Assets/_Game/Scripts/Logic/Adapters/ViewEventTypes.cs","Asset",".cs"
"ea944378afa086f438b3352ad7b0e835","Library/PackageCache/com.unity.ugui@1.0.0/Tests/Runtime/Util/PrivateFieldSetter.cs","PackageCache",".cs"
"eacd01269b186c14dbc0ddb2089289c4","Assets/StreamingAssets/CompanyWar/Configs/Levels/L16.json","Asset",".json"
"eaea262a5ad393d419c15b3b2901d664","Assets/Plugins/UniTask/Runtime/UniTaskObservableExtensions.cs","Asset",".cs"
"eb39a5e8a9f342946b37f08b70b59d02","Library/PackageCache/com.unity.addressables@1.21.20/Tests/Editor/DocExampleCode/InstantiateAsset.cs","PackageCache",".cs"
"eb4b4efc09625be47af580d907e9c787","Assets/Resources/Fonts/ChineseUIFont.ttf","Asset",".ttf"
"eb4fb871430ff484e9ee3850946c504d","Library/PackageCache/com.unity.ugui@1.0.0/Tests/Runtime/EventSystem/InputModuleTests/PointerEnterCallbackCheck.cs","PackageCache",".cs"
"eb7f165f4002c4f4bb7cf6eb7f1166d9","Library/PackageCache/com.unity.scriptablebuildpipeline@1.21.25/CHANGELOG.md","PackageCache",".md"
"ebaaf14253c9cfb47b23283218ff9b67","Assets/Plugins/UniTask/Runtime/Internal/UnityEqualityComparer.cs","Asset",".cs"
"ebfe6a25fc481424299cc793da3738d4","Assets/_YFanFramework/Scripts/Systems/UIManager/UIDefines.cs","Asset",".cs"
"ec02776fe29df900b897106d61977735","Library/PackageCache/com.unity.modules.director@1.0.0/package.json","PackageCache",".json"
"ec35c13a8280a8d4e817bc4afd8a95de","Library/PackageCache/com.unity.ugui@1.0.0/Tests/Runtime/Canvas/CanvasSizeCorrectInAwakeAndStart.cs","PackageCache",".cs"
"ec79ccd8bee404e43a7f1c0d33241303","Library/PackageCache/com.unity.scriptablebuildpipeline@1.21.25/Documentation~/BuildLogger.md","PackageCache",".md"
"ec7c645d93308c04d8840982af12101e","Library/PackageCache/com.unity.textmeshpro@3.0.6/Editor Resources/Gizmos/TMP - Sprite Asset Icon.psd","PackageCache",".psd"
"ecb679c8b1807ff48a7604af4b753951","Assets/_Game/Art/Prefabs/Units/PF_U13.prefab","Asset",".prefab"
"ece4fc36f044b2544aa5ce4f5cd12422","Library/PackageCache/com.unity.addressables@1.21.20/Editor/BuildReportVisualizer/BuildReport Resources/Icons/PlatformWSAPlayerIcon.png","PackageCache",".png"
"ece5ef76c04b86149b1e21345abd0962","Assets/_Game/Tests/Cases","Asset",""
"ece84cf814dfbfc42bb9fb5a6c055de0","Assets/_Game/Scripts/UI/PhaseUpgradeController.cs","Asset",".cs"
"ecfa8fc5795caba43bc9e71058b8b0bc","Assets/_Game/Docs/GameDesign.md","Asset",".md"
"ecff7972251de0848b2c0fa89bbd3489","Assets/Plugins/UniTask/Runtime/UniTask.Delay.cs","Asset",".cs"
"ed03524d09e7eb24a9fb9137198feb84","Assets/Plugins/UniTask/Runtime/UniTaskCompletionSource.cs","Asset",".cs"
"ed041e68439749a69d0efa0e3d896c2e","Library/PackageCache/com.unity.textmeshpro@3.0.6/Editor Resources/Textures/btn_AlignTop_Light.psd","PackageCache",".psd"
"ed82e6a3252966741b37933e3c60a6a9","Assets/_Game/公司战争Mesh/gongsizhanzheng2.blend","Asset",".blend"
"edc1c2d74c06a124fbdceb13e7010792","Assets/_Game/Tests/Cases/CW_UNIT_0105_AuthorizationEngine.cs","Asset",".cs"
"edebeae8b61352b428abe9ce8f3fc71a","Assets/Plugins/UniTask/Runtime/Linq/Cast.cs","Asset",".cs"
"ee148e281f3c41c5b4ff5f8a5afe5a6c","Library/PackageCache/com.unity.textmeshpro@3.0.6/Editor Resources/Gizmos/TMP - Font Asset Icon.psd","PackageCache",".psd"
"ee57090837beb6444873f91d15f6ba37","Library/PackageCache/com.unity.addressables@1.21.20/Editor/BuildReportVisualizer/BuildReportListView.cs","PackageCache",".cs"
"ee7ac5a833270d446ae6c3787e444708","Assets/_Game/Art/Prefabs/Buildings/PF_U08.prefab","Asset",".prefab"
"ee92aa36338b87445ac230ed769ea068","Library/PackageCache/com.unity.scriptablebuildpipeline@1.21.25/Tests/Editor/ReflectionExtentions.cs","PackageCache",".cs"
"eef4ad43d5d6c5e448df0dd908bc15c4","Assets/_Game/Scripts/UI/SceneTransitionManager.cs","Asset",".cs"
"eef6804500e93a743b315a0d19c055b1","Assets/_Game/Tests/Cases/CW_Core_08_VictoryByPointsTests.cs","Asset",".cs"
"ef2840a2586894741a0ae211b8fd669b","Assets/Plugins/UniTask/Runtime/Triggers/AsyncAwakeTrigger.cs","Asset",".cs"
"ef3b48a8cb8f27944af353623444099f","Assets/_Game","Asset",""
"ef55377076f186e4fb78d6f117bb52ac","Library/PackageCache/com.unity.addressables@1.21.20/Samples~/CustomBuildAndPlaymodeScripts/Editor/CustomPlayMode.asset","PackageCache",".asset"
"ef7207c080a54574b9bfc095d91595aa","Library/PackageCache/com.unity.addressables@1.21.20/Editor/Settings/AddressableAssetGroupSchema.cs","PackageCache",".cs"
"ef728e637accb8d46ad52f863653cf75","Library/PackageCache/com.unity.scriptablebuildpipeline@1.21.25/Editor/Interfaces/IBuildContext.cs","PackageCache",".cs"
"efad3ddb7270ac241b9b1357ec5ee2f2","Library/PackageCache/com.unity.ugui@1.0.0/Tests/Runtime/NestedLayout","PackageCache",""
"effb76e1937b45ff8adf45e51a4c08cf","Library/PackageCache/com.unity.textmeshpro@3.0.6/Scripts/Runtime/TMPro_MeshUtilities.cs","PackageCache",".cs"
"f00479c8fb773c24fb184934a6a04ecf","Assets/_YFanFramework/Docs/InputSystem_Usage.md","Asset",".md"
"f004933c56f4b2f4792fdcc1aca8f9b7","Library/PackageCache/com.unity.scriptablebuildpipeline@1.21.25/Editor/Shared/LinearPackedIdentifiers.cs","PackageCache",".cs"
"f00ef16951ff768409be0e47c8dcb461","Assets/Plugins/UniTask/Runtime/Internal","Asset",""
"f0364baebb057874782f9bd6e4dcfa78","Library/PackageCache/com.unity.addressables@1.21.20/Runtime/ResourceManager/ResourceProviders/AssetDatabaseProvider.cs","PackageCache",".cs"
"f049950d10ca1524ba1da787352941b5","Assets/_Game/Art/Models","Asset",""
"f0c774e7dbab37641808f75bcc438e4a","Library/PackageCache/com.unity.addressables@1.21.20/Tests/Editor/Unity.Addressables.Editor.Tests.asmdef","PackageCache",".asmdef"
"f0f13f2ab3d6d13cfc6e4656824bfca8","Library/PackageCache/com.unity.modules.ai@1.0.0/package.json","PackageCache",".json"
"f13538c0e661bcc4c979c0f336830337","Library/PackageCache/com.unity.scriptablebuildpipeline@1.21.25/Editor/AssemblyInfo.cs","PackageCache",".cs"
"f16fb466974ad034c8732c79c7fd67ea","Assets/Plugins/UniTask/Runtime/Internal/ValueStopwatch.cs","Asset",".cs"
"f17decddc7a01954d92fbbd1f59d418c","Assets/_Game/Scripts/Systems/ISpawnSystem.cs","Asset",".cs"
"f1a1c0162fa02cb42ae827251833e0bb","Library/PackageCache/com.unity.addressables@1.21.20/Tests/Editor/Build/BuildScriptFastTests.cs","PackageCache",".cs"
"f1bbb774c3f91862985cfd3116157f92","Library/PackageCache/com.unity.modules.umbra@1.0.0/.icon.png","PackageCache",".png"
"f1ea944dcf8849ebab391e461b99ccb7","Library/PackageCache/com.unity.textmeshpro@3.0.6/Scripts/Editor/TMP_SpriteAssetImporter.cs","PackageCache",".cs"
"f1f5c25dff9208e4089633b0e97b15fc","Assets/_Game/Art/Prefabs/Units/PF_U07.prefab","Asset",".prefab"
"f220a07081e12d245ab758dbe5a3bdd9","Assets/_Game/公司战争Mesh/U01 (1).mtl","Asset",".mtl"
"f2561113de807be42990485a00a410f8","Assets/_Game/公司战争Mesh/E06.mtl","Asset",".mtl"
"f25d9d41388e1c54391b666d6aeeb2cc","Assets/_Game/公司战争Mesh/U03.mtl","Asset",".mtl"
"f2650bb025cd17847a946ff2f5f08c9e","Assets/_Game/Scripts/UI/CompanyWarTMPFontProvider.cs","Asset",".cs"
"f26930fb33b669841b9cb185014ac881","Library/PackageCache/com.unity.addressables@1.21.20/Editor/BuildReportVisualizer/Utility/DetailsSummaryBuilder.cs","PackageCache",".cs"
"f286d5f022d46be41a6acc5bf4e7477b","Assets/_Game/Scripts/Logic/Core/Domain/SpendResourceCommand.cs","Asset",".cs"
"f2a640ae477de17469deed96101db8c5","Library/PackageCache/com.unity.scriptablebuildpipeline@1.21.25/Editor/Utilities/ValidationMethods.cs","PackageCache",".cs"
"f2b227c56ee439f46b08efa638b27a84","Library/PackageCache/com.unity.addressables@1.21.20/Runtime/ResourceManager/AsyncOperations/AsyncOperationStatus.cs","PackageCache",".cs"
"f2b38f4219e66494d8c3985ef686f32c","Assets/_YFanFramework/Scripts/Systems/ActorViewSystem/IActorViewSystem.cs","Asset",".cs"
"f2f62872d2484231aa95c2eb9feb8326","Library/PackageCache/com.unity.scriptablebuildpipeline@1.21.25/Editor/Interfaces/IDeterministicIdentifiers.cs","PackageCache",".cs"
"f3188340b3246b14896efea21f716711","Assets/_YFanFramework/Scripts/Utils/SaveUtil.cs","Asset",".cs"
"f31aafb59d99abb409adcfa9283ee1bb","Assets/_YFanFramework/Docs/PoolUtil_Usage.md","Asset",".md"
"f328e4c0ec1f9754c9c9dba0791e029f","Assets/AddressableAssetsData/link.xml","Asset",".xml"
"f32ce06cf1ea74fd8b02fa04dee9692f","Library/PackageCache/com.unity.addressables@1.21.20/Editor/Diagnostics/Profiler/UXML/stylesheet.uss","PackageCache",".uss"
"f32f5b570720cf840b7e705c2b805218","Assets/_Game/Art/Prefabs/Enemies/E12.obj","Asset",".obj"
"f340583ed16e937479e7893692f4ca9e","Library/PackageCache/com.unity.addressables@1.21.20/Editor/BuildReportVisualizer/UIToolKitAssets/StyleSheets/SummaryTab.uss","PackageCache",".uss"
"f38cc2221909b5f4ba626165ded9de88","Assets/Resources","Asset",""
"f39ee2ccb61c17549b2f6551af68ab88","Library/PackageCache/com.unity.scriptablebuildpipeline@1.21.25/Editor/Tasks/GenerateLinkXml.cs","PackageCache",".cs"
"f3b9de71a388cba4c81fbdaf789def84","Library/PackageCache/com.unity.addressables@1.21.20/Tests/Editor/BinaryStorageBufferTests.cs","PackageCache",".cs"
"f3f18a7841f7dca47bee246dcd538b31","Library/PackageCache/com.unity.addressables@1.21.20/Runtime/IKeyEvaluator.cs","PackageCache",".cs"
"f409833c61db2b9428d2f2bcf4dbb0a1","Library/PackageCache/com.unity.addressables@1.21.20/Runtime/ResourceLocators/ResourceLocationData.cs","PackageCache",".cs"
"f4688fdb7df04437aeb418b961361dc5","Library/PackageCache/com.unity.textmeshpro@3.0.6/Scripts/Runtime/TextMeshProUGUI.cs","PackageCache",".cs"
"f480bba0361852147914fb6ca5b79ec4","Assets/_Game/Resources/u32.fbx","Asset",".fbx"
"f4935fb862d54980b1bcbca942962642","Library/PackageCache/com.unity.textmeshpro@3.0.6/Scripts/Editor/TMPro_TexturePostProcessor.cs","PackageCache",".cs"
"f498126c527f05c4f9202c95abf8ba3d","Library/PackageCache/com.unity.addressables@1.21.20/Editor/GUI/AddressableAssetsSettingsLabelMaskPopup.cs","PackageCache",".cs"
"f4af5ab96cd890342912b92e54ac2c3e","Library/PackageCache/com.unity.scriptablebuildpipeline@1.21.25/Editor/Tasks/AppendBundleHash.cs","PackageCache",".cs"
"f4afdcb1cbadf954ba8b1cf465429e17","Assets/Plugins/UniTask/Runtime/Triggers/AsyncDestroyTrigger.cs","Asset",".cs"
"f4b6401fb49eca9489249bb525dff550","Assets/_Game/Tests/Cases/CW_UNIT_0103_BattleEngine.cs","Asset",".cs"
"f4d7d9f74fa394649b729102066b4b96","Library/PackageCache/com.unity.addressables@1.21.20/Tests/Editor/AddressableAssetSettingsLocatorTests.cs","PackageCache",".cs"
"f4dde09b848e9cf45a0fec2b7d532ce8","Assets/_Game/Scripts/Prototype3D/SimpleTest.cs","Asset",".cs"
"f4f4f6e0c24efe541b998227b5231c33","Assets/_Game/Scripts/UI/LevelSelectUIHierarchyBuilder.cs","Asset",".cs"
"f50c98dd2bb8406d86f304cb88fdc57a","Library/PackageCache/com.unity.addressables@1.21.20/Editor/Diagnostics/Profiler/HelpDisplayManager.cs","PackageCache",".cs"
"f51ebe6a0ceec4240a699833d6309b23","Assets/Plugins/UniTask/Runtime/UniTask.asmdef","Asset",".asmdef"
"f525580684527b147b70cf94aaa70dbc","Library/PackageCache/com.unity.ugui@1.0.0/Editor/EventSystem","PackageCache",""
"f54d1bd14bd3ca042bd867b519fee8cc","Assets/TextMesh Pro","Asset",""
"f5a22dad5548343f7b41b6f993d78696","Library/PackageCache/com.unity.scriptablebuildpipeline@1.21.25/Tests/ContentLoadScenesTest.cs","PackageCache",".cs"
"f5f0d768aeb0f4f469e032b82dfc4a4f","Assets/_Game/Art/Prefabs/Enemies/E10.obj","Asset",".obj"
"f5fa1c5d453431041ab1e49b72e569e2","Library/PackageCache/com.unity.addressables@1.21.20/Runtime/ResourceManager/AsyncOperations/GroupOperation.cs","PackageCache",".cs"
"f6179ca1ceddb724ea1c3b515e04adbe","Library/PackageCache/com.unity.addressables@1.21.20/Editor/BuildReportVisualizer/UIToolKitAssets/StyleSheets/MainToolbarButtonsLight.uss","PackageCache",".uss"
"f62135e79edb837b2d2ee3c524da864c","Library/PackageCache/com.unity.modules.video@1.0.0/package.ModuleCompilationTrigger","PackageCache",".modulecompilationtrigger"
"f62d07fe85d7067448ce65fac1e24dcc","Assets/_Game/Art/Materials/U01.mtl","Asset",".mtl"
"f643d6d1615d61542a9e2831c7904e01","Assets/_YFanFramework/Scripts/Utils/FileIOUtil.cs","Asset",".cs"
"f66315e0705fa82438547ab07bbe65e8","Library/PackageCache/com.unity.addressables@1.21.20/Samples~/CustomBuildAndPlaymodeScripts/Editor/CustomBuildScript.cs","PackageCache",".cs"
"f66c32454e50f2546b17deadc80a4c77","Assets/Plugins/UniTask/Runtime/Internal/ContinuationQueue.cs","Asset",".cs"
"f68b22bb8f66f5c4885f9bd3c4fc43ed","Assets/Plugins/UniTask/Runtime/TriggerEvent.cs","Asset",".cs"
"f695b5f9415c40b39ae877eaff41c96e","Library/PackageCache/com.unity.textmeshpro@3.0.6/Scripts/Runtime/TMP_FontAssetCommon.cs","PackageCache",".cs"
"f6d71bdd364b36340962d0eb7f11980c","Library/PackageCache/com.unity.addressables@1.21.20/Tests/Runtime/ResourceManager/ResourceManagerFastModeTests.cs","PackageCache",".cs"
"f6fc6153494d34438861807b8e2ded93","Library/PackageCache/com.unity.addressables@1.21.20/Editor/HostingServices/IHostingService.cs","PackageCache",".cs"
"f700f31b2e40d7f4bb69753fdbbbc2b5","Library/PackageCache/com.unity.ugui@1.0.0/Editor/UI/ScrollbarEditor.cs","PackageCache",".cs"
"f72ac6a7a32304f2baf84ce520e0a2b6","Library/PackageCache/com.unity.addressables@1.21.20/Runtime/ResourceManager/ResourceProviders/IInstanceProvider.cs","PackageCache",".cs"
"f72b7476a69b89147a08603d7391218a","Library/PackageCache/com.unity.scriptablebuildpipeline@1.21.25/Editor/Utilities/HashingMethods.cs","PackageCache",".cs"
"f732c6455ee1417c91ebd421b5ed6f67","Library/PackageCache/com.unity.addressables@1.21.20/Tests/Editor/Diagnostics/BuildLayoutTests.cs","PackageCache",".cs"
"f78aac5293e33304bb6f8de6f15975ef","Assets/_YFanFramework/Scripts/Systems/GuideSystem/GuideOverlayPanel.cs","Asset",".cs"
"f7a8357347c80dc69c08d0b1a05e2122","Library/PackageCache/com.unity.modules.physics2d@1.0.0/package.json","PackageCache",".json"
"f7ada0af4f174f0694ca6a487b8f543d","Assets/TextMesh Pro/Shaders/TMP_SDF-Surface.shader","Asset",".shader"
"f7aebf13e806bda4db01138506100f36","Library/PackageCache/com.unity.addressables@1.21.20/Tests/Editor/DocExampleCode/ScriptReference/UsingInitialize.cs","PackageCache",".cs"
"f7db1cf7b24f9784a8c53aaaa271654d","Library/PackageCache/com.unity.addressables@1.21.20/Runtime/Initialization/InitializationOperation.cs","PackageCache",".cs"
"f80fb1c9ed4c99447be1b0a47a8d980b","Assets/Plugins/UniTask/Runtime/Internal/DiagnosticsExtensions.cs","Asset",".cs"
"f8259503862a03c4689d4061a4d764f0","Assets/_Game/Scripts/UI/MainMenuUIController.cs","Asset",".cs"
"f83ebad81fb89fb4882331616ca6d248","Assets/Plugins/UniTask/Runtime/Internal/ArrayPool.cs","Asset",".cs"
"f867743975592a743a3581ff042bcc25","Library/PackageCache/com.unity.ugui@1.0.0/Editor/UI/MenuOptions.cs","PackageCache",".cs"
"f8683601388ff6b4bb7d1f1a52ee6108","Library/PackageCache/com.unity.addressables@1.21.20/Editor/Build/DirectoryUtility.cs","PackageCache",".cs"
"f8795174a0556b844a240dd03c8aec84","Assets/AddressableAssetsData/DataBuilders/BuildScriptPackedPlayMode.asset","Asset",".asset"
"f88726da597753f45b7ea82733006421","Library/PackageCache/com.unity.addressables@1.21.20/Editor/Settings/AddressableAssetPostProcessor.cs","PackageCache",".cs"
"f8b45d496263c4f4da1cdd5c22c51cc8","Library/PackageCache/com.unity.addressables@1.21.20/Tests/Editor/HostingServices/HostingServicesManagerTests.cs","PackageCache",".cs"
"f8d5e6393b232c1428ec550c27bc5f1d","Assets/_Game/Art/Prefabs/Enemies/E08.obj","Asset",".obj"
"f8e6a2d47aba4c6c9b3c5a72d9f48da5","Library/PackageCache/com.unity.textmeshpro@3.0.6/Editor Resources/Textures","PackageCache",""
"f8ed4321a98682942b9980996131cf26","Library/PackageCache/com.unity.ugui@1.0.0/Runtime/UI/Core/SpecializedCollections","PackageCache",""
"f8f85552081e62e47abaaba497a138d7","Library/PackageCache/com.unity.scriptablebuildpipeline@1.21.25/Editor/Tasks/GenerateBundleCommands.cs","PackageCache",".cs"
"f9011bf0e09993ae201d914abd4aa72d","Library/PackageCache/com.unity.modules.cloth@1.0.0/.icon.png","PackageCache",".png"
"f906219192ff4f53a31b5d843c63b967","Library/PackageCache/com.unity.addressables@1.21.20/Tests/Editor/OptionalPackages/Ccd/CcdBuildMenuTests.cs","PackageCache",".cs"
"f94d20840f3378647ba2c0da3686e517","Library/PackageCache/com.unity.addressables@1.21.20/Runtime/Initialization/CleanBundleCacheOperation.cs","PackageCache",".cs"
"f9508f7aaece47b45a0d499d7c67a777","Library/PackageCache/com.unity.addressables@1.21.20/Tests/Editor/AddressableAssetTestBase.cs","PackageCache",".cs"
"f952c082cb03451daed3ee968ac6c63e","Assets/TextMesh Pro/Resources/Style Sheets/Default Style Sheet.asset","Asset",".asset"
"f9645a9e766859a479aef880094e09a1","Assets/_Game/Scripts/UI/CompanyWarUIFactory.cs","Asset",".cs"
"f9db3cbcec3734a2498a530fa229403e","Library/PackageCache/com.unity.addressables@1.21.20/Editor/Build/Layout/BuildLayoutSummary.cs","PackageCache",".cs"
"f9fa130dc1a674f38a215c4f52e2b420","Library/PackageCache/com.unity.addressables@1.21.20/Runtime/ResourceManager/AsyncOperations/AsyncOperationBase.cs","PackageCache",".cs"
"f9fccabf8632d9240af8d5644a5ef46a","Assets/_YFanFramework/Scripts/Editor","Asset",""
"fa12bf74f16f5e84f93111cdd55bf70b","Library/PackageCache/com.unity.scriptablebuildpipeline@1.21.25/Tests/Editor/ContextObjectSerializationTests.cs","PackageCache",".cs"
"fa27413e9edb06a6058d6c894eca0338","Library/PackageCache/com.unity.modules.unitywebrequestwww@1.0.0/package.json","PackageCache",".json"
"fa2f8f493081575468ad671691b57759","Assets/StreamingAssets/CompanyWar/Configs/Units.json","Asset",".json"
"fa3c0df89bc985542866b8160b927f85","Assets/_Game/Art/Models/Units","Asset",""
"fa4c633b074b9764294948e525c07a1b","Library/PackageCache/com.unity.addressables@1.21.20/Tests/Editor/DocExampleCode/ScriptReference/UsingResourceLocators.cs","PackageCache",".cs"
"fa6bd40a216346b783a4cce741d277a5","Library/PackageCache/com.unity.textmeshpro@3.0.6/Editor Resources/Textures/btn_AlignJustified_Light.psd","PackageCache",".psd"
"fa9edcd7497f45242bddd18f8e0582d4","Library/PackageCache/com.unity.scriptablebuildpipeline@1.21.25/Editor/Tasks/GenerateSubAssetPathMaps.cs","PackageCache",".cs"
"faa4c2d5ab226634bb3fe6dd91e50a67","Library/PackageCache/com.unity.addressables@1.21.20/Tests/Editor/DocExampleCode/LoadScene.cs","PackageCache",".cs"
"fab33d89383fd1c4b8efda8342a40c0d","Assets/_Game/Art/Prefabs/Buildings/PF_E12.prefab","Asset",".prefab"
"fade42e8bc714b018fac513c043d323b","Assets/TextMesh Pro/Resources/LineBreaking Following Characters.txt","Asset",".txt"
"faf32c22a012a554c8e6e71e64844c23","Library/PackageCache/com.unity.addressables@1.21.20/Runtime/ResourceManager/AsyncOperations/DownloadStatus.cs","PackageCache",".cs"
"fb013a35c6ef17b40963a1ac3587320f","Assets/StreamingAssets/CompanyWar/Configs/Levels/L_ENDLESS.json","Asset",".json"
"fb0604fa3d16917498aeb02a486307d1","Assets/_Game/Art/Materials/Mat_U06.mat","Asset",".mat"
"fb114971bc4a3cc4fac19753bef0621f","Assets/_YFanFramework/Scripts","Asset",""
"fb27f3049fe06c246803a4a4c5b7fda3","Library/PackageCache/com.unity.ugui@1.0.0/Editor/UI/PropertyDrawers/NavigationDrawer.cs","PackageCache",".cs"
"fb4c2e00689dfb34985500f260df63cb","Library/PackageCache/com.unity.scriptablebuildpipeline@1.21.25/Editor/Interfaces/IBuildSpriteData.cs","PackageCache",".cs"
"fb4f45e766831894e9e0059b38bd6372","Assets/_YFanFramework/Docs/AudioSystem_Usage.md","Asset",".md"
"fb5730e24283d0c489e5c7d0bee023d9","Library/PackageCache/com.unity.textmeshpro@3.0.6/Editor Resources/Textures/SectionHeader_Dark.psd","PackageCache",".psd"
"fb660d86885d89a499a31c6ab6f26269","Library/PackageCache/com.unity.ugui@1.0.0/Tests/Editor/RectMask2D/RectTransformPosition.cs","PackageCache",".cs"
"fb7e7faa926f9db428cf76838c871ed5","Library/PackageCache/com.unity.addressables@1.21.20/Editor/GUI/GUIElements/StyleSheets/Ribbon.uss","PackageCache",".uss"
"fb955db4990464eecbe5c3eecdc8745f","Library/PackageCache/com.unity.modules.audio@1.0.0/.icon.png","PackageCache",".png"
"fba425b20a73248409c2e57dc74258c3","Assets/_YFanFramework/Scripts/Systems/GuideSystem/GuideSystem.cs","Asset",".cs"
"fc13c309185f5ef4cb30649341ab86fe","Library/PackageCache/com.unity.addressables@1.21.20/Tests/Runtime/DiagnosticEventCollectorIntegrationTests.cs","PackageCache",".cs"
"fc31799bd6dc1f74a8adfee1acd05a9b","Library/PackageCache/com.unity.ugui@1.0.0/Tests/Editor/WrapperWindowFixture.cs","PackageCache",".cs"
"fc34cd6ea308f3940a729e1a44cd0e82","Library/PackageCache/com.unity.ugui@1.0.0/Tests/Runtime/Slider/SliderTests.cs","PackageCache",".cs"
"fc4bb7bb6ae24004599c1775d44c50f9","Assets/_YFanFramework/Scripts/Core/Attributes","Asset",""
"fc4da6f868f4d9b4da270f957544b852","Assets/_Game/Configs/Units.json","Asset",".json"
"fc794266b6cadee45af8b7d164281fcd","Library/PackageCache/com.unity.addressables@1.21.20/Editor/BuildReportVisualizer/Utility/TreeBuilder.cs","PackageCache",".cs"
"fc8d686a4c18b8d49bb1db4150de0459","Library/PackageCache/com.unity.ugui@1.0.0/Tests/Runtime/Canvas/NestedCanvas.cs","PackageCache",".cs"
"fcae021c30eccf74790a4e816ba97c19","Library/PackageCache/com.unity.ugui@1.0.0/Runtime/UI/Core/Utility/ReflectionMethodsCache.cs","PackageCache",".cs"
"fcc60c1d6bb544d9b712b652f418ff3a","Library/PackageCache/com.unity.textmeshpro@3.0.6/Scripts/Editor/TMP_ColorGradientEditor.cs","PackageCache",".cs"
"fd53d86c6d81efc45bd1caf873084af4","Library/PackageCache/com.unity.addressables@1.21.20/Editor/BuildReportVisualizer/BuildReport Resources/Icons/d_icon dropdown@2x.png","PackageCache",".png"
"fdaf4f8f6845474a8b19554240f1e8ed","Library/PackageCache/com.unity.scriptablebuildpipeline@1.21.25/Editor/Utilities/ProgressLoggingTracker.cs","PackageCache",".cs"
"fdc2e2167d6373b498d4ff049e800a2b","Assets/_Game/Art/Materials/U07.mtl","Asset",".mtl"
"fdd470c95bb040bdb705dc362b132291","Library/PackageCache/com.unity.scriptablebuildpipeline@1.21.25/Editor/Shared/BuildContext.cs","PackageCache",".cs"
"fde27ed4473003b4ba91281c9228e9f8","Library/PackageCache/com.unity.addressables@1.21.20/Tests/Editor/DocExampleCode/LoadWithTask.cs","PackageCache",".cs"
"fe14bdc9a2fb6f14bb84aa29b2fe9cd9","Assets/_Game/Scripts/Queries/GetDeployableListQuery.cs","Asset",".cs"
"fe393ace9b354375a9cb14cdbbc28be4","Assets/TextMesh Pro/Shaders/TMP_SDF-Mobile.shader","Asset",".shader"
"fe5d67dc3f01349a8ae810148424c3b8","Library/PackageCache/com.unity.addressables@1.21.20/Editor/HostingServices/HttpHostingService.cs","PackageCache",".cs"
"fe634a3decf6743b4918c03e2ae2642c","Library/PackageCache/com.unity.addressables@1.21.20/Runtime/ResourceManager/Diagnostics/Profiling/ProfilerRuntime.cs","PackageCache",".cs"
"fe6a6957b37b61417b457a1e0541791d","Library/PackageCache/com.unity.modules.physics2d@1.0.0/package.ModuleCompilationTrigger","PackageCache",".modulecompilationtrigger"
"fe87c0e1cc204ed48ad3b37840f39efc","Library/PackageCache/com.unity.ugui@1.0.0/Runtime/UI/Core/Image.cs","PackageCache",".cs"
"fe99e7f063dd0b54bb9df70fa45465a4","Assets/_YFanFramework/Scripts/Core","Asset",""
"fea12beeeb5a7a448b5e60f50e40975d","Library/PackageCache/com.unity.ugui@1.0.0/Editor/UI/PropertyDrawers/FontDataDrawer.cs","PackageCache",".cs"
"fea49a0730244a98bf1087f7ca9410a8","Library/PackageCache/com.unity.textmeshpro@3.0.6/Scripts/Runtime/TMP_ShaderUtilities.cs","PackageCache",".cs"
"fea551d4671500943bbe4999a2800898","Assets/_Game/Art/Models/Units/货运单元1.fbx","Asset",".fbx"
"feaf7c3171943034785f9cfaa726f10d","Library/PackageCache/com.unity.scriptablebuildpipeline@1.21.25/Editor/Utilities/BuildLog.cs","PackageCache",".cs"
"feea7260005b954488b83aa4be0ba299","Assets/AddressableAssetsData/Windows/addressables_content_state.bin","Asset",".bin"
"ff4452986b0a82f448f7a5da2e8936ad","Assets/_Game/Resources/11111/4.glb","Asset",".glb"
"ff50260d74bd54c4b92cf99895549445","Assets/Plugins/UniTask/Runtime/EnumerableAsyncExtensions.cs","Asset",".cs"
"ff5ae233625844a6ab198d26b007dd7c","Library/PackageCache/com.unity.addressables@1.21.20/Editor/Diagnostics/Profiler","PackageCache",""
