"AssetPath","ArtifactType","GameObject","ScriptGuid","OldType","ScriptPath","SerializedFields","TargetComponent","PreservationRule","Resolution"
"Assets/_Game/Scripts/UI/BattlePanel.prefab","Prefab","BattlePanel","642b2c2954fd5574fa229fca7cac5ac4","BattlePanel","Assets/_Game/Scripts/UI/BattlePanel.cs","resourceText;scoreText;Victory;Fail;MenuButton;MenuPanelPrefab","Compatibility panel -> UIKit panel/presenter","Preserve original .cs.meta when possible; use MovedFrom/FormerlySerializedAs or an exact-field compatibility shim; Missing Script prohibited","Resolved"
"Assets/_Game/Scripts/UI/BattlePanel.prefab","Prefab","BattlePanel","fe87c0e1cc204ed48ad3b37840f39efc","Image","Library/PackageCache/com.unity.ugui@1.0.0/Runtime/UI/Core/Image.cs","m_Material;m_Color;m_RaycastTarget;m_RaycastPadding;m_Maskable;m_OnCullStateChanged;m_Sprite;m_Type;m_PreserveAspect;m_FillCenter;m_FillMethod;m_FillAmount;m_FillClockwise;m_FillOrigin;m_UseSpriteMesh;m_PixelsPerUnitMultiplier","Preserve GUID/type until explicit component mapping is approved","Preserve original .cs.meta when possible; use MovedFrom/FormerlySerializedAs or an exact-field compatibility shim; Missing Script prohibited","Resolved"
"Assets/_Game/Scripts/UI/BattlePanel.prefab","Prefab","Menu1","4e29b1a8efbd4b44bb3f3716e73f07ff","Button","Library/PackageCache/com.unity.ugui@1.0.0/Runtime/UI/Core/Button.cs","m_Navigation;m_Transition;m_Colors;m_SpriteState;m_AnimationTriggers;m_Interactable;m_TargetGraphic;m_OnClick","Preserve GUID/type until explicit component mapping is approved","Preserve original .cs.meta when possible; use MovedFrom/FormerlySerializedAs or an exact-field compatibility shim; Missing Script prohibited","Resolved"
"Assets/_Game/Scripts/UI/BattlePanel.prefab","Prefab","Menu1","fe87c0e1cc204ed48ad3b37840f39efc","Image","Library/PackageCache/com.unity.ugui@1.0.0/Runtime/UI/Core/Image.cs","m_Material;m_Color;m_RaycastTarget;m_RaycastPadding;m_Maskable;m_OnCullStateChanged;m_Sprite;m_Type;m_PreserveAspect;m_FillCenter;m_FillMethod;m_FillAmount;m_FillClockwise;m_FillOrigin;m_UseSpriteMesh;m_PixelsPerUnitMultiplier","Preserve GUID/type until explicit component mapping is approved","Preserve original .cs.meta when possible; use MovedFrom/FormerlySerializedAs or an exact-field compatibility shim; Missing Script prohibited","Resolved"
"Assets/_Game/Scripts/UI/BattlePanel.prefab","Prefab","ResourceText","f4688fdb7df04437aeb418b961361dc5","TextMeshProUGUI","Library/PackageCache/com.unity.textmeshpro@3.0.6/Scripts/Runtime/TextMeshProUGUI.cs","m_Material;m_Color;m_RaycastTarget;m_RaycastPadding;m_Maskable;m_OnCullStateChanged;m_text;m_isRightToLeft;m_fontAsset;m_sharedMaterial;m_fontSharedMaterials;m_fontMaterial;m_fontMaterials;m_fontColor32;m_fontColor;m_enableVertexGradient;m_colorMode;m_fontColorGradient;m_fontColorGradientPreset;m_spriteAsset;m_tintAllSprites;m_StyleSheet;m_TextStyleHashCode;m_overrideHtmlColors;m_faceColor;m_fontSize;m_fontSizeBase;m_fontWeight;m_enableAutoSizing;m_fontSizeMin;m_fontSizeMax;m_fontStyle;m_HorizontalAlignment;m_VerticalAlignment;m_textAlignment;m_characterSpacing;m_wordSpacing;m_lineSpacing;m_lineSpacingMax;m_paragraphSpacing;m_charWidthMaxAdj;m_enableWordWrapping;m_wordWrappingRatios;m_overflowMode;m_linkedTextComponent;parentLinkedComponent;m_enableKerning;m_enableExtraPadding;checkPaddingRequired;m_isRichText;m_parseCtrlCharacters;m_isOrthographic;m_isCullingEnabled;m_horizontalMapping;m_verticalMapping;m_uvLineOffset;m_geometrySortingOrder;m_IsTextObjectScaleStatic;m_VertexBufferAutoSizeReduction;m_useMaxVisibleDescender;m_pageToDisplay;m_margin;m_isUsingLegacyAnimationComponent;m_isVolumetricText;m_hasFontAssetChanged;m_baseMaterial;m_maskOffset","Preserve GUID/type until explicit component mapping is approved","Preserve original .cs.meta when possible; use MovedFrom/FormerlySerializedAs or an exact-field compatibility shim; Missing Script prohibited","Resolved"
"Assets/_Game/Scripts/UI/BattlePanel.prefab","Prefab","ScoreText","f4688fdb7df04437aeb418b961361dc5","TextMeshProUGUI","Library/PackageCache/com.unity.textmeshpro@3.0.6/Scripts/Runtime/TextMeshProUGUI.cs","m_Material;m_Color;m_RaycastTarget;m_RaycastPadding;m_Maskable;m_OnCullStateChanged;m_text;m_isRightToLeft;m_fontAsset;m_sharedMaterial;m_fontSharedMaterials;m_fontMaterial;m_fontMaterials;m_fontColor32;m_fontColor;m_enableVertexGradient;m_colorMode;m_fontColorGradient;m_fontColorGradientPreset;m_spriteAsset;m_tintAllSprites;m_StyleSheet;m_TextStyleHashCode;m_overrideHtmlColors;m_faceColor;m_fontSize;m_fontSizeBase;m_fontWeight;m_enableAutoSizing;m_fontSizeMin;m_fontSizeMax;m_fontStyle;m_HorizontalAlignment;m_VerticalAlignment;m_textAlignment;m_characterSpacing;m_wordSpacing;m_lineSpacing;m_lineSpacingMax;m_paragraphSpacing;m_charWidthMaxAdj;m_enableWordWrapping;m_wordWrappingRatios;m_overflowMode;m_linkedTextComponent;parentLinkedComponent;m_enableKerning;m_enableExtraPadding;checkPaddingRequired;m_isRichText;m_parseCtrlCharacters;m_isOrthographic;m_isCullingEnabled;m_horizontalMapping;m_verticalMapping;m_uvLineOffset;m_geometrySortingOrder;m_IsTextObjectScaleStatic;m_VertexBufferAutoSizeReduction;m_useMaxVisibleDescender;m_pageToDisplay;m_margin;m_isUsingLegacyAnimationComponent;m_isVolumetricText;m_hasFontAssetChanged;m_baseMaterial;m_maskOffset","Preserve GUID/type until explicit component mapping is approved","Preserve original .cs.meta when possible; use MovedFrom/FormerlySerializedAs or an exact-field compatibility shim; Missing Script prohibited","Resolved"
"Assets/_Game/Scripts/UI/BattlePanel.prefab","Prefab","Text (TMP)","f4688fdb7df04437aeb418b961361dc5","TextMeshProUGUI","Library/PackageCache/com.unity.textmeshpro@3.0.6/Scripts/Runtime/TextMeshProUGUI.cs","m_Material;m_Color;m_RaycastTarget;m_RaycastPadding;m_Maskable;m_OnCullStateChanged;m_text;m_isRightToLeft;m_fontAsset;m_sharedMaterial;m_fontSharedMaterials;m_fontMaterial;m_fontMaterials;m_fontColor32;m_fontColor;m_enableVertexGradient;m_colorMode;m_fontColorGradient;m_fontColorGradientPreset;m_spriteAsset;m_tintAllSprites;m_StyleSheet;m_TextStyleHashCode;m_overrideHtmlColors;m_faceColor;m_fontSize;m_fontSizeBase;m_fontWeight;m_enableAutoSizing;m_fontSizeMin;m_fontSizeMax;m_fontStyle;m_HorizontalAlignment;m_VerticalAlignment;m_textAlignment;m_characterSpacing;m_wordSpacing;m_lineSpacing;m_lineSpacingMax;m_paragraphSpacing;m_charWidthMaxAdj;m_enableWordWrapping;m_wordWrappingRatios;m_overflowMode;m_linkedTextComponent;parentLinkedComponent;m_enableKerning;m_enableExtraPadding;checkPaddingRequired;m_isRichText;m_parseCtrlCharacters;m_isOrthographic;m_isCullingEnabled;m_horizontalMapping;m_verticalMapping;m_uvLineOffset;m_geometrySortingOrder;m_IsTextObjectScaleStatic;m_VertexBufferAutoSizeReduction;m_useMaxVisibleDescender;m_pageToDisplay;m_margin;m_isUsingLegacyAnimationComponent;m_isVolumetricText;m_hasFontAssetChanged;m_baseMaterial;m_maskOffset","Preserve GUID/type until explicit component mapping is approved","Preserve original .cs.meta when possible; use MovedFrom/FormerlySerializedAs or an exact-field compatibility shim; Missing Script prohibited","Resolved"
"Assets/_Game/Scripts/UI/LevelSelectPanel.prefab","Prefab","Level1Button","4e29b1a8efbd4b44bb3f3716e73f07ff","Button","Library/PackageCache/com.unity.ugui@1.0.0/Runtime/UI/Core/Button.cs","m_Navigation;m_Transition;m_Colors;m_SpriteState;m_AnimationTriggers;m_Interactable;m_TargetGraphic;m_OnClick","Preserve GUID/type until explicit component mapping is approved","Preserve original .cs.meta when possible; use MovedFrom/FormerlySerializedAs or an exact-field compatibility shim; Missing Script prohibited","Resolved"
"Assets/_Game/Scripts/UI/LevelSelectPanel.prefab","Prefab","Level1Button","fe87c0e1cc204ed48ad3b37840f39efc","Image","Library/PackageCache/com.unity.ugui@1.0.0/Runtime/UI/Core/Image.cs","m_Material;m_Color;m_RaycastTarget;m_RaycastPadding;m_Maskable;m_OnCullStateChanged;m_Sprite;m_Type;m_PreserveAspect;m_FillCenter;m_FillMethod;m_FillAmount;m_FillClockwise;m_FillOrigin;m_UseSpriteMesh;m_PixelsPerUnitMultiplier","Preserve GUID/type until explicit component mapping is approved","Preserve original .cs.meta when possible; use MovedFrom/FormerlySerializedAs or an exact-field compatibility shim; Missing Script prohibited","Resolved"
"Assets/_Game/Scripts/UI/LevelSelectPanel.prefab","Prefab","Level1Button (1)","4e29b1a8efbd4b44bb3f3716e73f07ff","Button","Library/PackageCache/com.unity.ugui@1.0.0/Runtime/UI/Core/Button.cs","m_Navigation;m_Transition;m_Colors;m_SpriteState;m_AnimationTriggers;m_Interactable;m_TargetGraphic;m_OnClick","Preserve GUID/type until explicit component mapping is approved","Preserve original .cs.meta when possible; use MovedFrom/FormerlySerializedAs or an exact-field compatibility shim; Missing Script prohibited","Resolved"
"Assets/_Game/Scripts/UI/LevelSelectPanel.prefab","Prefab","Level1Button (1)","fe87c0e1cc204ed48ad3b37840f39efc","Image","Library/PackageCache/com.unity.ugui@1.0.0/Runtime/UI/Core/Image.cs","m_Material;m_Color;m_RaycastTarget;m_RaycastPadding;m_Maskable;m_OnCullStateChanged;m_Sprite;m_Type;m_PreserveAspect;m_FillCenter;m_FillMethod;m_FillAmount;m_FillClockwise;m_FillOrigin;m_UseSpriteMesh;m_PixelsPerUnitMultiplier","Preserve GUID/type until explicit component mapping is approved","Preserve original .cs.meta when possible; use MovedFrom/FormerlySerializedAs or an exact-field compatibility shim; Missing Script prohibited","Resolved"
"Assets/_Game/Scripts/UI/LevelSelectPanel.prefab","Prefab","Level1Button (2)","4e29b1a8efbd4b44bb3f3716e73f07ff","Button","Library/PackageCache/com.unity.ugui@1.0.0/Runtime/UI/Core/Button.cs","m_Navigation;m_Transition;m_Colors;m_SpriteState;m_AnimationTriggers;m_Interactable;m_TargetGraphic;m_OnClick","Preserve GUID/type until explicit component mapping is approved","Preserve original .cs.meta when possible; use MovedFrom/FormerlySerializedAs or an exact-field compatibility shim; Missing Script prohibited","Resolved"
"Assets/_Game/Scripts/UI/LevelSelectPanel.prefab","Prefab","Level1Button (2)","fe87c0e1cc204ed48ad3b37840f39efc","Image","Library/PackageCache/com.unity.ugui@1.0.0/Runtime/UI/Core/Image.cs","m_Material;m_Color;m_RaycastTarget;m_RaycastPadding;m_Maskable;m_OnCullStateChanged;m_Sprite;m_Type;m_PreserveAspect;m_FillCenter;m_FillMethod;m_FillAmount;m_FillClockwise;m_FillOrigin;m_UseSpriteMesh;m_PixelsPerUnitMultiplier","Preserve GUID/type until explicit component mapping is approved","Preserve original .cs.meta when possible; use MovedFrom/FormerlySerializedAs or an exact-field compatibility shim; Missing Script prohibited","Resolved"
"Assets/_Game/Scripts/UI/LevelSelectPanel.prefab","Prefab","Level1Button (3)","4e29b1a8efbd4b44bb3f3716e73f07ff","Button","Library/PackageCache/com.unity.ugui@1.0.0/Runtime/UI/Core/Button.cs","m_Navigation;m_Transition;m_Colors;m_SpriteState;m_AnimationTriggers;m_Interactable;m_TargetGraphic;m_OnClick","Preserve GUID/type until explicit component mapping is approved","Preserve original .cs.meta when possible; use MovedFrom/FormerlySerializedAs or an exact-field compatibility shim; Missing Script prohibited","Resolved"
"Assets/_Game/Scripts/UI/LevelSelectPanel.prefab","Prefab","Level1Button (3)","fe87c0e1cc204ed48ad3b37840f39efc","Image","Library/PackageCache/com.unity.ugui@1.0.0/Runtime/UI/Core/Image.cs","m_Material;m_Color;m_RaycastTarget;m_RaycastPadding;m_Maskable;m_OnCullStateChanged;m_Sprite;m_Type;m_PreserveAspect;m_FillCenter;m_FillMethod;m_FillAmount;m_FillClockwise;m_FillOrigin;m_UseSpriteMesh;m_PixelsPerUnitMultiplier","Preserve GUID/type until explicit component mapping is approved","Preserve original .cs.meta when possible; use MovedFrom/FormerlySerializedAs or an exact-field compatibility shim; Missing Script prohibited","Resolved"
"Assets/_Game/Scripts/UI/LevelSelectPanel.prefab","Prefab","Level1Button (4)","4e29b1a8efbd4b44bb3f3716e73f07ff","Button","Library/PackageCache/com.unity.ugui@1.0.0/Runtime/UI/Core/Button.cs","m_Navigation;m_Transition;m_Colors;m_SpriteState;m_AnimationTriggers;m_Interactable;m_TargetGraphic;m_OnClick","Preserve GUID/type until explicit component mapping is approved","Preserve original .cs.meta when possible; use MovedFrom/FormerlySerializedAs or an exact-field compatibility shim; Missing Script prohibited","Resolved"
"Assets/_Game/Scripts/UI/LevelSelectPanel.prefab","Prefab","Level1Button (4)","fe87c0e1cc204ed48ad3b37840f39efc","Image","Library/PackageCache/com.unity.ugui@1.0.0/Runtime/UI/Core/Image.cs","m_Material;m_Color;m_RaycastTarget;m_RaycastPadding;m_Maskable;m_OnCullStateChanged;m_Sprite;m_Type;m_PreserveAspect;m_FillCenter;m_FillMethod;m_FillAmount;m_FillClockwise;m_FillOrigin;m_UseSpriteMesh;m_PixelsPerUnitMultiplier","Preserve GUID/type until explicit component mapping is approved","Preserve original .cs.meta when possible; use MovedFrom/FormerlySerializedAs or an exact-field compatibility shim; Missing Script prohibited","Resolved"
"Assets/_Game/Scripts/UI/LevelSelectPanel.prefab","Prefab","Level1Button (5)","4e29b1a8efbd4b44bb3f3716e73f07ff","Button","Library/PackageCache/com.unity.ugui@1.0.0/Runtime/UI/Core/Button.cs","m_Navigation;m_Transition;m_Colors;m_SpriteState;m_AnimationTriggers;m_Interactable;m_TargetGraphic;m_OnClick","Preserve GUID/type until explicit component mapping is approved","Preserve original .cs.meta when possible; use MovedFrom/FormerlySerializedAs or an exact-field compatibility shim; Missing Script prohibited","Resolved"
"Assets/_Game/Scripts/UI/LevelSelectPanel.prefab","Prefab","Level1Button (5)","fe87c0e1cc204ed48ad3b37840f39efc","Image","Library/PackageCache/com.unity.ugui@1.0.0/Runtime/UI/Core/Image.cs","m_Material;m_Color;m_RaycastTarget;m_RaycastPadding;m_Maskable;m_OnCullStateChanged;m_Sprite;m_Type;m_PreserveAspect;m_FillCenter;m_FillMethod;m_FillAmount;m_FillClockwise;m_FillOrigin;m_UseSpriteMesh;m_PixelsPerUnitMultiplier","Preserve GUID/type until explicit component mapping is approved","Preserve original .cs.meta when possible; use MovedFrom/FormerlySerializedAs or an exact-field compatibility shim; Missing Script prohibited","Resolved"
"Assets/_Game/Scripts/UI/LevelSelectPanel.prefab","Prefab","LevelSelectPanel","fe87c0e1cc204ed48ad3b37840f39efc","Image","Library/PackageCache/com.unity.ugui@1.0.0/Runtime/UI/Core/Image.cs","m_Material;m_Color;m_RaycastTarget;m_RaycastPadding;m_Maskable;m_OnCullStateChanged;m_Sprite;m_Type;m_PreserveAspect;m_FillCenter;m_FillMethod;m_FillAmount;m_FillClockwise;m_FillOrigin;m_UseSpriteMesh;m_PixelsPerUnitMultiplier","Preserve GUID/type until explicit component mapping is approved","Preserve original .cs.meta when possible; use MovedFrom/FormerlySerializedAs or an exact-field compatibility shim; Missing Script prohibited","Resolved"
"Assets/_Game/Scripts/UI/LevelSelectPanel.prefab","Prefab","LevelSelectPanel","81c4b70ccd8a8b94bbc0f6eff40736f7","LevelSelectPanel","Assets/_Game/Scripts/UI/LevelSelectPanel.cs","LevelButtons;BackButton;LevelIds","Compatibility panel -> UIKit panel/presenter","Preserve original .cs.meta when possible; use MovedFrom/FormerlySerializedAs or an exact-field compatibility shim; Missing Script prohibited","Resolved"
"Assets/_Game/Scripts/UI/LevelSelectPanel.prefab","Prefab","Text (TMP)","f4688fdb7df04437aeb418b961361dc5","TextMeshProUGUI","Library/PackageCache/com.unity.textmeshpro@3.0.6/Scripts/Runtime/TextMeshProUGUI.cs","m_Material;m_Color;m_RaycastTarget;m_RaycastPadding;m_Maskable;m_OnCullStateChanged;m_text;m_isRightToLeft;m_fontAsset;m_sharedMaterial;m_fontSharedMaterials;m_fontMaterial;m_fontMaterials;m_fontColor32;m_fontColor;m_enableVertexGradient;m_colorMode;m_fontColorGradient;m_fontColorGradientPreset;m_spriteAsset;m_tintAllSprites;m_StyleSheet;m_TextStyleHashCode;m_overrideHtmlColors;m_faceColor;m_fontSize;m_fontSizeBase;m_fontWeight;m_enableAutoSizing;m_fontSizeMin;m_fontSizeMax;m_fontStyle;m_HorizontalAlignment;m_VerticalAlignment;m_textAlignment;m_characterSpacing;m_wordSpacing;m_lineSpacing;m_lineSpacingMax;m_paragraphSpacing;m_charWidthMaxAdj;m_enableWordWrapping;m_wordWrappingRatios;m_overflowMode;m_linkedTextComponent;parentLinkedComponent;m_enableKerning;m_enableExtraPadding;checkPaddingRequired;m_isRichText;m_parseCtrlCharacters;m_isOrthographic;m_isCullingEnabled;m_horizontalMapping;m_verticalMapping;m_uvLineOffset;m_geometrySortingOrder;m_IsTextObjectScaleStatic;m_VertexBufferAutoSizeReduction;m_useMaxVisibleDescender;m_pageToDisplay;m_margin;m_isUsingLegacyAnimationComponent;m_isVolumetricText;m_hasFontAssetChanged;m_baseMaterial;m_maskOffset","Preserve GUID/type until explicit component mapping is approved","Preserve original .cs.meta when possible; use MovedFrom/FormerlySerializedAs or an exact-field compatibility shim; Missing Script prohibited","Resolved"
"Assets/_Game/Scripts/UI/LevelSelectPanel.prefab","Prefab","Text (TMP)","f4688fdb7df04437aeb418b961361dc5","TextMeshProUGUI","Library/PackageCache/com.unity.textmeshpro@3.0.6/Scripts/Runtime/TextMeshProUGUI.cs","m_Material;m_Color;m_RaycastTarget;m_RaycastPadding;m_Maskable;m_OnCullStateChanged;m_text;m_isRightToLeft;m_fontAsset;m_sharedMaterial;m_fontSharedMaterials;m_fontMaterial;m_fontMaterials;m_fontColor32;m_fontColor;m_enableVertexGradient;m_colorMode;m_fontColorGradient;m_fontColorGradientPreset;m_spriteAsset;m_tintAllSprites;m_StyleSheet;m_TextStyleHashCode;m_overrideHtmlColors;m_faceColor;m_fontSize;m_fontSizeBase;m_fontWeight;m_enableAutoSizing;m_fontSizeMin;m_fontSizeMax;m_fontStyle;m_HorizontalAlignment;m_VerticalAlignment;m_textAlignment;m_characterSpacing;m_wordSpacing;m_lineSpacing;m_lineSpacingMax;m_paragraphSpacing;m_charWidthMaxAdj;m_enableWordWrapping;m_wordWrappingRatios;m_overflowMode;m_linkedTextComponent;parentLinkedComponent;m_enableKerning;m_enableExtraPadding;checkPaddingRequired;m_isRichText;m_parseCtrlCharacters;m_isOrthographic;m_isCullingEnabled;m_horizontalMapping;m_verticalMapping;m_uvLineOffset;m_geometrySortingOrder;m_IsTextObjectScaleStatic;m_VertexBufferAutoSizeReduction;m_useMaxVisibleDescender;m_pageToDisplay;m_margin;m_isUsingLegacyAnimationComponent;m_isVolumetricText;m_hasFontAssetChanged;m_baseMaterial;m_maskOffset","Preserve GUID/type until explicit component mapping is approved","Preserve original .cs.meta when possible; use MovedFrom/FormerlySerializedAs or an exact-field compatibility shim; Missing Script prohibited","Resolved"
"Assets/_Game/Scripts/UI/LevelSelectPanel.prefab","Prefab","Text (TMP)","f4688fdb7df04437aeb418b961361dc5","TextMeshProUGUI","Library/PackageCache/com.unity.textmeshpro@3.0.6/Scripts/Runtime/TextMeshProUGUI.cs","m_Material;m_Color;m_RaycastTarget;m_RaycastPadding;m_Maskable;m_OnCullStateChanged;m_text;m_isRightToLeft;m_fontAsset;m_sharedMaterial;m_fontSharedMaterials;m_fontMaterial;m_fontMaterials;m_fontColor32;m_fontColor;m_enableVertexGradient;m_colorMode;m_fontColorGradient;m_fontColorGradientPreset;m_spriteAsset;m_tintAllSprites;m_StyleSheet;m_TextStyleHashCode;m_overrideHtmlColors;m_faceColor;m_fontSize;m_fontSizeBase;m_fontWeight;m_enableAutoSizing;m_fontSizeMin;m_fontSizeMax;m_fontStyle;m_HorizontalAlignment;m_VerticalAlignment;m_textAlignment;m_characterSpacing;m_wordSpacing;m_lineSpacing;m_lineSpacingMax;m_paragraphSpacing;m_charWidthMaxAdj;m_enableWordWrapping;m_wordWrappingRatios;m_overflowMode;m_linkedTextComponent;parentLinkedComponent;m_enableKerning;m_enableExtraPadding;checkPaddingRequired;m_isRichText;m_parseCtrlCharacters;m_isOrthographic;m_isCullingEnabled;m_horizontalMapping;m_verticalMapping;m_uvLineOffset;m_geometrySortingOrder;m_IsTextObjectScaleStatic;m_VertexBufferAutoSizeReduction;m_useMaxVisibleDescender;m_pageToDisplay;m_margin;m_isUsingLegacyAnimationComponent;m_isVolumetricText;m_hasFontAssetChanged;m_baseMaterial;m_maskOffset","Preserve GUID/type until explicit component mapping is approved","Preserve original .cs.meta when possible; use MovedFrom/FormerlySerializedAs or an exact-field compatibility shim; Missing Script prohibited","Resolved"
"Assets/_Game/Scripts/UI/LevelSelectPanel.prefab","Prefab","Text (TMP)","f4688fdb7df04437aeb418b961361dc5","TextMeshProUGUI","Library/PackageCache/com.unity.textmeshpro@3.0.6/Scripts/Runtime/TextMeshProUGUI.cs","m_Material;m_Color;m_RaycastTarget;m_RaycastPadding;m_Maskable;m_OnCullStateChanged;m_text;m_isRightToLeft;m_fontAsset;m_sharedMaterial;m_fontSharedMaterials;m_fontMaterial;m_fontMaterials;m_fontColor32;m_fontColor;m_enableVertexGradient;m_colorMode;m_fontColorGradient;m_fontColorGradientPreset;m_spriteAsset;m_tintAllSprites;m_StyleSheet;m_TextStyleHashCode;m_overrideHtmlColors;m_faceColor;m_fontSize;m_fontSizeBase;m_fontWeight;m_enableAutoSizing;m_fontSizeMin;m_fontSizeMax;m_fontStyle;m_HorizontalAlignment;m_VerticalAlignment;m_textAlignment;m_characterSpacing;m_wordSpacing;m_lineSpacing;m_lineSpacingMax;m_paragraphSpacing;m_charWidthMaxAdj;m_enableWordWrapping;m_wordWrappingRatios;m_overflowMode;m_linkedTextComponent;parentLinkedComponent;m_enableKerning;m_enableExtraPadding;checkPaddingRequired;m_isRichText;m_parseCtrlCharacters;m_isOrthographic;m_isCullingEnabled;m_horizontalMapping;m_verticalMapping;m_uvLineOffset;m_geometrySortingOrder;m_IsTextObjectScaleStatic;m_VertexBufferAutoSizeReduction;m_useMaxVisibleDescender;m_pageToDisplay;m_margin;m_isUsingLegacyAnimationComponent;m_isVolumetricText;m_hasFontAssetChanged;m_baseMaterial;m_maskOffset","Preserve GUID/type until explicit component mapping is approved","Preserve original .cs.meta when possible; use MovedFrom/FormerlySerializedAs or an exact-field compatibility shim; Missing Script prohibited","Resolved"
"Assets/_Game/Scripts/UI/LevelSelectPanel.prefab","Prefab","Text (TMP)","f4688fdb7df04437aeb418b961361dc5","TextMeshProUGUI","Library/PackageCache/com.unity.textmeshpro@3.0.6/Scripts/Runtime/TextMeshProUGUI.cs","m_Material;m_Color;m_RaycastTarget;m_RaycastPadding;m_Maskable;m_OnCullStateChanged;m_text;m_isRightToLeft;m_fontAsset;m_sharedMaterial;m_fontSharedMaterials;m_fontMaterial;m_fontMaterials;m_fontColor32;m_fontColor;m_enableVertexGradient;m_colorMode;m_fontColorGradient;m_fontColorGradientPreset;m_spriteAsset;m_tintAllSprites;m_StyleSheet;m_TextStyleHashCode;m_overrideHtmlColors;m_faceColor;m_fontSize;m_fontSizeBase;m_fontWeight;m_enableAutoSizing;m_fontSizeMin;m_fontSizeMax;m_fontStyle;m_HorizontalAlignment;m_VerticalAlignment;m_textAlignment;m_characterSpacing;m_wordSpacing;m_lineSpacing;m_lineSpacingMax;m_paragraphSpacing;m_charWidthMaxAdj;m_enableWordWrapping;m_wordWrappingRatios;m_overflowMode;m_linkedTextComponent;parentLinkedComponent;m_enableKerning;m_enableExtraPadding;checkPaddingRequired;m_isRichText;m_parseCtrlCharacters;m_isOrthographic;m_isCullingEnabled;m_horizontalMapping;m_verticalMapping;m_uvLineOffset;m_geometrySortingOrder;m_IsTextObjectScaleStatic;m_VertexBufferAutoSizeReduction;m_useMaxVisibleDescender;m_pageToDisplay;m_margin;m_isUsingLegacyAnimationComponent;m_isVolumetricText;m_hasFontAssetChanged;m_baseMaterial;m_maskOffset","Preserve GUID/type until explicit component mapping is approved","Preserve original .cs.meta when possible; use MovedFrom/FormerlySerializedAs or an exact-field compatibility shim; Missing Script prohibited","Resolved"
"Assets/_Game/Scripts/UI/LevelSelectPanel.prefab","Prefab","Text (TMP)","f4688fdb7df04437aeb418b961361dc5","TextMeshProUGUI","Library/PackageCache/com.unity.textmeshpro@3.0.6/Scripts/Runtime/TextMeshProUGUI.cs","m_Material;m_Color;m_RaycastTarget;m_RaycastPadding;m_Maskable;m_OnCullStateChanged;m_text;m_isRightToLeft;m_fontAsset;m_sharedMaterial;m_fontSharedMaterials;m_fontMaterial;m_fontMaterials;m_fontColor32;m_fontColor;m_enableVertexGradient;m_colorMode;m_fontColorGradient;m_fontColorGradientPreset;m_spriteAsset;m_tintAllSprites;m_StyleSheet;m_TextStyleHashCode;m_overrideHtmlColors;m_faceColor;m_fontSize;m_fontSizeBase;m_fontWeight;m_enableAutoSizing;m_fontSizeMin;m_fontSizeMax;m_fontStyle;m_HorizontalAlignment;m_VerticalAlignment;m_textAlignment;m_characterSpacing;m_wordSpacing;m_lineSpacing;m_lineSpacingMax;m_paragraphSpacing;m_charWidthMaxAdj;m_enableWordWrapping;m_wordWrappingRatios;m_overflowMode;m_linkedTextComponent;parentLinkedComponent;m_enableKerning;m_enableExtraPadding;checkPaddingRequired;m_isRichText;m_parseCtrlCharacters;m_isOrthographic;m_isCullingEnabled;m_horizontalMapping;m_verticalMapping;m_uvLineOffset;m_geometrySortingOrder;m_IsTextObjectScaleStatic;m_VertexBufferAutoSizeReduction;m_useMaxVisibleDescender;m_pageToDisplay;m_margin;m_isUsingLegacyAnimationComponent;m_isVolumetricText;m_hasFontAssetChanged;m_baseMaterial;m_maskOffset","Preserve GUID/type until explicit component mapping is approved","Preserve original .cs.meta when possible; use MovedFrom/FormerlySerializedAs or an exact-field compatibility shim; Missing Script prohibited","Resolved"
"Assets/_Game/Scripts/UI/Menu.prefab","Prefab","Close","4e29b1a8efbd4b44bb3f3716e73f07ff","Button","Library/PackageCache/com.unity.ugui@1.0.0/Runtime/UI/Core/Button.cs","m_Navigation;m_Transition;m_Colors;m_SpriteState;m_AnimationTriggers;m_Interactable;m_TargetGraphic;m_OnClick","Preserve GUID/type until explicit component mapping is approved","Preserve original .cs.meta when possible; use MovedFrom/FormerlySerializedAs or an exact-field compatibility shim; Missing Script prohibited","Resolved"
"Assets/_Game/Scripts/UI/Menu.prefab","Prefab","Close","fe87c0e1cc204ed48ad3b37840f39efc","Image","Library/PackageCache/com.unity.ugui@1.0.0/Runtime/UI/Core/Image.cs","m_Material;m_Color;m_RaycastTarget;m_RaycastPadding;m_Maskable;m_OnCullStateChanged;m_Sprite;m_Type;m_PreserveAspect;m_FillCenter;m_FillMethod;m_FillAmount;m_FillClockwise;m_FillOrigin;m_UseSpriteMesh;m_PixelsPerUnitMultiplier","Preserve GUID/type until explicit component mapping is approved","Preserve original .cs.meta when possible; use MovedFrom/FormerlySerializedAs or an exact-field compatibility shim; Missing Script prohibited","Resolved"
"Assets/_Game/Scripts/UI/Menu.prefab","Prefab","Close","f4688fdb7df04437aeb418b961361dc5","TextMeshProUGUI","Library/PackageCache/com.unity.textmeshpro@3.0.6/Scripts/Runtime/TextMeshProUGUI.cs","m_Material;m_Color;m_RaycastTarget;m_RaycastPadding;m_Maskable;m_OnCullStateChanged;m_text;m_isRightToLeft;m_fontAsset;m_sharedMaterial;m_fontSharedMaterials;m_fontMaterial;m_fontMaterials;m_fontColor32;m_fontColor;m_enableVertexGradient;m_colorMode;m_fontColorGradient;m_fontColorGradientPreset;m_spriteAsset;m_tintAllSprites;m_StyleSheet;m_TextStyleHashCode;m_overrideHtmlColors;m_faceColor;m_fontSize;m_fontSizeBase;m_fontWeight;m_enableAutoSizing;m_fontSizeMin;m_fontSizeMax;m_fontStyle;m_HorizontalAlignment;m_VerticalAlignment;m_textAlignment;m_characterSpacing;m_wordSpacing;m_lineSpacing;m_lineSpacingMax;m_paragraphSpacing;m_charWidthMaxAdj;m_enableWordWrapping;m_wordWrappingRatios;m_overflowMode;m_linkedTextComponent;parentLinkedComponent;m_enableKerning;m_enableExtraPadding;checkPaddingRequired;m_isRichText;m_parseCtrlCharacters;m_isOrthographic;m_isCullingEnabled;m_horizontalMapping;m_verticalMapping;m_uvLineOffset;m_geometrySortingOrder;m_IsTextObjectScaleStatic;m_VertexBufferAutoSizeReduction;m_useMaxVisibleDescender;m_pageToDisplay;m_margin;m_isUsingLegacyAnimationComponent;m_isVolumetricText;m_hasFontAssetChanged;m_baseMaterial;m_maskOffset","Preserve GUID/type until explicit component mapping is approved","Preserve original .cs.meta when possible; use MovedFrom/FormerlySerializedAs or an exact-field compatibility shim; Missing Script prohibited","Resolved"
"Assets/_Game/Scripts/UI/Menu.prefab","Prefab","Menu","fe87c0e1cc204ed48ad3b37840f39efc","Image","Library/PackageCache/com.unity.ugui@1.0.0/Runtime/UI/Core/Image.cs","m_Material;m_Color;m_RaycastTarget;m_RaycastPadding;m_Maskable;m_OnCullStateChanged;m_Sprite;m_Type;m_PreserveAspect;m_FillCenter;m_FillMethod;m_FillAmount;m_FillClockwise;m_FillOrigin;m_UseSpriteMesh;m_PixelsPerUnitMultiplier","Preserve GUID/type until explicit component mapping is approved","Preserve original .cs.meta when possible; use MovedFrom/FormerlySerializedAs or an exact-field compatibility shim; Missing Script prohibited","Resolved"
"Assets/_Game/Scripts/UI/Menu.prefab","Prefab","Menu","e52691e61cc9cfb4eb29e48a69f4f231","MenuPanel","Assets/_Game/Scripts/UI/MenuPanel.cs","CloseButton","Compatibility panel -> UIKit panel/presenter","Preserve original .cs.meta when possible; use MovedFrom/FormerlySerializedAs or an exact-field compatibility shim; Missing Script prohibited","Resolved"
"Assets/_YFanFramework/Prefabs/FloatingTextItem.prefab","Prefab","FloatingTextItem","0411f205fe34b6e4aa5bc9e62ecaec3c","FloatingTextItem","Assets/_YFanFramework/Scripts/Systems/FloatingTextSystem/FloatingTextItem.cs","_text","Compatibility component -> FloatingTextView/pool adapter","Preserve original .cs.meta when possible; use MovedFrom/FormerlySerializedAs or an exact-field compatibility shim; Missing Script prohibited","Resolved"
"Assets/_YFanFramework/Prefabs/FloatingTextItem.prefab","Prefab","FloatingTextItem","f4688fdb7df04437aeb418b961361dc5","TextMeshProUGUI","Library/PackageCache/com.unity.textmeshpro@3.0.6/Scripts/Runtime/TextMeshProUGUI.cs","m_Material;m_Color;m_RaycastTarget;m_RaycastPadding;m_Maskable;m_OnCullStateChanged;m_text;m_isRightToLeft;m_fontAsset;m_sharedMaterial;m_fontSharedMaterials;m_fontMaterial;m_fontMaterials;m_fontColor32;m_fontColor;m_enableVertexGradient;m_colorMode;m_fontColorGradient;m_fontColorGradientPreset;m_spriteAsset;m_tintAllSprites;m_StyleSheet;m_TextStyleHashCode;m_overrideHtmlColors;m_faceColor;m_fontSize;m_fontSizeBase;m_fontWeight;m_enableAutoSizing;m_fontSizeMin;m_fontSizeMax;m_fontStyle;m_HorizontalAlignment;m_VerticalAlignment;m_textAlignment;m_characterSpacing;m_wordSpacing;m_lineSpacing;m_lineSpacingMax;m_paragraphSpacing;m_charWidthMaxAdj;m_enableWordWrapping;m_wordWrappingRatios;m_overflowMode;m_linkedTextComponent;parentLinkedComponent;m_enableKerning;m_enableExtraPadding;checkPaddingRequired;m_isRichText;m_parseCtrlCharacters;m_isOrthographic;m_isCullingEnabled;m_horizontalMapping;m_verticalMapping;m_uvLineOffset;m_geometrySortingOrder;m_IsTextObjectScaleStatic;m_VertexBufferAutoSizeReduction;m_useMaxVisibleDescender;m_pageToDisplay;m_margin;m_isUsingLegacyAnimationComponent;m_isVolumetricText;m_hasFontAssetChanged;m_baseMaterial;m_maskOffset","Preserve GUID/type until explicit component mapping is approved","Preserve original .cs.meta when possible; use MovedFrom/FormerlySerializedAs or an exact-field compatibility shim; Missing Script prohibited","Resolved"
"Assets/_Game/Scenes/Battle.unity","Scene","Canvas","0cd44c1031e13a943bb63640046fad76","CanvasScaler","Library/PackageCache/com.unity.ugui@1.0.0/Runtime/UI/Core/Layout/CanvasScaler.cs","m_UiScaleMode;m_ReferencePixelsPerUnit;m_ScaleFactor;m_ReferenceResolution;m_ScreenMatchMode;m_MatchWidthOrHeight;m_PhysicalUnit;m_FallbackScreenDPI;m_DefaultSpriteDPI;m_DynamicPixelsPerUnit;m_PresetInfoIsWorld","Preserve GUID/type until explicit component mapping is approved","Preserve original .cs.meta when possible; use MovedFrom/FormerlySerializedAs or an exact-field compatibility shim; Missing Script prohibited","Resolved"
"Assets/_Game/Scenes/Battle.unity","Scene","Canvas","dc42784cf147c0c48a680349fa168899","GraphicRaycaster","Library/PackageCache/com.unity.ugui@1.0.0/Runtime/UI/Core/GraphicRaycaster.cs","m_IgnoreReversedGraphics;m_BlockingObjects;m_BlockingMask","Preserve GUID/type until explicit component mapping is approved","Preserve original .cs.meta when possible; use MovedFrom/FormerlySerializedAs or an exact-field compatibility shim; Missing Script prohibited","Resolved"
"Assets/_Game/Scenes/Battle.unity","Scene","Directional Light","7a68c43fe1f2a47cfa234b5eeaa98012","HDAdditionalLightData","","m_Intensity;m_EnableSpotReflector;m_LuxAtDistance;m_InnerSpotPercent;m_SpotIESCutoffPercent;m_LightDimmer;m_VolumetricDimmer;m_LightUnit;m_FadeDistance;m_VolumetricFadeDistance;m_AffectDiffuse;m_AffectSpecular;m_NonLightmappedOnly;m_ShapeWidth;m_ShapeHeight;m_AspectRatio;m_ShapeRadius;m_SoftnessScale;m_UseCustomSpotLightShadowCone;m_CustomSpotLightShadowCone;m_MaxSmoothness;m_ApplyRangeAttenuation;m_DisplayAreaLightEmissiveMesh;m_AreaLightCookie;m_IESPoint;m_IESSpot;m_IncludeForRayTracing;m_AreaLightShadowCone;m_UseScreenSpaceShadows;m_InteractsWithSky;m_AngularDiameter;m_FlareSize;m_FlareTint;m_FlareFalloff;m_SurfaceTexture;m_SurfaceTint;m_Distance;m_UseRayTracedShadows;m_NumRayTracingSamples;m_FilterTracedShadow;m_FilterSizeTraced;m_SunLightConeAngle;m_LightShadowRadius;m_SemiTransparentShadow;m_ColorShadow;m_DistanceBasedFiltering;m_EvsmExponent;m_EvsmLightLeakBias;m_EvsmVarianceBias;m_EvsmBlurPasses;m_LightlayersMask;m_LinkShadowLayers;m_ShadowNearPlane;m_BlockerSampleCount;m_FilterSampleCount;m_MinFilterSize;m_KernelSize;m_LightAngle;m_MaxDepthBias;m_ShadowResolution;m_ShadowDimmer;m_VolumetricShadowDimmer;m_ShadowFadeDistance;m_UseContactShadow;m_RayTracedContactShadow;m_ShadowTint;m_PenumbraTint;m_NormalBias;m_SlopeBias;m_ShadowUpdateMode;m_AlwaysDrawDynamicShadows;m_UpdateShadowOnLightMovement;m_CachedShadowTranslationThreshold;m_CachedShadowAngularThreshold;m_BarnDoorAngle;m_BarnDoorLength;m_preserveCachedShadow;m_OnDemandShadowRenderOnPlacement;m_ShadowCascadeRatios;m_ShadowCascadeBorders;m_ShadowAlgorithm;m_ShadowVariant;m_ShadowPrecision;useOldInspector;useVolumetric;featuresFoldout;m_AreaLightEmissiveMeshShadowCastingMode;m_AreaLightEmissiveMeshMotionVectorGenerationMode;m_AreaLightEmissiveMeshLayer;m_Version;m_ObsoleteShadowResolutionTier;m_ObsoleteUseShadowQualitySettings;m_ObsoleteCustomShadowResolution;m_ObsoleteContactShadows;m_PointlightHDType;m_SpotLightShape;m_AreaLightShape","Resolve through compatible HDRP staging before value-level renderer conversion","Preserve original .cs.meta when possible; use MovedFrom/FormerlySerializedAs or an exact-field compatibility shim; Missing Script prohibited","Unresolved"
"Assets/_Game/Scenes/Battle.unity","Scene","EventSystem","76c392e42b5098c458856cdf6ecaaaa1","EventSystem","Library/PackageCache/com.unity.ugui@1.0.0/Runtime/EventSystem/EventSystem.cs","m_FirstSelected;m_sendNavigationEvents;m_DragThreshold","Preserve GUID/type until explicit component mapping is approved","Preserve original .cs.meta when possible; use MovedFrom/FormerlySerializedAs or an exact-field compatibility shim; Missing Script prohibited","Resolved"
"Assets/_Game/Scenes/Battle.unity","Scene","EventSystem","4f231c4fb786f3946a6b90b886c48677","StandaloneInputModule","Library/PackageCache/com.unity.ugui@1.0.0/Runtime/EventSystem/InputModules/StandaloneInputModule.cs","m_SendPointerHoverToParent;m_HorizontalAxis;m_VerticalAxis;m_SubmitButton;m_CancelButton;m_InputActionsPerSecond;m_RepeatDelay;m_ForceModuleActive","Preserve GUID/type until explicit component mapping is approved","Preserve original .cs.meta when possible; use MovedFrom/FormerlySerializedAs or an exact-field compatibility shim; Missing Script prohibited","Resolved"
"Assets/_Game/Scenes/Battle.unity","Scene","GameFlowManager","91f5d05d77ca1304a854d845c5322397","GameFlowManager","Assets/_YFanFramework/Scripts/Procedure/GameFlowManager.cs","_dontDestroyOnLoad","Legacy compatibility component -> Application/CompanyWarFlowController","Preserve original .cs.meta when possible; use MovedFrom/FormerlySerializedAs or an exact-field compatibility shim; Missing Script prohibited","Resolved"
"Assets/_Game/Scenes/Battle.unity","Scene","Main Camera","23c1ce4fb46143f46bc5cb5224c934f6","HDAdditionalCameraData","","clearColorMode;backgroundColorHDR;clearDepth;volumeLayerMask;volumeAnchorOverride;antialiasing;SMAAQuality;dithering;stopNaNs;taaSharpenStrength;TAAQuality;taaHistorySharpening;taaAntiFlicker;taaMotionVectorRejection;taaAntiHistoryRinging;taaBaseBlendFactor;taaJitterScale;physicalParameters;flipYMode;xrRendering;fullscreenPassthrough;allowDynamicResolution;customRenderingSettings;invertFaceCulling;probeLayerMask;hasPersistentHistory;screenSizeOverride;screenCoordScaleBias;allowDeepLearningSuperSampling;deepLearningSuperSamplingUseCustomQualitySettings;deepLearningSuperSamplingQuality;deepLearningSuperSamplingUseCustomAttributes;deepLearningSuperSamplingUseOptimalSettings;deepLearningSuperSamplingSharpening;fsrOverrideSharpness;fsrSharpness;exposureTarget;materialMipBias;m_RenderingPathCustomFrameSettings;renderingPathCustomFrameSettingsOverrideMask;defaultFrameSettings;m_Version;m_ObsoleteRenderingPath;m_ObsoleteFrameSettings","Resolve through compatible HDRP staging before value-level renderer conversion","Preserve original .cs.meta when possible; use MovedFrom/FormerlySerializedAs or an exact-field compatibility shim; Missing Script prohibited","Unresolved"
"Assets/_Game/Scenes/Battle.unity","Scene","Prototype3D","bbf390857e266064c8b5cbf4727ec069","CompanyWarGrid3DRenderer","Assets/_Game/Scripts/Prototype3D/CompanyWarGrid3DRenderer.cs","gridRoot;cellSize;origin;ownedColor;pollutedColor;enemyColor;emptyColor","Compatibility component -> Presentation/CompanyWarGridView","Preserve original .cs.meta when possible; use MovedFrom/FormerlySerializedAs or an exact-field compatibility shim; Missing Script prohibited","Resolved"
"Assets/_Game/Scenes/Battle.unity","Scene","Prototype3D","b0c7a557f3cd7234881d01af014e0c74","CompanyWarPrototype3DRuntime","Assets/_Game/Scripts/Prototype3D/CompanyWarPrototype3DRuntime.cs","gridRenderer;inputCamera;autoTick;tickInterval;levelId;victoryByEnemyBuildings;showDeployHud;autoAlignBattleCamera;forceGridOrigin;forcedGridOrigin;manualCameraPosition;manualCameraEuler;manualCameraFitBoard;manualCameraFitScale;manualCameraReferenceColumns;manualCameraReferenceRows;enableFreeCamera;freeCameraHoldRightMouseToLook;useCardPanel;cardPanelPrefab","LegacyBattleRuntimeCompat -> BattleSessionPresenter + BattleInputController + BattleViewCoordinator","Preserve original .cs.meta when possible; use MovedFrom/FormerlySerializedAs or an exact-field compatibility shim; Missing Script prohibited","Resolved"
"Assets/_Game/Scenes/Battle3D.unity","Scene","CompanyWarPrototype3D","b0c7a557f3cd7234881d01af014e0c74","CompanyWarPrototype3DRuntime","Assets/_Game/Scripts/Prototype3D/CompanyWarPrototype3DRuntime.cs","gridRenderer;inputCamera;autoTick;tickInterval;levelId;victoryByEnemyBuildings;showDeployHud;autoAlignBattleCamera;forceGridOrigin;forcedGridOrigin;manualCameraPosition;manualCameraEuler;manualCameraFitBoard;manualCameraFitScale;manualCameraReferenceColumns;manualCameraReferenceRows;enableFreeCamera;freeCameraHoldRightMouseToLook;useCardPanel;cardPanelPrefab","LegacyBattleRuntimeCompat -> BattleSessionPresenter + BattleInputController + BattleViewCoordinator","Preserve original .cs.meta when possible; use MovedFrom/FormerlySerializedAs or an exact-field compatibility shim; Missing Script prohibited","Resolved"
"Assets/_Game/Scenes/Battle3D.unity","Scene","Directional Light","7a68c43fe1f2a47cfa234b5eeaa98012","HDAdditionalLightData","","m_Intensity;m_EnableSpotReflector;m_LuxAtDistance;m_InnerSpotPercent;m_SpotIESCutoffPercent;m_LightDimmer;m_VolumetricDimmer;m_LightUnit;m_FadeDistance;m_VolumetricFadeDistance;m_AffectDiffuse;m_AffectSpecular;m_NonLightmappedOnly;m_ShapeWidth;m_ShapeHeight;m_AspectRatio;m_ShapeRadius;m_SoftnessScale;m_UseCustomSpotLightShadowCone;m_CustomSpotLightShadowCone;m_MaxSmoothness;m_ApplyRangeAttenuation;m_DisplayAreaLightEmissiveMesh;m_AreaLightCookie;m_IESPoint;m_IESSpot;m_IncludeForRayTracing;m_AreaLightShadowCone;m_UseScreenSpaceShadows;m_InteractsWithSky;m_AngularDiameter;m_FlareSize;m_FlareTint;m_FlareFalloff;m_SurfaceTexture;m_SurfaceTint;m_Distance;m_UseRayTracedShadows;m_NumRayTracingSamples;m_FilterTracedShadow;m_FilterSizeTraced;m_SunLightConeAngle;m_LightShadowRadius;m_SemiTransparentShadow;m_ColorShadow;m_DistanceBasedFiltering;m_EvsmExponent;m_EvsmLightLeakBias;m_EvsmVarianceBias;m_EvsmBlurPasses;m_LightlayersMask;m_LinkShadowLayers;m_ShadowNearPlane;m_BlockerSampleCount;m_FilterSampleCount;m_MinFilterSize;m_KernelSize;m_LightAngle;m_MaxDepthBias;m_ShadowResolution;m_ShadowDimmer;m_VolumetricShadowDimmer;m_ShadowFadeDistance;m_UseContactShadow;m_RayTracedContactShadow;m_ShadowTint;m_PenumbraTint;m_NormalBias;m_SlopeBias;m_ShadowUpdateMode;m_AlwaysDrawDynamicShadows;m_UpdateShadowOnLightMovement;m_CachedShadowTranslationThreshold;m_CachedShadowAngularThreshold;m_BarnDoorAngle;m_BarnDoorLength;m_preserveCachedShadow;m_OnDemandShadowRenderOnPlacement;m_ShadowCascadeRatios;m_ShadowCascadeBorders;m_ShadowAlgorithm;m_ShadowVariant;m_ShadowPrecision;useOldInspector;useVolumetric;featuresFoldout;m_AreaLightEmissiveMeshShadowCastingMode;m_AreaLightEmissiveMeshMotionVectorGenerationMode;m_AreaLightEmissiveMeshLayer;m_Version;m_ObsoleteShadowResolutionTier;m_ObsoleteUseShadowQualitySettings;m_ObsoleteCustomShadowResolution;m_ObsoleteContactShadows;m_PointlightHDType;m_SpotLightShape;m_AreaLightShape","Resolve through compatible HDRP staging before value-level renderer conversion","Preserve original .cs.meta when possible; use MovedFrom/FormerlySerializedAs or an exact-field compatibility shim; Missing Script prohibited","Unresolved"
"Assets/_Game/Scenes/Battle3D.unity","Scene","GridRenderer","bbf390857e266064c8b5cbf4727ec069","CompanyWarGrid3DRenderer","Assets/_Game/Scripts/Prototype3D/CompanyWarGrid3DRenderer.cs","gridRoot;cellSize;cellHeight;surfaceOffsetY;origin;ownedColor;pollutedColor;enemyColor;emptyColor;hoverColor","Compatibility component -> Presentation/CompanyWarGridView","Preserve original .cs.meta when possible; use MovedFrom/FormerlySerializedAs or an exact-field compatibility shim; Missing Script prohibited","Resolved"
"Assets/_Game/Scenes/Battle3D.unity","Scene","GridRenderer","886a9d7f809bb314ea9acb4acff95da2","CorporateWarCorridorFloor","Assets/_Game/Scripts/Prototype3D/CorporateWarCorridorFloor.cs","gridRenderer;visualRoot;theme;safeRows;warningRows;floorThickness;floorInset;borderWidthOuter;borderWidthInner;separatorWidth;wallHeight;wallThickness;wallGap;wallGuideLightHeight;floorY;overlayY;borderY;wallY;baseColor;safeZoneColor;midZoneColor;warningZoneColor;outerLightColor;innerLightColor;separatorColor;wallColor;panelSmoothness;lightSmoothness;wallSmoothness;baseEmission;accentEmission;warningEmission;rebuildInPlayMode;rethemeGridRenderer","Compatibility component -> Presentation/CorporateCorridorView","Preserve original .cs.meta when possible; use MovedFrom/FormerlySerializedAs or an exact-field compatibility shim; Missing Script prohibited","Resolved"
"Assets/_Game/Scenes/Battle3D.unity","Scene","Main Camera","23c1ce4fb46143f46bc5cb5224c934f6","HDAdditionalCameraData","","clearColorMode;backgroundColorHDR;clearDepth;volumeLayerMask;volumeAnchorOverride;antialiasing;SMAAQuality;dithering;stopNaNs;taaSharpenStrength;TAAQuality;taaHistorySharpening;taaAntiFlicker;taaMotionVectorRejection;taaAntiHistoryRinging;taaBaseBlendFactor;taaJitterScale;physicalParameters;flipYMode;xrRendering;fullscreenPassthrough;allowDynamicResolution;customRenderingSettings;invertFaceCulling;probeLayerMask;hasPersistentHistory;screenSizeOverride;screenCoordScaleBias;allowDeepLearningSuperSampling;deepLearningSuperSamplingUseCustomQualitySettings;deepLearningSuperSamplingQuality;deepLearningSuperSamplingUseCustomAttributes;deepLearningSuperSamplingUseOptimalSettings;deepLearningSuperSamplingSharpening;fsrOverrideSharpness;fsrSharpness;exposureTarget;materialMipBias;m_RenderingPathCustomFrameSettings;renderingPathCustomFrameSettingsOverrideMask;defaultFrameSettings;m_Version;m_ObsoleteRenderingPath;m_ObsoleteFrameSettings","Resolve through compatible HDRP staging before value-level renderer conversion","Preserve original .cs.meta when possible; use MovedFrom/FormerlySerializedAs or an exact-field compatibility shim; Missing Script prohibited","Unresolved"
"Assets/_Game/Scenes/Boot.unity","Scene","","71c1514a6bd24e1e882cebbe1904ce04","TMP_FontAsset","Library/PackageCache/com.unity.textmeshpro@3.0.6/Scripts/Runtime/TMP_FontAsset.cs","hashCode;material;materialHashCode;m_Version;m_SourceFontFileGUID;m_SourceFontFile_EditorRef;m_SourceFontFile;m_AtlasPopulationMode;m_FaceInfo;m_GlyphTable;m_CharacterTable;m_AtlasTextures;m_AtlasTextureIndex;m_IsMultiAtlasTexturesEnabled;m_ClearDynamicDataOnBuild;m_UsedGlyphRects;m_FreeGlyphRects;m_fontInfo;atlas;m_AtlasWidth;m_AtlasHeight;m_AtlasPadding;m_AtlasRenderMode;m_glyphInfoList;m_KerningTable;m_FontFeatureTable;fallbackFontAssets;m_FallbackFontAssetTable;m_CreationSettings;m_FontWeightTable;fontWeights;normalStyle;normalSpacingOffset;boldStyle;boldSpacing;italicStyle;tabSize","Preserve GUID/type until explicit component mapping is approved","Preserve original .cs.meta when possible; use MovedFrom/FormerlySerializedAs or an exact-field compatibility shim; Missing Script prohibited","Resolved"
"Assets/_Game/Scenes/Boot.unity","Scene","","71c1514a6bd24e1e882cebbe1904ce04","TMP_FontAsset","Library/PackageCache/com.unity.textmeshpro@3.0.6/Scripts/Runtime/TMP_FontAsset.cs","hashCode;material;materialHashCode;m_Version;m_SourceFontFileGUID;m_SourceFontFile_EditorRef;m_SourceFontFile;m_AtlasPopulationMode;m_FaceInfo;m_GlyphTable;m_CharacterTable;m_AtlasTextures;m_AtlasTextureIndex;m_IsMultiAtlasTexturesEnabled;m_ClearDynamicDataOnBuild;m_UsedGlyphRects;m_FreeGlyphRects;m_fontInfo;atlas;m_AtlasWidth;m_AtlasHeight;m_AtlasPadding;m_AtlasRenderMode;m_glyphInfoList;m_KerningTable;m_FontFeatureTable;fallbackFontAssets;m_FallbackFontAssetTable;m_CreationSettings;m_FontWeightTable;fontWeights;normalStyle;normalSpacingOffset;boldStyle;boldSpacing;italicStyle;tabSize","Preserve GUID/type until explicit component mapping is approved","Preserve original .cs.meta when possible; use MovedFrom/FormerlySerializedAs or an exact-field compatibility shim; Missing Script prohibited","Resolved"
"Assets/_Game/Scenes/Boot.unity","Scene","","71c1514a6bd24e1e882cebbe1904ce04","TMP_FontAsset","Library/PackageCache/com.unity.textmeshpro@3.0.6/Scripts/Runtime/TMP_FontAsset.cs","hashCode;material;materialHashCode;m_Version;m_SourceFontFileGUID;m_SourceFontFile_EditorRef;m_SourceFontFile;m_AtlasPopulationMode;m_FaceInfo;m_GlyphTable;m_CharacterTable;m_AtlasTextures;m_AtlasTextureIndex;m_IsMultiAtlasTexturesEnabled;m_ClearDynamicDataOnBuild;m_UsedGlyphRects;m_FreeGlyphRects;m_fontInfo;atlas;m_AtlasWidth;m_AtlasHeight;m_AtlasPadding;m_AtlasRenderMode;m_glyphInfoList;m_KerningTable;m_FontFeatureTable;fallbackFontAssets;m_FallbackFontAssetTable;m_CreationSettings;m_FontWeightTable;fontWeights;normalStyle;normalSpacingOffset;boldStyle;boldSpacing;italicStyle;tabSize","Preserve GUID/type until explicit component mapping is approved","Preserve original .cs.meta when possible; use MovedFrom/FormerlySerializedAs or an exact-field compatibility shim; Missing Script prohibited","Resolved"
"Assets/_Game/Scenes/Boot.unity","Scene","""Label_\u5DF2\u5B8C\u6210""","f4688fdb7df04437aeb418b961361dc5","TextMeshProUGUI","Library/PackageCache/com.unity.textmeshpro@3.0.6/Scripts/Runtime/TextMeshProUGUI.cs","m_Material;m_Color;m_RaycastTarget;m_RaycastPadding;m_Maskable;m_OnCullStateChanged;m_text;m_isRightToLeft;m_fontAsset;m_sharedMaterial;m_fontSharedMaterials;m_fontMaterial;m_fontMaterials;m_fontColor32;m_fontColor;m_enableVertexGradient;m_colorMode;m_fontColorGradient;m_fontColorGradientPreset;m_spriteAsset;m_tintAllSprites;m_StyleSheet;m_TextStyleHashCode;m_overrideHtmlColors;m_faceColor;m_fontSize;m_fontSizeBase;m_fontWeight;m_enableAutoSizing;m_fontSizeMin;m_fontSizeMax;m_fontStyle;m_HorizontalAlignment;m_VerticalAlignment;m_textAlignment;m_characterSpacing;m_wordSpacing;m_lineSpacing;m_lineSpacingMax;m_paragraphSpacing;m_charWidthMaxAdj;m_enableWordWrapping;m_wordWrappingRatios;m_overflowMode;m_linkedTextComponent;parentLinkedComponent;m_enableKerning;m_enableExtraPadding;checkPaddingRequired;m_isRichText;m_parseCtrlCharacters;m_isOrthographic;m_isCullingEnabled;m_horizontalMapping;m_verticalMapping;m_uvLineOffset;m_geometrySortingOrder;m_IsTextObjectScaleStatic;m_VertexBufferAutoSizeReduction;m_useMaxVisibleDescender;m_pageToDisplay;m_margin;m_isUsingLegacyAnimationComponent;m_isVolumetricText;m_hasFontAssetChanged;m_baseMaterial;m_maskOffset","Preserve GUID/type until explicit component mapping is approved","Preserve original .cs.meta when possible; use MovedFrom/FormerlySerializedAs or an exact-field compatibility shim; Missing Script prohibited","Resolved"
"Assets/_Game/Scenes/Boot.unity","Scene","""Label_\u5F53\u524D\u5173\u5361""","f4688fdb7df04437aeb418b961361dc5","TextMeshProUGUI","Library/PackageCache/com.unity.textmeshpro@3.0.6/Scripts/Runtime/TextMeshProUGUI.cs","m_Material;m_Color;m_RaycastTarget;m_RaycastPadding;m_Maskable;m_OnCullStateChanged;m_text;m_isRightToLeft;m_fontAsset;m_sharedMaterial;m_fontSharedMaterials;m_fontMaterial;m_fontMaterials;m_fontColor32;m_fontColor;m_enableVertexGradient;m_colorMode;m_fontColorGradient;m_fontColorGradientPreset;m_spriteAsset;m_tintAllSprites;m_StyleSheet;m_TextStyleHashCode;m_overrideHtmlColors;m_faceColor;m_fontSize;m_fontSizeBase;m_fontWeight;m_enableAutoSizing;m_fontSizeMin;m_fontSizeMax;m_fontStyle;m_HorizontalAlignment;m_VerticalAlignment;m_textAlignment;m_characterSpacing;m_wordSpacing;m_lineSpacing;m_lineSpacingMax;m_paragraphSpacing;m_charWidthMaxAdj;m_enableWordWrapping;m_wordWrappingRatios;m_overflowMode;m_linkedTextComponent;parentLinkedComponent;m_enableKerning;m_enableExtraPadding;checkPaddingRequired;m_isRichText;m_parseCtrlCharacters;m_isOrthographic;m_isCullingEnabled;m_horizontalMapping;m_verticalMapping;m_uvLineOffset;m_geometrySortingOrder;m_IsTextObjectScaleStatic;m_VertexBufferAutoSizeReduction;m_useMaxVisibleDescender;m_pageToDisplay;m_margin;m_isUsingLegacyAnimationComponent;m_isVolumetricText;m_hasFontAssetChanged;m_baseMaterial;m_maskOffset","Preserve GUID/type until explicit component mapping is approved","Preserve original .cs.meta when possible; use MovedFrom/FormerlySerializedAs or an exact-field compatibility shim; Missing Script prohibited","Resolved"
"Assets/_Game/Scenes/Boot.unity","Scene","""Label_\u672A\u89E3\u9501""","f4688fdb7df04437aeb418b961361dc5","TextMeshProUGUI","Library/PackageCache/com.unity.textmeshpro@3.0.6/Scripts/Runtime/TextMeshProUGUI.cs","m_Material;m_Color;m_RaycastTarget;m_RaycastPadding;m_Maskable;m_OnCullStateChanged;m_text;m_isRightToLeft;m_fontAsset;m_sharedMaterial;m_fontSharedMaterials;m_fontMaterial;m_fontMaterials;m_fontColor32;m_fontColor;m_enableVertexGradient;m_colorMode;m_fontColorGradient;m_fontColorGradientPreset;m_spriteAsset;m_tintAllSprites;m_StyleSheet;m_TextStyleHashCode;m_overrideHtmlColors;m_faceColor;m_fontSize;m_fontSizeBase;m_fontWeight;m_enableAutoSizing;m_fontSizeMin;m_fontSizeMax;m_fontStyle;m_HorizontalAlignment;m_VerticalAlignment;m_textAlignment;m_characterSpacing;m_wordSpacing;m_lineSpacing;m_lineSpacingMax;m_paragraphSpacing;m_charWidthMaxAdj;m_enableWordWrapping;m_wordWrappingRatios;m_overflowMode;m_linkedTextComponent;parentLinkedComponent;m_enableKerning;m_enableExtraPadding;checkPaddingRequired;m_isRichText;m_parseCtrlCharacters;m_isOrthographic;m_isCullingEnabled;m_horizontalMapping;m_verticalMapping;m_uvLineOffset;m_geometrySortingOrder;m_IsTextObjectScaleStatic;m_VertexBufferAutoSizeReduction;m_useMaxVisibleDescender;m_pageToDisplay;m_margin;m_isUsingLegacyAnimationComponent;m_isVolumetricText;m_hasFontAssetChanged;m_baseMaterial;m_maskOffset","Preserve GUID/type until explicit component mapping is approved","Preserve original .cs.meta when possible; use MovedFrom/FormerlySerializedAs or an exact-field compatibility shim; Missing Script prohibited","Resolved"
"Assets/_Game/Scenes/Boot.unity","Scene","""Swatch_\u5DF2\u5B8C\u6210""","fe87c0e1cc204ed48ad3b37840f39efc","Image","Library/PackageCache/com.unity.ugui@1.0.0/Runtime/UI/Core/Image.cs","m_Material;m_Color;m_RaycastTarget;m_RaycastPadding;m_Maskable;m_OnCullStateChanged;m_Sprite;m_Type;m_PreserveAspect;m_FillCenter;m_FillMethod;m_FillAmount;m_FillClockwise;m_FillOrigin;m_UseSpriteMesh;m_PixelsPerUnitMultiplier","Preserve GUID/type until explicit component mapping is approved","Preserve original .cs.meta when possible; use MovedFrom/FormerlySerializedAs or an exact-field compatibility shim; Missing Script prohibited","Resolved"
"Assets/_Game/Scenes/Boot.unity","Scene","""Swatch_\u5F53\u524D\u5173\u5361""","fe87c0e1cc204ed48ad3b37840f39efc","Image","Library/PackageCache/com.unity.ugui@1.0.0/Runtime/UI/Core/Image.cs","m_Material;m_Color;m_RaycastTarget;m_RaycastPadding;m_Maskable;m_OnCullStateChanged;m_Sprite;m_Type;m_PreserveAspect;m_FillCenter;m_FillMethod;m_FillAmount;m_FillClockwise;m_FillOrigin;m_UseSpriteMesh;m_PixelsPerUnitMultiplier","Preserve GUID/type until explicit component mapping is approved","Preserve original .cs.meta when possible; use MovedFrom/FormerlySerializedAs or an exact-field compatibility shim; Missing Script prohibited","Resolved"
"Assets/_Game/Scenes/Boot.unity","Scene","""Swatch_\u672A\u89E3\u9501""","fe87c0e1cc204ed48ad3b37840f39efc","Image","Library/PackageCache/com.unity.ugui@1.0.0/Runtime/UI/Core/Image.cs","m_Material;m_Color;m_RaycastTarget;m_RaycastPadding;m_Maskable;m_OnCullStateChanged;m_Sprite;m_Type;m_PreserveAspect;m_FillCenter;m_FillMethod;m_FillAmount;m_FillClockwise;m_FillOrigin;m_UseSpriteMesh;m_PixelsPerUnitMultiplier","Preserve GUID/type until explicit component mapping is approved","Preserve original .cs.meta when possible; use MovedFrom/FormerlySerializedAs or an exact-field compatibility shim; Missing Script prohibited","Resolved"
"Assets/_Game/Scenes/Boot.unity","Scene","ArrowLeft","4e29b1a8efbd4b44bb3f3716e73f07ff","Button","Library/PackageCache/com.unity.ugui@1.0.0/Runtime/UI/Core/Button.cs","m_Navigation;m_Transition;m_Colors;m_SpriteState;m_AnimationTriggers;m_Interactable;m_TargetGraphic;m_OnClick","Preserve GUID/type until explicit component mapping is approved","Preserve original .cs.meta when possible; use MovedFrom/FormerlySerializedAs or an exact-field compatibility shim; Missing Script prohibited","Resolved"
"Assets/_Game/Scenes/Boot.unity","Scene","ArrowLeft","fe87c0e1cc204ed48ad3b37840f39efc","Image","Library/PackageCache/com.unity.ugui@1.0.0/Runtime/UI/Core/Image.cs","m_Material;m_Color;m_RaycastTarget;m_RaycastPadding;m_Maskable;m_OnCullStateChanged;m_Sprite;m_Type;m_PreserveAspect;m_FillCenter;m_FillMethod;m_FillAmount;m_FillClockwise;m_FillOrigin;m_UseSpriteMesh;m_PixelsPerUnitMultiplier","Preserve GUID/type until explicit component mapping is approved","Preserve original .cs.meta when possible; use MovedFrom/FormerlySerializedAs or an exact-field compatibility shim; Missing Script prohibited","Resolved"
"Assets/_Game/Scenes/Boot.unity","Scene","ArrowRight","4e29b1a8efbd4b44bb3f3716e73f07ff","Button","Library/PackageCache/com.unity.ugui@1.0.0/Runtime/UI/Core/Button.cs","m_Navigation;m_Transition;m_Colors;m_SpriteState;m_AnimationTriggers;m_Interactable;m_TargetGraphic;m_OnClick","Preserve GUID/type until explicit component mapping is approved","Preserve original .cs.meta when possible; use MovedFrom/FormerlySerializedAs or an exact-field compatibility shim; Missing Script prohibited","Resolved"
"Assets/_Game/Scenes/Boot.unity","Scene","ArrowRight","fe87c0e1cc204ed48ad3b37840f39efc","Image","Library/PackageCache/com.unity.ugui@1.0.0/Runtime/UI/Core/Image.cs","m_Material;m_Color;m_RaycastTarget;m_RaycastPadding;m_Maskable;m_OnCullStateChanged;m_Sprite;m_Type;m_PreserveAspect;m_FillCenter;m_FillMethod;m_FillAmount;m_FillClockwise;m_FillOrigin;m_UseSpriteMesh;m_PixelsPerUnitMultiplier","Preserve GUID/type until explicit component mapping is approved","Preserve original .cs.meta when possible; use MovedFrom/FormerlySerializedAs or an exact-field compatibility shim; Missing Script prohibited","Resolved"
"Assets/_Game/Scenes/Boot.unity","Scene","AudioManager","99f948e3e8b78e44e95503d2983ddc19","AudioManager","Assets/_Game/Scripts/Audio/AudioManager.cs","titleBGM;levelSelectBGM;mainStageEarlyBGM;mainStageMidBGM;endlessModeBGM;mainStageLateBGM;musicVolume","Preserve initial type -> AudioPresenter + Infrastructure audio gateway","Preserve original .cs.meta when possible; use MovedFrom/FormerlySerializedAs or an exact-field compatibility shim; Missing Script prohibited","Resolved"
"Assets/_Game/Scenes/Boot.unity","Scene","Backdrop","fe87c0e1cc204ed48ad3b37840f39efc","Image","Library/PackageCache/com.unity.ugui@1.0.0/Runtime/UI/Core/Image.cs","m_Material;m_Color;m_RaycastTarget;m_RaycastPadding;m_Maskable;m_OnCullStateChanged;m_Sprite;m_Type;m_PreserveAspect;m_FillCenter;m_FillMethod;m_FillAmount;m_FillClockwise;m_FillOrigin;m_UseSpriteMesh;m_PixelsPerUnitMultiplier","Preserve GUID/type until explicit component mapping is approved","Preserve original .cs.meta when possible; use MovedFrom/FormerlySerializedAs or an exact-field compatibility shim; Missing Script prohibited","Resolved"
"Assets/_Game/Scenes/Boot.unity","Scene","Backdrop","fe87c0e1cc204ed48ad3b37840f39efc","Image","Library/PackageCache/com.unity.ugui@1.0.0/Runtime/UI/Core/Image.cs","m_Material;m_Color;m_RaycastTarget;m_RaycastPadding;m_Maskable;m_OnCullStateChanged;m_Sprite;m_Type;m_PreserveAspect;m_FillCenter;m_FillMethod;m_FillAmount;m_FillClockwise;m_FillOrigin;m_UseSpriteMesh;m_PixelsPerUnitMultiplier","Preserve GUID/type until explicit component mapping is approved","Preserve original .cs.meta when possible; use MovedFrom/FormerlySerializedAs or an exact-field compatibility shim; Missing Script prohibited","Resolved"
"Assets/_Game/Scenes/Boot.unity","Scene","Background","fe87c0e1cc204ed48ad3b37840f39efc","Image","Library/PackageCache/com.unity.ugui@1.0.0/Runtime/UI/Core/Image.cs","m_Material;m_Color;m_RaycastTarget;m_RaycastPadding;m_Maskable;m_OnCullStateChanged;m_Sprite;m_Type;m_PreserveAspect;m_FillCenter;m_FillMethod;m_FillAmount;m_FillClockwise;m_FillOrigin;m_UseSpriteMesh;m_PixelsPerUnitMultiplier","Preserve GUID/type until explicit component mapping is approved","Preserve original .cs.meta when possible; use MovedFrom/FormerlySerializedAs or an exact-field compatibility shim; Missing Script prohibited","Resolved"
"Assets/_Game/Scenes/Boot.unity","Scene","BottomBar","fe87c0e1cc204ed48ad3b37840f39efc","Image","Library/PackageCache/com.unity.ugui@1.0.0/Runtime/UI/Core/Image.cs","m_Material;m_Color;m_RaycastTarget;m_RaycastPadding;m_Maskable;m_OnCullStateChanged;m_Sprite;m_Type;m_PreserveAspect;m_FillCenter;m_FillMethod;m_FillAmount;m_FillClockwise;m_FillOrigin;m_UseSpriteMesh;m_PixelsPerUnitMultiplier","Preserve GUID/type until explicit component mapping is approved","Preserve original .cs.meta when possible; use MovedFrom/FormerlySerializedAs or an exact-field compatibility shim; Missing Script prohibited","Resolved"
"Assets/_Game/Scenes/Boot.unity","Scene","BottomBar","e19747de3f5aca642ab2be37e372fb86","Outline","Library/PackageCache/com.unity.ugui@1.0.0/Runtime/UI/Core/VertexModifiers/Outline.cs","m_EffectColor;m_EffectDistance;m_UseGraphicAlpha","Preserve GUID/type until explicit component mapping is approved","Preserve original .cs.meta when possible; use MovedFrom/FormerlySerializedAs or an exact-field compatibility shim; Missing Script prohibited","Resolved"
"Assets/_Game/Scenes/Boot.unity","Scene","CenterDiamondInner","fe87c0e1cc204ed48ad3b37840f39efc","Image","Library/PackageCache/com.unity.ugui@1.0.0/Runtime/UI/Core/Image.cs","m_Material;m_Color;m_RaycastTarget;m_RaycastPadding;m_Maskable;m_OnCullStateChanged;m_Sprite;m_Type;m_PreserveAspect;m_FillCenter;m_FillMethod;m_FillAmount;m_FillClockwise;m_FillOrigin;m_UseSpriteMesh;m_PixelsPerUnitMultiplier","Preserve GUID/type until explicit component mapping is approved","Preserve original .cs.meta when possible; use MovedFrom/FormerlySerializedAs or an exact-field compatibility shim; Missing Script prohibited","Resolved"
"Assets/_Game/Scenes/Boot.unity","Scene","CenterDiamondOuter","fe87c0e1cc204ed48ad3b37840f39efc","Image","Library/PackageCache/com.unity.ugui@1.0.0/Runtime/UI/Core/Image.cs","m_Material;m_Color;m_RaycastTarget;m_RaycastPadding;m_Maskable;m_OnCullStateChanged;m_Sprite;m_Type;m_PreserveAspect;m_FillCenter;m_FillMethod;m_FillAmount;m_FillClockwise;m_FillOrigin;m_UseSpriteMesh;m_PixelsPerUnitMultiplier","Preserve GUID/type until explicit component mapping is approved","Preserve original .cs.meta when possible; use MovedFrom/FormerlySerializedAs or an exact-field compatibility shim; Missing Script prohibited","Resolved"
"Assets/_Game/Scenes/Boot.unity","Scene","CenterSquare","fe87c0e1cc204ed48ad3b37840f39efc","Image","Library/PackageCache/com.unity.ugui@1.0.0/Runtime/UI/Core/Image.cs","m_Material;m_Color;m_RaycastTarget;m_RaycastPadding;m_Maskable;m_OnCullStateChanged;m_Sprite;m_Type;m_PreserveAspect;m_FillCenter;m_FillMethod;m_FillAmount;m_FillClockwise;m_FillOrigin;m_UseSpriteMesh;m_PixelsPerUnitMultiplier","Preserve GUID/type until explicit component mapping is approved","Preserve original .cs.meta when possible; use MovedFrom/FormerlySerializedAs or an exact-field compatibility shim; Missing Script prohibited","Resolved"
"Assets/_Game/Scenes/Boot.unity","Scene","Chapter","f4688fdb7df04437aeb418b961361dc5","TextMeshProUGUI","Library/PackageCache/com.unity.textmeshpro@3.0.6/Scripts/Runtime/TextMeshProUGUI.cs","m_Material;m_Color;m_RaycastTarget;m_RaycastPadding;m_Maskable;m_OnCullStateChanged;m_text;m_isRightToLeft;m_fontAsset;m_sharedMaterial;m_fontSharedMaterials;m_fontMaterial;m_fontMaterials;m_fontColor32;m_fontColor;m_enableVertexGradient;m_colorMode;m_fontColorGradient;m_fontColorGradientPreset;m_spriteAsset;m_tintAllSprites;m_StyleSheet;m_TextStyleHashCode;m_overrideHtmlColors;m_faceColor;m_fontSize;m_fontSizeBase;m_fontWeight;m_enableAutoSizing;m_fontSizeMin;m_fontSizeMax;m_fontStyle;m_HorizontalAlignment;m_VerticalAlignment;m_textAlignment;m_characterSpacing;m_wordSpacing;m_lineSpacing;m_lineSpacingMax;m_paragraphSpacing;m_charWidthMaxAdj;m_enableWordWrapping;m_wordWrappingRatios;m_overflowMode;m_linkedTextComponent;parentLinkedComponent;m_enableKerning;m_enableExtraPadding;checkPaddingRequired;m_isRichText;m_parseCtrlCharacters;m_isOrthographic;m_isCullingEnabled;m_horizontalMapping;m_verticalMapping;m_uvLineOffset;m_geometrySortingOrder;m_IsTextObjectScaleStatic;m_VertexBufferAutoSizeReduction;m_useMaxVisibleDescender;m_pageToDisplay;m_margin;m_isUsingLegacyAnimationComponent;m_isVolumetricText;m_hasFontAssetChanged;m_baseMaterial;m_maskOffset","Preserve GUID/type until explicit component mapping is approved","Preserve original .cs.meta when possible; use MovedFrom/FormerlySerializedAs or an exact-field compatibility shim; Missing Script prohibited","Resolved"
"Assets/_Game/Scenes/Boot.unity","Scene","ChevronA","fe87c0e1cc204ed48ad3b37840f39efc","Image","Library/PackageCache/com.unity.ugui@1.0.0/Runtime/UI/Core/Image.cs","m_Material;m_Color;m_RaycastTarget;m_RaycastPadding;m_Maskable;m_OnCullStateChanged;m_Sprite;m_Type;m_PreserveAspect;m_FillCenter;m_FillMethod;m_FillAmount;m_FillClockwise;m_FillOrigin;m_UseSpriteMesh;m_PixelsPerUnitMultiplier","Preserve GUID/type until explicit component mapping is approved","Preserve original .cs.meta when possible; use MovedFrom/FormerlySerializedAs or an exact-field compatibility shim; Missing Script prohibited","Resolved"
"Assets/_Game/Scenes/Boot.unity","Scene","ChevronA","fe87c0e1cc204ed48ad3b37840f39efc","Image","Library/PackageCache/com.unity.ugui@1.0.0/Runtime/UI/Core/Image.cs","m_Material;m_Color;m_RaycastTarget;m_RaycastPadding;m_Maskable;m_OnCullStateChanged;m_Sprite;m_Type;m_PreserveAspect;m_FillCenter;m_FillMethod;m_FillAmount;m_FillClockwise;m_FillOrigin;m_UseSpriteMesh;m_PixelsPerUnitMultiplier","Preserve GUID/type until explicit component mapping is approved","Preserve original .cs.meta when possible; use MovedFrom/FormerlySerializedAs or an exact-field compatibility shim; Missing Script prohibited","Resolved"
"Assets/_Game/Scenes/Boot.unity","Scene","ChevronB","fe87c0e1cc204ed48ad3b37840f39efc","Image","Library/PackageCache/com.unity.ugui@1.0.0/Runtime/UI/Core/Image.cs","m_Material;m_Color;m_RaycastTarget;m_RaycastPadding;m_Maskable;m_OnCullStateChanged;m_Sprite;m_Type;m_PreserveAspect;m_FillCenter;m_FillMethod;m_FillAmount;m_FillClockwise;m_FillOrigin;m_UseSpriteMesh;m_PixelsPerUnitMultiplier","Preserve GUID/type until explicit component mapping is approved","Preserve original .cs.meta when possible; use MovedFrom/FormerlySerializedAs or an exact-field compatibility shim; Missing Script prohibited","Resolved"
"Assets/_Game/Scenes/Boot.unity","Scene","ChevronB","fe87c0e1cc204ed48ad3b37840f39efc","Image","Library/PackageCache/com.unity.ugui@1.0.0/Runtime/UI/Core/Image.cs","m_Material;m_Color;m_RaycastTarget;m_RaycastPadding;m_Maskable;m_OnCullStateChanged;m_Sprite;m_Type;m_PreserveAspect;m_FillCenter;m_FillMethod;m_FillAmount;m_FillClockwise;m_FillOrigin;m_UseSpriteMesh;m_PixelsPerUnitMultiplier","Preserve GUID/type until explicit component mapping is approved","Preserve original .cs.meta when possible; use MovedFrom/FormerlySerializedAs or an exact-field compatibility shim; Missing Script prohibited","Resolved"
"Assets/_Game/Scenes/Boot.unity","Scene","Clock","f4688fdb7df04437aeb418b961361dc5","TextMeshProUGUI","Library/PackageCache/com.unity.textmeshpro@3.0.6/Scripts/Runtime/TextMeshProUGUI.cs","m_Material;m_Color;m_RaycastTarget;m_RaycastPadding;m_Maskable;m_OnCullStateChanged;m_text;m_isRightToLeft;m_fontAsset;m_sharedMaterial;m_fontSharedMaterials;m_fontMaterial;m_fontMaterials;m_fontColor32;m_fontColor;m_enableVertexGradient;m_colorMode;m_fontColorGradient;m_fontColorGradientPreset;m_spriteAsset;m_tintAllSprites;m_StyleSheet;m_TextStyleHashCode;m_overrideHtmlColors;m_faceColor;m_fontSize;m_fontSizeBase;m_fontWeight;m_enableAutoSizing;m_fontSizeMin;m_fontSizeMax;m_fontStyle;m_HorizontalAlignment;m_VerticalAlignment;m_textAlignment;m_characterSpacing;m_wordSpacing;m_lineSpacing;m_lineSpacingMax;m_paragraphSpacing;m_charWidthMaxAdj;m_enableWordWrapping;m_wordWrappingRatios;m_overflowMode;m_linkedTextComponent;parentLinkedComponent;m_enableKerning;m_enableExtraPadding;checkPaddingRequired;m_isRichText;m_parseCtrlCharacters;m_isOrthographic;m_isCullingEnabled;m_horizontalMapping;m_verticalMapping;m_uvLineOffset;m_geometrySortingOrder;m_IsTextObjectScaleStatic;m_VertexBufferAutoSizeReduction;m_useMaxVisibleDescender;m_pageToDisplay;m_margin;m_isUsingLegacyAnimationComponent;m_isVolumetricText;m_hasFontAssetChanged;m_baseMaterial;m_maskOffset","Preserve GUID/type until explicit component mapping is approved","Preserve original .cs.meta when possible; use MovedFrom/FormerlySerializedAs or an exact-field compatibility shim; Missing Script prohibited","Resolved"
"Assets/_Game/Scenes/Boot.unity","Scene","Clock","f4688fdb7df04437aeb418b961361dc5","TextMeshProUGUI","Library/PackageCache/com.unity.textmeshpro@3.0.6/Scripts/Runtime/TextMeshProUGUI.cs","m_Material;m_Color;m_RaycastTarget;m_RaycastPadding;m_Maskable;m_OnCullStateChanged;m_text;m_isRightToLeft;m_fontAsset;m_sharedMaterial;m_fontSharedMaterials;m_fontMaterial;m_fontMaterials;m_fontColor32;m_fontColor;m_enableVertexGradient;m_colorMode;m_fontColorGradient;m_fontColorGradientPreset;m_spriteAsset;m_tintAllSprites;m_StyleSheet;m_TextStyleHashCode;m_overrideHtmlColors;m_faceColor;m_fontSize;m_fontSizeBase;m_fontWeight;m_enableAutoSizing;m_fontSizeMin;m_fontSizeMax;m_fontStyle;m_HorizontalAlignment;m_VerticalAlignment;m_textAlignment;m_characterSpacing;m_wordSpacing;m_lineSpacing;m_lineSpacingMax;m_paragraphSpacing;m_charWidthMaxAdj;m_enableWordWrapping;m_wordWrappingRatios;m_overflowMode;m_linkedTextComponent;parentLinkedComponent;m_enableKerning;m_enableExtraPadding;checkPaddingRequired;m_isRichText;m_parseCtrlCharacters;m_isOrthographic;m_isCullingEnabled;m_horizontalMapping;m_verticalMapping;m_uvLineOffset;m_geometrySortingOrder;m_IsTextObjectScaleStatic;m_VertexBufferAutoSizeReduction;m_useMaxVisibleDescender;m_pageToDisplay;m_margin;m_isUsingLegacyAnimationComponent;m_isVolumetricText;m_hasFontAssetChanged;m_baseMaterial;m_maskOffset","Preserve GUID/type until explicit component mapping is approved","Preserve original .cs.meta when possible; use MovedFrom/FormerlySerializedAs or an exact-field compatibility shim; Missing Script prohibited","Resolved"
"Assets/_Game/Scenes/Boot.unity","Scene","ClockPanel","fe87c0e1cc204ed48ad3b37840f39efc","Image","Library/PackageCache/com.unity.ugui@1.0.0/Runtime/UI/Core/Image.cs","m_Material;m_Color;m_RaycastTarget;m_RaycastPadding;m_Maskable;m_OnCullStateChanged;m_Sprite;m_Type;m_PreserveAspect;m_FillCenter;m_FillMethod;m_FillAmount;m_FillClockwise;m_FillOrigin;m_UseSpriteMesh;m_PixelsPerUnitMultiplier","Preserve GUID/type until explicit component mapping is approved","Preserve original .cs.meta when possible; use MovedFrom/FormerlySerializedAs or an exact-field compatibility shim; Missing Script prohibited","Resolved"
"Assets/_Game/Scenes/Boot.unity","Scene","CloseSettingsButton","4e29b1a8efbd4b44bb3f3716e73f07ff","Button","Library/PackageCache/com.unity.ugui@1.0.0/Runtime/UI/Core/Button.cs","m_Navigation;m_Transition;m_Colors;m_SpriteState;m_AnimationTriggers;m_Interactable;m_TargetGraphic;m_OnClick","Preserve GUID/type until explicit component mapping is approved","Preserve original .cs.meta when possible; use MovedFrom/FormerlySerializedAs or an exact-field compatibility shim; Missing Script prohibited","Resolved"
"Assets/_Game/Scenes/Boot.unity","Scene","CloseSettingsButton","fe87c0e1cc204ed48ad3b37840f39efc","Image","Library/PackageCache/com.unity.ugui@1.0.0/Runtime/UI/Core/Image.cs","m_Material;m_Color;m_RaycastTarget;m_RaycastPadding;m_Maskable;m_OnCullStateChanged;m_Sprite;m_Type;m_PreserveAspect;m_FillCenter;m_FillMethod;m_FillAmount;m_FillClockwise;m_FillOrigin;m_UseSpriteMesh;m_PixelsPerUnitMultiplier","Preserve GUID/type until explicit component mapping is approved","Preserve original .cs.meta when possible; use MovedFrom/FormerlySerializedAs or an exact-field compatibility shim; Missing Script prohibited","Resolved"
"Assets/_Game/Scenes/Boot.unity","Scene","Code","f4688fdb7df04437aeb418b961361dc5","TextMeshProUGUI","Library/PackageCache/com.unity.textmeshpro@3.0.6/Scripts/Runtime/TextMeshProUGUI.cs","m_Material;m_Color;m_RaycastTarget;m_RaycastPadding;m_Maskable;m_OnCullStateChanged;m_text;m_isRightToLeft;m_fontAsset;m_sharedMaterial;m_fontSharedMaterials;m_fontMaterial;m_fontMaterials;m_fontColor32;m_fontColor;m_enableVertexGradient;m_colorMode;m_fontColorGradient;m_fontColorGradientPreset;m_spriteAsset;m_tintAllSprites;m_StyleSheet;m_TextStyleHashCode;m_overrideHtmlColors;m_faceColor;m_fontSize;m_fontSizeBase;m_fontWeight;m_enableAutoSizing;m_fontSizeMin;m_fontSizeMax;m_fontStyle;m_HorizontalAlignment;m_VerticalAlignment;m_textAlignment;m_characterSpacing;m_wordSpacing;m_lineSpacing;m_lineSpacingMax;m_paragraphSpacing;m_charWidthMaxAdj;m_enableWordWrapping;m_wordWrappingRatios;m_overflowMode;m_linkedTextComponent;parentLinkedComponent;m_enableKerning;m_enableExtraPadding;checkPaddingRequired;m_isRichText;m_parseCtrlCharacters;m_isOrthographic;m_isCullingEnabled;m_horizontalMapping;m_verticalMapping;m_uvLineOffset;m_geometrySortingOrder;m_IsTextObjectScaleStatic;m_VertexBufferAutoSizeReduction;m_useMaxVisibleDescender;m_pageToDisplay;m_margin;m_isUsingLegacyAnimationComponent;m_isVolumetricText;m_hasFontAssetChanged;m_baseMaterial;m_maskOffset","Preserve GUID/type until explicit component mapping is approved","Preserve original .cs.meta when possible; use MovedFrom/FormerlySerializedAs or an exact-field compatibility shim; Missing Script prohibited","Resolved"
"Assets/_Game/Scenes/Boot.unity","Scene","Code","f4688fdb7df04437aeb418b961361dc5","TextMeshProUGUI","Library/PackageCache/com.unity.textmeshpro@3.0.6/Scripts/Runtime/TextMeshProUGUI.cs","m_Material;m_Color;m_RaycastTarget;m_RaycastPadding;m_Maskable;m_OnCullStateChanged;m_text;m_isRightToLeft;m_fontAsset;m_sharedMaterial;m_fontSharedMaterials;m_fontMaterial;m_fontMaterials;m_fontColor32;m_fontColor;m_enableVertexGradient;m_colorMode;m_fontColorGradient;m_fontColorGradientPreset;m_spriteAsset;m_tintAllSprites;m_StyleSheet;m_TextStyleHashCode;m_overrideHtmlColors;m_faceColor;m_fontSize;m_fontSizeBase;m_fontWeight;m_enableAutoSizing;m_fontSizeMin;m_fontSizeMax;m_fontStyle;m_HorizontalAlignment;m_VerticalAlignment;m_textAlignment;m_characterSpacing;m_wordSpacing;m_lineSpacing;m_lineSpacingMax;m_paragraphSpacing;m_charWidthMaxAdj;m_enableWordWrapping;m_wordWrappingRatios;m_overflowMode;m_linkedTextComponent;parentLinkedComponent;m_enableKerning;m_enableExtraPadding;checkPaddingRequired;m_isRichText;m_parseCtrlCharacters;m_isOrthographic;m_isCullingEnabled;m_horizontalMapping;m_verticalMapping;m_uvLineOffset;m_geometrySortingOrder;m_IsTextObjectScaleStatic;m_VertexBufferAutoSizeReduction;m_useMaxVisibleDescender;m_pageToDisplay;m_margin;m_isUsingLegacyAnimationComponent;m_isVolumetricText;m_hasFontAssetChanged;m_baseMaterial;m_maskOffset","Preserve GUID/type until explicit component mapping is approved","Preserve original .cs.meta when possible; use MovedFrom/FormerlySerializedAs or an exact-field compatibility shim; Missing Script prohibited","Resolved"
"Assets/_Game/Scenes/Boot.unity","Scene","Code","f4688fdb7df04437aeb418b961361dc5","TextMeshProUGUI","Library/PackageCache/com.unity.textmeshpro@3.0.6/Scripts/Runtime/TextMeshProUGUI.cs","m_Material;m_Color;m_RaycastTarget;m_RaycastPadding;m_Maskable;m_OnCullStateChanged;m_text;m_isRightToLeft;m_fontAsset;m_sharedMaterial;m_fontSharedMaterials;m_fontMaterial;m_fontMaterials;m_fontColor32;m_fontColor;m_enableVertexGradient;m_colorMode;m_fontColorGradient;m_fontColorGradientPreset;m_spriteAsset;m_tintAllSprites;m_StyleSheet;m_TextStyleHashCode;m_overrideHtmlColors;m_faceColor;m_fontSize;m_fontSizeBase;m_fontWeight;m_enableAutoSizing;m_fontSizeMin;m_fontSizeMax;m_fontStyle;m_HorizontalAlignment;m_VerticalAlignment;m_textAlignment;m_characterSpacing;m_wordSpacing;m_lineSpacing;m_lineSpacingMax;m_paragraphSpacing;m_charWidthMaxAdj;m_enableWordWrapping;m_wordWrappingRatios;m_overflowMode;m_linkedTextComponent;parentLinkedComponent;m_enableKerning;m_enableExtraPadding;checkPaddingRequired;m_isRichText;m_parseCtrlCharacters;m_isOrthographic;m_isCullingEnabled;m_horizontalMapping;m_verticalMapping;m_uvLineOffset;m_geometrySortingOrder;m_IsTextObjectScaleStatic;m_VertexBufferAutoSizeReduction;m_useMaxVisibleDescender;m_pageToDisplay;m_margin;m_isUsingLegacyAnimationComponent;m_isVolumetricText;m_hasFontAssetChanged;m_baseMaterial;m_maskOffset","Preserve GUID/type until explicit component mapping is approved","Preserve original .cs.meta when possible; use MovedFrom/FormerlySerializedAs or an exact-field compatibility shim; Missing Script prohibited","Resolved"
"Assets/_Game/Scenes/Boot.unity","Scene","Code","f4688fdb7df04437aeb418b961361dc5","TextMeshProUGUI","Library/PackageCache/com.unity.textmeshpro@3.0.6/Scripts/Runtime/TextMeshProUGUI.cs","m_Material;m_Color;m_RaycastTarget;m_RaycastPadding;m_Maskable;m_OnCullStateChanged;m_text;m_isRightToLeft;m_fontAsset;m_sharedMaterial;m_fontSharedMaterials;m_fontMaterial;m_fontMaterials;m_fontColor32;m_fontColor;m_enableVertexGradient;m_colorMode;m_fontColorGradient;m_fontColorGradientPreset;m_spriteAsset;m_tintAllSprites;m_StyleSheet;m_TextStyleHashCode;m_overrideHtmlColors;m_faceColor;m_fontSize;m_fontSizeBase;m_fontWeight;m_enableAutoSizing;m_fontSizeMin;m_fontSizeMax;m_fontStyle;m_HorizontalAlignment;m_VerticalAlignment;m_textAlignment;m_characterSpacing;m_wordSpacing;m_lineSpacing;m_lineSpacingMax;m_paragraphSpacing;m_charWidthMaxAdj;m_enableWordWrapping;m_wordWrappingRatios;m_overflowMode;m_linkedTextComponent;parentLinkedComponent;m_enableKerning;m_enableExtraPadding;checkPaddingRequired;m_isRichText;m_parseCtrlCharacters;m_isOrthographic;m_isCullingEnabled;m_horizontalMapping;m_verticalMapping;m_uvLineOffset;m_geometrySortingOrder;m_IsTextObjectScaleStatic;m_VertexBufferAutoSizeReduction;m_useMaxVisibleDescender;m_pageToDisplay;m_margin;m_isUsingLegacyAnimationComponent;m_isVolumetricText;m_hasFontAssetChanged;m_baseMaterial;m_maskOffset","Preserve GUID/type until explicit component mapping is approved","Preserve original .cs.meta when possible; use MovedFrom/FormerlySerializedAs or an exact-field compatibility shim; Missing Script prohibited","Resolved"
"Assets/_Game/Scenes/Boot.unity","Scene","Code","f4688fdb7df04437aeb418b961361dc5","TextMeshProUGUI","Library/PackageCache/com.unity.textmeshpro@3.0.6/Scripts/Runtime/TextMeshProUGUI.cs","m_Material;m_Color;m_RaycastTarget;m_RaycastPadding;m_Maskable;m_OnCullStateChanged;m_text;m_isRightToLeft;m_fontAsset;m_sharedMaterial;m_fontSharedMaterials;m_fontMaterial;m_fontMaterials;m_fontColor32;m_fontColor;m_enableVertexGradient;m_colorMode;m_fontColorGradient;m_fontColorGradientPreset;m_spriteAsset;m_tintAllSprites;m_StyleSheet;m_TextStyleHashCode;m_overrideHtmlColors;m_faceColor;m_fontSize;m_fontSizeBase;m_fontWeight;m_enableAutoSizing;m_fontSizeMin;m_fontSizeMax;m_fontStyle;m_HorizontalAlignment;m_VerticalAlignment;m_textAlignment;m_characterSpacing;m_wordSpacing;m_lineSpacing;m_lineSpacingMax;m_paragraphSpacing;m_charWidthMaxAdj;m_enableWordWrapping;m_wordWrappingRatios;m_overflowMode;m_linkedTextComponent;parentLinkedComponent;m_enableKerning;m_enableExtraPadding;checkPaddingRequired;m_isRichText;m_parseCtrlCharacters;m_isOrthographic;m_isCullingEnabled;m_horizontalMapping;m_verticalMapping;m_uvLineOffset;m_geometrySortingOrder;m_IsTextObjectScaleStatic;m_VertexBufferAutoSizeReduction;m_useMaxVisibleDescender;m_pageToDisplay;m_margin;m_isUsingLegacyAnimationComponent;m_isVolumetricText;m_hasFontAssetChanged;m_baseMaterial;m_maskOffset","Preserve GUID/type until explicit component mapping is approved","Preserve original .cs.meta when possible; use MovedFrom/FormerlySerializedAs or an exact-field compatibility shim; Missing Script prohibited","Resolved"
"Assets/_Game/Scenes/Boot.unity","Scene","Code","f4688fdb7df04437aeb418b961361dc5","TextMeshProUGUI","Library/PackageCache/com.unity.textmeshpro@3.0.6/Scripts/Runtime/TextMeshProUGUI.cs","m_Material;m_Color;m_RaycastTarget;m_RaycastPadding;m_Maskable;m_OnCullStateChanged;m_text;m_isRightToLeft;m_fontAsset;m_sharedMaterial;m_fontSharedMaterials;m_fontMaterial;m_fontMaterials;m_fontColor32;m_fontColor;m_enableVertexGradient;m_colorMode;m_fontColorGradient;m_fontColorGradientPreset;m_spriteAsset;m_tintAllSprites;m_StyleSheet;m_TextStyleHashCode;m_overrideHtmlColors;m_faceColor;m_fontSize;m_fontSizeBase;m_fontWeight;m_enableAutoSizing;m_fontSizeMin;m_fontSizeMax;m_fontStyle;m_HorizontalAlignment;m_VerticalAlignment;m_textAlignment;m_characterSpacing;m_wordSpacing;m_lineSpacing;m_lineSpacingMax;m_paragraphSpacing;m_charWidthMaxAdj;m_enableWordWrapping;m_wordWrappingRatios;m_overflowMode;m_linkedTextComponent;parentLinkedComponent;m_enableKerning;m_enableExtraPadding;checkPaddingRequired;m_isRichText;m_parseCtrlCharacters;m_isOrthographic;m_isCullingEnabled;m_horizontalMapping;m_verticalMapping;m_uvLineOffset;m_geometrySortingOrder;m_IsTextObjectScaleStatic;m_VertexBufferAutoSizeReduction;m_useMaxVisibleDescender;m_pageToDisplay;m_margin;m_isUsingLegacyAnimationComponent;m_isVolumetricText;m_hasFontAssetChanged;m_baseMaterial;m_maskOffset","Preserve GUID/type until explicit component mapping is approved","Preserve original .cs.meta when possible; use MovedFrom/FormerlySerializedAs or an exact-field compatibility shim; Missing Script prohibited","Resolved"
"Assets/_Game/Scenes/Boot.unity","Scene","Code","f4688fdb7df04437aeb418b961361dc5","TextMeshProUGUI","Library/PackageCache/com.unity.textmeshpro@3.0.6/Scripts/Runtime/TextMeshProUGUI.cs","m_Material;m_Color;m_RaycastTarget;m_RaycastPadding;m_Maskable;m_OnCullStateChanged;m_text;m_isRightToLeft;m_fontAsset;m_sharedMaterial;m_fontSharedMaterials;m_fontMaterial;m_fontMaterials;m_fontColor32;m_fontColor;m_enableVertexGradient;m_colorMode;m_fontColorGradient;m_fontColorGradientPreset;m_spriteAsset;m_tintAllSprites;m_StyleSheet;m_TextStyleHashCode;m_overrideHtmlColors;m_faceColor;m_fontSize;m_fontSizeBase;m_fontWeight;m_enableAutoSizing;m_fontSizeMin;m_fontSizeMax;m_fontStyle;m_HorizontalAlignment;m_VerticalAlignment;m_textAlignment;m_characterSpacing;m_wordSpacing;m_lineSpacing;m_lineSpacingMax;m_paragraphSpacing;m_charWidthMaxAdj;m_enableWordWrapping;m_wordWrappingRatios;m_overflowMode;m_linkedTextComponent;parentLinkedComponent;m_enableKerning;m_enableExtraPadding;checkPaddingRequired;m_isRichText;m_parseCtrlCharacters;m_isOrthographic;m_isCullingEnabled;m_horizontalMapping;m_verticalMapping;m_uvLineOffset;m_geometrySortingOrder;m_IsTextObjectScaleStatic;m_VertexBufferAutoSizeReduction;m_useMaxVisibleDescender;m_pageToDisplay;m_margin;m_isUsingLegacyAnimationComponent;m_isVolumetricText;m_hasFontAssetChanged;m_baseMaterial;m_maskOffset","Preserve GUID/type until explicit component mapping is approved","Preserve original .cs.meta when possible; use MovedFrom/FormerlySerializedAs or an exact-field compatibility shim; Missing Script prohibited","Resolved"
"Assets/_Game/Scenes/Boot.unity","Scene","Code","f4688fdb7df04437aeb418b961361dc5","TextMeshProUGUI","Library/PackageCache/com.unity.textmeshpro@3.0.6/Scripts/Runtime/TextMeshProUGUI.cs","m_Material;m_Color;m_RaycastTarget;m_RaycastPadding;m_Maskable;m_OnCullStateChanged;m_text;m_isRightToLeft;m_fontAsset;m_sharedMaterial;m_fontSharedMaterials;m_fontMaterial;m_fontMaterials;m_fontColor32;m_fontColor;m_enableVertexGradient;m_colorMode;m_fontColorGradient;m_fontColorGradientPreset;m_spriteAsset;m_tintAllSprites;m_StyleSheet;m_TextStyleHashCode;m_overrideHtmlColors;m_faceColor;m_fontSize;m_fontSizeBase;m_fontWeight;m_enableAutoSizing;m_fontSizeMin;m_fontSizeMax;m_fontStyle;m_HorizontalAlignment;m_VerticalAlignment;m_textAlignment;m_characterSpacing;m_wordSpacing;m_lineSpacing;m_lineSpacingMax;m_paragraphSpacing;m_charWidthMaxAdj;m_enableWordWrapping;m_wordWrappingRatios;m_overflowMode;m_linkedTextComponent;parentLinkedComponent;m_enableKerning;m_enableExtraPadding;checkPaddingRequired;m_isRichText;m_parseCtrlCharacters;m_isOrthographic;m_isCullingEnabled;m_horizontalMapping;m_verticalMapping;m_uvLineOffset;m_geometrySortingOrder;m_IsTextObjectScaleStatic;m_VertexBufferAutoSizeReduction;m_useMaxVisibleDescender;m_pageToDisplay;m_margin;m_isUsingLegacyAnimationComponent;m_isVolumetricText;m_hasFontAssetChanged;m_baseMaterial;m_maskOffset","Preserve GUID/type until explicit component mapping is approved","Preserve original .cs.meta when possible; use MovedFrom/FormerlySerializedAs or an exact-field compatibility shim; Missing Script prohibited","Resolved"
"Assets/_Game/Scenes/Boot.unity","Scene","Code","f4688fdb7df04437aeb418b961361dc5","TextMeshProUGUI","Library/PackageCache/com.unity.textmeshpro@3.0.6/Scripts/Runtime/TextMeshProUGUI.cs","m_Material;m_Color;m_RaycastTarget;m_RaycastPadding;m_Maskable;m_OnCullStateChanged;m_text;m_isRightToLeft;m_fontAsset;m_sharedMaterial;m_fontSharedMaterials;m_fontMaterial;m_fontMaterials;m_fontColor32;m_fontColor;m_enableVertexGradient;m_colorMode;m_fontColorGradient;m_fontColorGradientPreset;m_spriteAsset;m_tintAllSprites;m_StyleSheet;m_TextStyleHashCode;m_overrideHtmlColors;m_faceColor;m_fontSize;m_fontSizeBase;m_fontWeight;m_enableAutoSizing;m_fontSizeMin;m_fontSizeMax;m_fontStyle;m_HorizontalAlignment;m_VerticalAlignment;m_textAlignment;m_characterSpacing;m_wordSpacing;m_lineSpacing;m_lineSpacingMax;m_paragraphSpacing;m_charWidthMaxAdj;m_enableWordWrapping;m_wordWrappingRatios;m_overflowMode;m_linkedTextComponent;parentLinkedComponent;m_enableKerning;m_enableExtraPadding;checkPaddingRequired;m_isRichText;m_parseCtrlCharacters;m_isOrthographic;m_isCullingEnabled;m_horizontalMapping;m_verticalMapping;m_uvLineOffset;m_geometrySortingOrder;m_IsTextObjectScaleStatic;m_VertexBufferAutoSizeReduction;m_useMaxVisibleDescender;m_pageToDisplay;m_margin;m_isUsingLegacyAnimationComponent;m_isVolumetricText;m_hasFontAssetChanged;m_baseMaterial;m_maskOffset","Preserve GUID/type until explicit component mapping is approved","Preserve original .cs.meta when possible; use MovedFrom/FormerlySerializedAs or an exact-field compatibility shim; Missing Script prohibited","Resolved"
"Assets/_Game/Scenes/Boot.unity","Scene","Code","f4688fdb7df04437aeb418b961361dc5","TextMeshProUGUI","Library/PackageCache/com.unity.textmeshpro@3.0.6/Scripts/Runtime/TextMeshProUGUI.cs","m_Material;m_Color;m_RaycastTarget;m_RaycastPadding;m_Maskable;m_OnCullStateChanged;m_text;m_isRightToLeft;m_fontAsset;m_sharedMaterial;m_fontSharedMaterials;m_fontMaterial;m_fontMaterials;m_fontColor32;m_fontColor;m_enableVertexGradient;m_colorMode;m_fontColorGradient;m_fontColorGradientPreset;m_spriteAsset;m_tintAllSprites;m_StyleSheet;m_TextStyleHashCode;m_overrideHtmlColors;m_faceColor;m_fontSize;m_fontSizeBase;m_fontWeight;m_enableAutoSizing;m_fontSizeMin;m_fontSizeMax;m_fontStyle;m_HorizontalAlignment;m_VerticalAlignment;m_textAlignment;m_characterSpacing;m_wordSpacing;m_lineSpacing;m_lineSpacingMax;m_paragraphSpacing;m_charWidthMaxAdj;m_enableWordWrapping;m_wordWrappingRatios;m_overflowMode;m_linkedTextComponent;parentLinkedComponent;m_enableKerning;m_enableExtraPadding;checkPaddingRequired;m_isRichText;m_parseCtrlCharacters;m_isOrthographic;m_isCullingEnabled;m_horizontalMapping;m_verticalMapping;m_uvLineOffset;m_geometrySortingOrder;m_IsTextObjectScaleStatic;m_VertexBufferAutoSizeReduction;m_useMaxVisibleDescender;m_pageToDisplay;m_margin;m_isUsingLegacyAnimationComponent;m_isVolumetricText;m_hasFontAssetChanged;m_baseMaterial;m_maskOffset","Preserve GUID/type until explicit component mapping is approved","Preserve original .cs.meta when possible; use MovedFrom/FormerlySerializedAs or an exact-field compatibility shim; Missing Script prohibited","Resolved"
"Assets/_Game/Scenes/Boot.unity","Scene","Code","f4688fdb7df04437aeb418b961361dc5","TextMeshProUGUI","Library/PackageCache/com.unity.textmeshpro@3.0.6/Scripts/Runtime/TextMeshProUGUI.cs","m_Material;m_Color;m_RaycastTarget;m_RaycastPadding;m_Maskable;m_OnCullStateChanged;m_text;m_isRightToLeft;m_fontAsset;m_sharedMaterial;m_fontSharedMaterials;m_fontMaterial;m_fontMaterials;m_fontColor32;m_fontColor;m_enableVertexGradient;m_colorMode;m_fontColorGradient;m_fontColorGradientPreset;m_spriteAsset;m_tintAllSprites;m_StyleSheet;m_TextStyleHashCode;m_overrideHtmlColors;m_faceColor;m_fontSize;m_fontSizeBase;m_fontWeight;m_enableAutoSizing;m_fontSizeMin;m_fontSizeMax;m_fontStyle;m_HorizontalAlignment;m_VerticalAlignment;m_textAlignment;m_characterSpacing;m_wordSpacing;m_lineSpacing;m_lineSpacingMax;m_paragraphSpacing;m_charWidthMaxAdj;m_enableWordWrapping;m_wordWrappingRatios;m_overflowMode;m_linkedTextComponent;parentLinkedComponent;m_enableKerning;m_enableExtraPadding;checkPaddingRequired;m_isRichText;m_parseCtrlCharacters;m_isOrthographic;m_isCullingEnabled;m_horizontalMapping;m_verticalMapping;m_uvLineOffset;m_geometrySortingOrder;m_IsTextObjectScaleStatic;m_VertexBufferAutoSizeReduction;m_useMaxVisibleDescender;m_pageToDisplay;m_margin;m_isUsingLegacyAnimationComponent;m_isVolumetricText;m_hasFontAssetChanged;m_baseMaterial;m_maskOffset","Preserve GUID/type until explicit component mapping is approved","Preserve original .cs.meta when possible; use MovedFrom/FormerlySerializedAs or an exact-field compatibility shim; Missing Script prohibited","Resolved"
"Assets/_Game/Scenes/Boot.unity","Scene","Code","f4688fdb7df04437aeb418b961361dc5","TextMeshProUGUI","Library/PackageCache/com.unity.textmeshpro@3.0.6/Scripts/Runtime/TextMeshProUGUI.cs","m_Material;m_Color;m_RaycastTarget;m_RaycastPadding;m_Maskable;m_OnCullStateChanged;m_text;m_isRightToLeft;m_fontAsset;m_sharedMaterial;m_fontSharedMaterials;m_fontMaterial;m_fontMaterials;m_fontColor32;m_fontColor;m_enableVertexGradient;m_colorMode;m_fontColorGradient;m_fontColorGradientPreset;m_spriteAsset;m_tintAllSprites;m_StyleSheet;m_TextStyleHashCode;m_overrideHtmlColors;m_faceColor;m_fontSize;m_fontSizeBase;m_fontWeight;m_enableAutoSizing;m_fontSizeMin;m_fontSizeMax;m_fontStyle;m_HorizontalAlignment;m_VerticalAlignment;m_textAlignment;m_characterSpacing;m_wordSpacing;m_lineSpacing;m_lineSpacingMax;m_paragraphSpacing;m_charWidthMaxAdj;m_enableWordWrapping;m_wordWrappingRatios;m_overflowMode;m_linkedTextComponent;parentLinkedComponent;m_enableKerning;m_enableExtraPadding;checkPaddingRequired;m_isRichText;m_parseCtrlCharacters;m_isOrthographic;m_isCullingEnabled;m_horizontalMapping;m_verticalMapping;m_uvLineOffset;m_geometrySortingOrder;m_IsTextObjectScaleStatic;m_VertexBufferAutoSizeReduction;m_useMaxVisibleDescender;m_pageToDisplay;m_margin;m_isUsingLegacyAnimationComponent;m_isVolumetricText;m_hasFontAssetChanged;m_baseMaterial;m_maskOffset","Preserve GUID/type until explicit component mapping is approved","Preserve original .cs.meta when possible; use MovedFrom/FormerlySerializedAs or an exact-field compatibility shim; Missing Script prohibited","Resolved"
"Assets/_Game/Scenes/Boot.unity","Scene","Code","f4688fdb7df04437aeb418b961361dc5","TextMeshProUGUI","Library/PackageCache/com.unity.textmeshpro@3.0.6/Scripts/Runtime/TextMeshProUGUI.cs","m_Material;m_Color;m_RaycastTarget;m_RaycastPadding;m_Maskable;m_OnCullStateChanged;m_text;m_isRightToLeft;m_fontAsset;m_sharedMaterial;m_fontSharedMaterials;m_fontMaterial;m_fontMaterials;m_fontColor32;m_fontColor;m_enableVertexGradient;m_colorMode;m_fontColorGradient;m_fontColorGradientPreset;m_spriteAsset;m_tintAllSprites;m_StyleSheet;m_TextStyleHashCode;m_overrideHtmlColors;m_faceColor;m_fontSize;m_fontSizeBase;m_fontWeight;m_enableAutoSizing;m_fontSizeMin;m_fontSizeMax;m_fontStyle;m_HorizontalAlignment;m_VerticalAlignment;m_textAlignment;m_characterSpacing;m_wordSpacing;m_lineSpacing;m_lineSpacingMax;m_paragraphSpacing;m_charWidthMaxAdj;m_enableWordWrapping;m_wordWrappingRatios;m_overflowMode;m_linkedTextComponent;parentLinkedComponent;m_enableKerning;m_enableExtraPadding;checkPaddingRequired;m_isRichText;m_parseCtrlCharacters;m_isOrthographic;m_isCullingEnabled;m_horizontalMapping;m_verticalMapping;m_uvLineOffset;m_geometrySortingOrder;m_IsTextObjectScaleStatic;m_VertexBufferAutoSizeReduction;m_useMaxVisibleDescender;m_pageToDisplay;m_margin;m_isUsingLegacyAnimationComponent;m_isVolumetricText;m_hasFontAssetChanged;m_baseMaterial;m_maskOffset","Preserve GUID/type until explicit component mapping is approved","Preserve original .cs.meta when possible; use MovedFrom/FormerlySerializedAs or an exact-field compatibility shim; Missing Script prohibited","Resolved"
"Assets/_Game/Scenes/Boot.unity","Scene","Code","f4688fdb7df04437aeb418b961361dc5","TextMeshProUGUI","Library/PackageCache/com.unity.textmeshpro@3.0.6/Scripts/Runtime/TextMeshProUGUI.cs","m_Material;m_Color;m_RaycastTarget;m_RaycastPadding;m_Maskable;m_OnCullStateChanged;m_text;m_isRightToLeft;m_fontAsset;m_sharedMaterial;m_fontSharedMaterials;m_fontMaterial;m_fontMaterials;m_fontColor32;m_fontColor;m_enableVertexGradient;m_colorMode;m_fontColorGradient;m_fontColorGradientPreset;m_spriteAsset;m_tintAllSprites;m_StyleSheet;m_TextStyleHashCode;m_overrideHtmlColors;m_faceColor;m_fontSize;m_fontSizeBase;m_fontWeight;m_enableAutoSizing;m_fontSizeMin;m_fontSizeMax;m_fontStyle;m_HorizontalAlignment;m_VerticalAlignment;m_textAlignment;m_characterSpacing;m_wordSpacing;m_lineSpacing;m_lineSpacingMax;m_paragraphSpacing;m_charWidthMaxAdj;m_enableWordWrapping;m_wordWrappingRatios;m_overflowMode;m_linkedTextComponent;parentLinkedComponent;m_enableKerning;m_enableExtraPadding;checkPaddingRequired;m_isRichText;m_parseCtrlCharacters;m_isOrthographic;m_isCullingEnabled;m_horizontalMapping;m_verticalMapping;m_uvLineOffset;m_geometrySortingOrder;m_IsTextObjectScaleStatic;m_VertexBufferAutoSizeReduction;m_useMaxVisibleDescender;m_pageToDisplay;m_margin;m_isUsingLegacyAnimationComponent;m_isVolumetricText;m_hasFontAssetChanged;m_baseMaterial;m_maskOffset","Preserve GUID/type until explicit component mapping is approved","Preserve original .cs.meta when possible; use MovedFrom/FormerlySerializedAs or an exact-field compatibility shim; Missing Script prohibited","Resolved"
"Assets/_Game/Scenes/Boot.unity","Scene","Code","f4688fdb7df04437aeb418b961361dc5","TextMeshProUGUI","Library/PackageCache/com.unity.textmeshpro@3.0.6/Scripts/Runtime/TextMeshProUGUI.cs","m_Material;m_Color;m_RaycastTarget;m_RaycastPadding;m_Maskable;m_OnCullStateChanged;m_text;m_isRightToLeft;m_fontAsset;m_sharedMaterial;m_fontSharedMaterials;m_fontMaterial;m_fontMaterials;m_fontColor32;m_fontColor;m_enableVertexGradient;m_colorMode;m_fontColorGradient;m_fontColorGradientPreset;m_spriteAsset;m_tintAllSprites;m_StyleSheet;m_TextStyleHashCode;m_overrideHtmlColors;m_faceColor;m_fontSize;m_fontSizeBase;m_fontWeight;m_enableAutoSizing;m_fontSizeMin;m_fontSizeMax;m_fontStyle;m_HorizontalAlignment;m_VerticalAlignment;m_textAlignment;m_characterSpacing;m_wordSpacing;m_lineSpacing;m_lineSpacingMax;m_paragraphSpacing;m_charWidthMaxAdj;m_enableWordWrapping;m_wordWrappingRatios;m_overflowMode;m_linkedTextComponent;parentLinkedComponent;m_enableKerning;m_enableExtraPadding;checkPaddingRequired;m_isRichText;m_parseCtrlCharacters;m_isOrthographic;m_isCullingEnabled;m_horizontalMapping;m_verticalMapping;m_uvLineOffset;m_geometrySortingOrder;m_IsTextObjectScaleStatic;m_VertexBufferAutoSizeReduction;m_useMaxVisibleDescender;m_pageToDisplay;m_margin;m_isUsingLegacyAnimationComponent;m_isVolumetricText;m_hasFontAssetChanged;m_baseMaterial;m_maskOffset","Preserve GUID/type until explicit component mapping is approved","Preserve original .cs.meta when possible; use MovedFrom/FormerlySerializedAs or an exact-field compatibility shim; Missing Script prohibited","Resolved"
"Assets/_Game/Scenes/Boot.unity","Scene","Code","f4688fdb7df04437aeb418b961361dc5","TextMeshProUGUI","Library/PackageCache/com.unity.textmeshpro@3.0.6/Scripts/Runtime/TextMeshProUGUI.cs","m_Material;m_Color;m_RaycastTarget;m_RaycastPadding;m_Maskable;m_OnCullStateChanged;m_text;m_isRightToLeft;m_fontAsset;m_sharedMaterial;m_fontSharedMaterials;m_fontMaterial;m_fontMaterials;m_fontColor32;m_fontColor;m_enableVertexGradient;m_colorMode;m_fontColorGradient;m_fontColorGradientPreset;m_spriteAsset;m_tintAllSprites;m_StyleSheet;m_TextStyleHashCode;m_overrideHtmlColors;m_faceColor;m_fontSize;m_fontSizeBase;m_fontWeight;m_enableAutoSizing;m_fontSizeMin;m_fontSizeMax;m_fontStyle;m_HorizontalAlignment;m_VerticalAlignment;m_textAlignment;m_characterSpacing;m_wordSpacing;m_lineSpacing;m_lineSpacingMax;m_paragraphSpacing;m_charWidthMaxAdj;m_enableWordWrapping;m_wordWrappingRatios;m_overflowMode;m_linkedTextComponent;parentLinkedComponent;m_enableKerning;m_enableExtraPadding;checkPaddingRequired;m_isRichText;m_parseCtrlCharacters;m_isOrthographic;m_isCullingEnabled;m_horizontalMapping;m_verticalMapping;m_uvLineOffset;m_geometrySortingOrder;m_IsTextObjectScaleStatic;m_VertexBufferAutoSizeReduction;m_useMaxVisibleDescender;m_pageToDisplay;m_margin;m_isUsingLegacyAnimationComponent;m_isVolumetricText;m_hasFontAssetChanged;m_baseMaterial;m_maskOffset","Preserve GUID/type until explicit component mapping is approved","Preserve original .cs.meta when possible; use MovedFrom/FormerlySerializedAs or an exact-field compatibility shim; Missing Script prohibited","Resolved"
"Assets/_Game/Scenes/Boot.unity","Scene","Code","f4688fdb7df04437aeb418b961361dc5","TextMeshProUGUI","Library/PackageCache/com.unity.textmeshpro@3.0.6/Scripts/Runtime/TextMeshProUGUI.cs","m_Material;m_Color;m_RaycastTarget;m_RaycastPadding;m_Maskable;m_OnCullStateChanged;m_text;m_isRightToLeft;m_fontAsset;m_sharedMaterial;m_fontSharedMaterials;m_fontMaterial;m_fontMaterials;m_fontColor32;m_fontColor;m_enableVertexGradient;m_colorMode;m_fontColorGradient;m_fontColorGradientPreset;m_spriteAsset;m_tintAllSprites;m_StyleSheet;m_TextStyleHashCode;m_overrideHtmlColors;m_faceColor;m_fontSize;m_fontSizeBase;m_fontWeight;m_enableAutoSizing;m_fontSizeMin;m_fontSizeMax;m_fontStyle;m_HorizontalAlignment;m_VerticalAlignment;m_textAlignment;m_characterSpacing;m_wordSpacing;m_lineSpacing;m_lineSpacingMax;m_paragraphSpacing;m_charWidthMaxAdj;m_enableWordWrapping;m_wordWrappingRatios;m_overflowMode;m_linkedTextComponent;parentLinkedComponent;m_enableKerning;m_enableExtraPadding;checkPaddingRequired;m_isRichText;m_parseCtrlCharacters;m_isOrthographic;m_isCullingEnabled;m_horizontalMapping;m_verticalMapping;m_uvLineOffset;m_geometrySortingOrder;m_IsTextObjectScaleStatic;m_VertexBufferAutoSizeReduction;m_useMaxVisibleDescender;m_pageToDisplay;m_margin;m_isUsingLegacyAnimationComponent;m_isVolumetricText;m_hasFontAssetChanged;m_baseMaterial;m_maskOffset","Preserve GUID/type until explicit component mapping is approved","Preserve original .cs.meta when possible; use MovedFrom/FormerlySerializedAs or an exact-field compatibility shim; Missing Script prohibited","Resolved"
"Assets/_Game/Scenes/Boot.unity","Scene","Code","f4688fdb7df04437aeb418b961361dc5","TextMeshProUGUI","Library/PackageCache/com.unity.textmeshpro@3.0.6/Scripts/Runtime/TextMeshProUGUI.cs","m_Material;m_Color;m_RaycastTarget;m_RaycastPadding;m_Maskable;m_OnCullStateChanged;m_text;m_isRightToLeft;m_fontAsset;m_sharedMaterial;m_fontSharedMaterials;m_fontMaterial;m_fontMaterials;m_fontColor32;m_fontColor;m_enableVertexGradient;m_colorMode;m_fontColorGradient;m_fontColorGradientPreset;m_spriteAsset;m_tintAllSprites;m_StyleSheet;m_TextStyleHashCode;m_overrideHtmlColors;m_faceColor;m_fontSize;m_fontSizeBase;m_fontWeight;m_enableAutoSizing;m_fontSizeMin;m_fontSizeMax;m_fontStyle;m_HorizontalAlignment;m_VerticalAlignment;m_textAlignment;m_characterSpacing;m_wordSpacing;m_lineSpacing;m_lineSpacingMax;m_paragraphSpacing;m_charWidthMaxAdj;m_enableWordWrapping;m_wordWrappingRatios;m_overflowMode;m_linkedTextComponent;parentLinkedComponent;m_enableKerning;m_enableExtraPadding;checkPaddingRequired;m_isRichText;m_parseCtrlCharacters;m_isOrthographic;m_isCullingEnabled;m_horizontalMapping;m_verticalMapping;m_uvLineOffset;m_geometrySortingOrder;m_IsTextObjectScaleStatic;m_VertexBufferAutoSizeReduction;m_useMaxVisibleDescender;m_pageToDisplay;m_margin;m_isUsingLegacyAnimationComponent;m_isVolumetricText;m_hasFontAssetChanged;m_baseMaterial;m_maskOffset","Preserve GUID/type until explicit component mapping is approved","Preserve original .cs.meta when possible; use MovedFrom/FormerlySerializedAs or an exact-field compatibility shim; Missing Script prohibited","Resolved"
"Assets/_Game/Scenes/Boot.unity","Scene","Code","f4688fdb7df04437aeb418b961361dc5","TextMeshProUGUI","Library/PackageCache/com.unity.textmeshpro@3.0.6/Scripts/Runtime/TextMeshProUGUI.cs","m_Material;m_Color;m_RaycastTarget;m_RaycastPadding;m_Maskable;m_OnCullStateChanged;m_text;m_isRightToLeft;m_fontAsset;m_sharedMaterial;m_fontSharedMaterials;m_fontMaterial;m_fontMaterials;m_fontColor32;m_fontColor;m_enableVertexGradient;m_colorMode;m_fontColorGradient;m_fontColorGradientPreset;m_spriteAsset;m_tintAllSprites;m_StyleSheet;m_TextStyleHashCode;m_overrideHtmlColors;m_faceColor;m_fontSize;m_fontSizeBase;m_fontWeight;m_enableAutoSizing;m_fontSizeMin;m_fontSizeMax;m_fontStyle;m_HorizontalAlignment;m_VerticalAlignment;m_textAlignment;m_characterSpacing;m_wordSpacing;m_lineSpacing;m_lineSpacingMax;m_paragraphSpacing;m_charWidthMaxAdj;m_enableWordWrapping;m_wordWrappingRatios;m_overflowMode;m_linkedTextComponent;parentLinkedComponent;m_enableKerning;m_enableExtraPadding;checkPaddingRequired;m_isRichText;m_parseCtrlCharacters;m_isOrthographic;m_isCullingEnabled;m_horizontalMapping;m_verticalMapping;m_uvLineOffset;m_geometrySortingOrder;m_IsTextObjectScaleStatic;m_VertexBufferAutoSizeReduction;m_useMaxVisibleDescender;m_pageToDisplay;m_margin;m_isUsingLegacyAnimationComponent;m_isVolumetricText;m_hasFontAssetChanged;m_baseMaterial;m_maskOffset","Preserve GUID/type until explicit component mapping is approved","Preserve original .cs.meta when possible; use MovedFrom/FormerlySerializedAs or an exact-field compatibility shim; Missing Script prohibited","Resolved"
"Assets/_Game/Scenes/Boot.unity","Scene","Code","f4688fdb7df04437aeb418b961361dc5","TextMeshProUGUI","Library/PackageCache/com.unity.textmeshpro@3.0.6/Scripts/Runtime/TextMeshProUGUI.cs","m_Material;m_Color;m_RaycastTarget;m_RaycastPadding;m_Maskable;m_OnCullStateChanged;m_text;m_isRightToLeft;m_fontAsset;m_sharedMaterial;m_fontSharedMaterials;m_fontMaterial;m_fontMaterials;m_fontColor32;m_fontColor;m_enableVertexGradient;m_colorMode;m_fontColorGradient;m_fontColorGradientPreset;m_spriteAsset;m_tintAllSprites;m_StyleSheet;m_TextStyleHashCode;m_overrideHtmlColors;m_faceColor;m_fontSize;m_fontSizeBase;m_fontWeight;m_enableAutoSizing;m_fontSizeMin;m_fontSizeMax;m_fontStyle;m_HorizontalAlignment;m_VerticalAlignment;m_textAlignment;m_characterSpacing;m_wordSpacing;m_lineSpacing;m_lineSpacingMax;m_paragraphSpacing;m_charWidthMaxAdj;m_enableWordWrapping;m_wordWrappingRatios;m_overflowMode;m_linkedTextComponent;parentLinkedComponent;m_enableKerning;m_enableExtraPadding;checkPaddingRequired;m_isRichText;m_parseCtrlCharacters;m_isOrthographic;m_isCullingEnabled;m_horizontalMapping;m_verticalMapping;m_uvLineOffset;m_geometrySortingOrder;m_IsTextObjectScaleStatic;m_VertexBufferAutoSizeReduction;m_useMaxVisibleDescender;m_pageToDisplay;m_margin;m_isUsingLegacyAnimationComponent;m_isVolumetricText;m_hasFontAssetChanged;m_baseMaterial;m_maskOffset","Preserve GUID/type until explicit component mapping is approved","Preserve original .cs.meta when possible; use MovedFrom/FormerlySerializedAs or an exact-field compatibility shim; Missing Script prohibited","Resolved"
"Assets/_Game/Scenes/Boot.unity","Scene","Code","f4688fdb7df04437aeb418b961361dc5","TextMeshProUGUI","Library/PackageCache/com.unity.textmeshpro@3.0.6/Scripts/Runtime/TextMeshProUGUI.cs","m_Material;m_Color;m_RaycastTarget;m_RaycastPadding;m_Maskable;m_OnCullStateChanged;m_text;m_isRightToLeft;m_fontAsset;m_sharedMaterial;m_fontSharedMaterials;m_fontMaterial;m_fontMaterials;m_fontColor32;m_fontColor;m_enableVertexGradient;m_colorMode;m_fontColorGradient;m_fontColorGradientPreset;m_spriteAsset;m_tintAllSprites;m_StyleSheet;m_TextStyleHashCode;m_overrideHtmlColors;m_faceColor;m_fontSize;m_fontSizeBase;m_fontWeight;m_enableAutoSizing;m_fontSizeMin;m_fontSizeMax;m_fontStyle;m_HorizontalAlignment;m_VerticalAlignment;m_textAlignment;m_characterSpacing;m_wordSpacing;m_lineSpacing;m_lineSpacingMax;m_paragraphSpacing;m_charWidthMaxAdj;m_enableWordWrapping;m_wordWrappingRatios;m_overflowMode;m_linkedTextComponent;parentLinkedComponent;m_enableKerning;m_enableExtraPadding;checkPaddingRequired;m_isRichText;m_parseCtrlCharacters;m_isOrthographic;m_isCullingEnabled;m_horizontalMapping;m_verticalMapping;m_uvLineOffset;m_geometrySortingOrder;m_IsTextObjectScaleStatic;m_VertexBufferAutoSizeReduction;m_useMaxVisibleDescender;m_pageToDisplay;m_margin;m_isUsingLegacyAnimationComponent;m_isVolumetricText;m_hasFontAssetChanged;m_baseMaterial;m_maskOffset","Preserve GUID/type until explicit component mapping is approved","Preserve original .cs.meta when possible; use MovedFrom/FormerlySerializedAs or an exact-field compatibility shim; Missing Script prohibited","Resolved"
"Assets/_Game/Scenes/Boot.unity","Scene","Code","f4688fdb7df04437aeb418b961361dc5","TextMeshProUGUI","Library/PackageCache/com.unity.textmeshpro@3.0.6/Scripts/Runtime/TextMeshProUGUI.cs","m_Material;m_Color;m_RaycastTarget;m_RaycastPadding;m_Maskable;m_OnCullStateChanged;m_text;m_isRightToLeft;m_fontAsset;m_sharedMaterial;m_fontSharedMaterials;m_fontMaterial;m_fontMaterials;m_fontColor32;m_fontColor;m_enableVertexGradient;m_colorMode;m_fontColorGradient;m_fontColorGradientPreset;m_spriteAsset;m_tintAllSprites;m_StyleSheet;m_TextStyleHashCode;m_overrideHtmlColors;m_faceColor;m_fontSize;m_fontSizeBase;m_fontWeight;m_enableAutoSizing;m_fontSizeMin;m_fontSizeMax;m_fontStyle;m_HorizontalAlignment;m_VerticalAlignment;m_textAlignment;m_characterSpacing;m_wordSpacing;m_lineSpacing;m_lineSpacingMax;m_paragraphSpacing;m_charWidthMaxAdj;m_enableWordWrapping;m_wordWrappingRatios;m_overflowMode;m_linkedTextComponent;parentLinkedComponent;m_enableKerning;m_enableExtraPadding;checkPaddingRequired;m_isRichText;m_parseCtrlCharacters;m_isOrthographic;m_isCullingEnabled;m_horizontalMapping;m_verticalMapping;m_uvLineOffset;m_geometrySortingOrder;m_IsTextObjectScaleStatic;m_VertexBufferAutoSizeReduction;m_useMaxVisibleDescender;m_pageToDisplay;m_margin;m_isUsingLegacyAnimationComponent;m_isVolumetricText;m_hasFontAssetChanged;m_baseMaterial;m_maskOffset","Preserve GUID/type until explicit component mapping is approved","Preserve original .cs.meta when possible; use MovedFrom/FormerlySerializedAs or an exact-field compatibility shim; Missing Script prohibited","Resolved"
"Assets/_Game/Scenes/Boot.unity","Scene","CompanyWarManager","5444a92cbcc0b4744a17f05e1a7d34e5","CompanyWarManager","Assets/_Game/Scripts/Procedure/CompanyWarManager.cs","_dontDestroyOnLoad","Legacy compatibility entry -> Application bootstrap and flow services","Preserve original .cs.meta when possible; use MovedFrom/FormerlySerializedAs or an exact-field compatibility shim; Missing Script prohibited","Resolved"
"Assets/_Game/Scenes/Boot.unity","Scene","ContinueHint","f4688fdb7df04437aeb418b961361dc5","TextMeshProUGUI","Library/PackageCache/com.unity.textmeshpro@3.0.6/Scripts/Runtime/TextMeshProUGUI.cs","m_Material;m_Color;m_RaycastTarget;m_RaycastPadding;m_Maskable;m_OnCullStateChanged;m_text;m_isRightToLeft;m_fontAsset;m_sharedMaterial;m_fontSharedMaterials;m_fontMaterial;m_fontMaterials;m_fontColor32;m_fontColor;m_enableVertexGradient;m_colorMode;m_fontColorGradient;m_fontColorGradientPreset;m_spriteAsset;m_tintAllSprites;m_StyleSheet;m_TextStyleHashCode;m_overrideHtmlColors;m_faceColor;m_fontSize;m_fontSizeBase;m_fontWeight;m_enableAutoSizing;m_fontSizeMin;m_fontSizeMax;m_fontStyle;m_HorizontalAlignment;m_VerticalAlignment;m_textAlignment;m_characterSpacing;m_wordSpacing;m_lineSpacing;m_lineSpacingMax;m_paragraphSpacing;m_charWidthMaxAdj;m_enableWordWrapping;m_wordWrappingRatios;m_overflowMode;m_linkedTextComponent;parentLinkedComponent;m_enableKerning;m_enableExtraPadding;checkPaddingRequired;m_isRichText;m_parseCtrlCharacters;m_isOrthographic;m_isCullingEnabled;m_horizontalMapping;m_verticalMapping;m_uvLineOffset;m_geometrySortingOrder;m_IsTextObjectScaleStatic;m_VertexBufferAutoSizeReduction;m_useMaxVisibleDescender;m_pageToDisplay;m_margin;m_isUsingLegacyAnimationComponent;m_isVolumetricText;m_hasFontAssetChanged;m_baseMaterial;m_maskOffset","Preserve GUID/type until explicit component mapping is approved","Preserve original .cs.meta when possible; use MovedFrom/FormerlySerializedAs or an exact-field compatibility shim; Missing Script prohibited","Resolved"
"Assets/_Game/Scenes/Boot.unity","Scene","Date","f4688fdb7df04437aeb418b961361dc5","TextMeshProUGUI","Library/PackageCache/com.unity.textmeshpro@3.0.6/Scripts/Runtime/TextMeshProUGUI.cs","m_Material;m_Color;m_RaycastTarget;m_RaycastPadding;m_Maskable;m_OnCullStateChanged;m_text;m_isRightToLeft;m_fontAsset;m_sharedMaterial;m_fontSharedMaterials;m_fontMaterial;m_fontMaterials;m_fontColor32;m_fontColor;m_enableVertexGradient;m_colorMode;m_fontColorGradient;m_fontColorGradientPreset;m_spriteAsset;m_tintAllSprites;m_StyleSheet;m_TextStyleHashCode;m_overrideHtmlColors;m_faceColor;m_fontSize;m_fontSizeBase;m_fontWeight;m_enableAutoSizing;m_fontSizeMin;m_fontSizeMax;m_fontStyle;m_HorizontalAlignment;m_VerticalAlignment;m_textAlignment;m_characterSpacing;m_wordSpacing;m_lineSpacing;m_lineSpacingMax;m_paragraphSpacing;m_charWidthMaxAdj;m_enableWordWrapping;m_wordWrappingRatios;m_overflowMode;m_linkedTextComponent;parentLinkedComponent;m_enableKerning;m_enableExtraPadding;checkPaddingRequired;m_isRichText;m_parseCtrlCharacters;m_isOrthographic;m_isCullingEnabled;m_horizontalMapping;m_verticalMapping;m_uvLineOffset;m_geometrySortingOrder;m_IsTextObjectScaleStatic;m_VertexBufferAutoSizeReduction;m_useMaxVisibleDescender;m_pageToDisplay;m_margin;m_isUsingLegacyAnimationComponent;m_isVolumetricText;m_hasFontAssetChanged;m_baseMaterial;m_maskOffset","Preserve GUID/type until explicit component mapping is approved","Preserve original .cs.meta when possible; use MovedFrom/FormerlySerializedAs or an exact-field compatibility shim; Missing Script prohibited","Resolved"
"Assets/_Game/Scenes/Boot.unity","Scene","Date","f4688fdb7df04437aeb418b961361dc5","TextMeshProUGUI","Library/PackageCache/com.unity.textmeshpro@3.0.6/Scripts/Runtime/TextMeshProUGUI.cs","m_Material;m_Color;m_RaycastTarget;m_RaycastPadding;m_Maskable;m_OnCullStateChanged;m_text;m_isRightToLeft;m_fontAsset;m_sharedMaterial;m_fontSharedMaterials;m_fontMaterial;m_fontMaterials;m_fontColor32;m_fontColor;m_enableVertexGradient;m_colorMode;m_fontColorGradient;m_fontColorGradientPreset;m_spriteAsset;m_tintAllSprites;m_StyleSheet;m_TextStyleHashCode;m_overrideHtmlColors;m_faceColor;m_fontSize;m_fontSizeBase;m_fontWeight;m_enableAutoSizing;m_fontSizeMin;m_fontSizeMax;m_fontStyle;m_HorizontalAlignment;m_VerticalAlignment;m_textAlignment;m_characterSpacing;m_wordSpacing;m_lineSpacing;m_lineSpacingMax;m_paragraphSpacing;m_charWidthMaxAdj;m_enableWordWrapping;m_wordWrappingRatios;m_overflowMode;m_linkedTextComponent;parentLinkedComponent;m_enableKerning;m_enableExtraPadding;checkPaddingRequired;m_isRichText;m_parseCtrlCharacters;m_isOrthographic;m_isCullingEnabled;m_horizontalMapping;m_verticalMapping;m_uvLineOffset;m_geometrySortingOrder;m_IsTextObjectScaleStatic;m_VertexBufferAutoSizeReduction;m_useMaxVisibleDescender;m_pageToDisplay;m_margin;m_isUsingLegacyAnimationComponent;m_isVolumetricText;m_hasFontAssetChanged;m_baseMaterial;m_maskOffset","Preserve GUID/type until explicit component mapping is approved","Preserve original .cs.meta when possible; use MovedFrom/FormerlySerializedAs or an exact-field compatibility shim; Missing Script prohibited","Resolved"
"Assets/_Game/Scenes/Boot.unity","Scene","Description","f4688fdb7df04437aeb418b961361dc5","TextMeshProUGUI","Library/PackageCache/com.unity.textmeshpro@3.0.6/Scripts/Runtime/TextMeshProUGUI.cs","m_Material;m_Color;m_RaycastTarget;m_RaycastPadding;m_Maskable;m_OnCullStateChanged;m_text;m_isRightToLeft;m_fontAsset;m_sharedMaterial;m_fontSharedMaterials;m_fontMaterial;m_fontMaterials;m_fontColor32;m_fontColor;m_enableVertexGradient;m_colorMode;m_fontColorGradient;m_fontColorGradientPreset;m_spriteAsset;m_tintAllSprites;m_StyleSheet;m_TextStyleHashCode;m_overrideHtmlColors;m_faceColor;m_fontSize;m_fontSizeBase;m_fontWeight;m_enableAutoSizing;m_fontSizeMin;m_fontSizeMax;m_fontStyle;m_HorizontalAlignment;m_VerticalAlignment;m_textAlignment;m_characterSpacing;m_wordSpacing;m_lineSpacing;m_lineSpacingMax;m_paragraphSpacing;m_charWidthMaxAdj;m_enableWordWrapping;m_wordWrappingRatios;m_overflowMode;m_linkedTextComponent;parentLinkedComponent;m_enableKerning;m_enableExtraPadding;checkPaddingRequired;m_isRichText;m_parseCtrlCharacters;m_isOrthographic;m_isCullingEnabled;m_horizontalMapping;m_verticalMapping;m_uvLineOffset;m_geometrySortingOrder;m_IsTextObjectScaleStatic;m_VertexBufferAutoSizeReduction;m_useMaxVisibleDescender;m_pageToDisplay;m_margin;m_isUsingLegacyAnimationComponent;m_isVolumetricText;m_hasFontAssetChanged;m_baseMaterial;m_maskOffset","Preserve GUID/type until explicit component mapping is approved","Preserve original .cs.meta when possible; use MovedFrom/FormerlySerializedAs or an exact-field compatibility shim; Missing Script prohibited","Resolved"
"Assets/_Game/Scenes/Boot.unity","Scene","DetailHeaderPanel","fe87c0e1cc204ed48ad3b37840f39efc","Image","Library/PackageCache/com.unity.ugui@1.0.0/Runtime/UI/Core/Image.cs","m_Material;m_Color;m_RaycastTarget;m_RaycastPadding;m_Maskable;m_OnCullStateChanged;m_Sprite;m_Type;m_PreserveAspect;m_FillCenter;m_FillMethod;m_FillAmount;m_FillClockwise;m_FillOrigin;m_UseSpriteMesh;m_PixelsPerUnitMultiplier","Preserve GUID/type until explicit component mapping is approved","Preserve original .cs.meta when possible; use MovedFrom/FormerlySerializedAs or an exact-field compatibility shim; Missing Script prohibited","Resolved"
"Assets/_Game/Scenes/Boot.unity","Scene","DetailHeaderPanel","e19747de3f5aca642ab2be37e372fb86","Outline","Library/PackageCache/com.unity.ugui@1.0.0/Runtime/UI/Core/VertexModifiers/Outline.cs","m_EffectColor;m_EffectDistance;m_UseGraphicAlpha","Preserve GUID/type until explicit component mapping is approved","Preserve original .cs.meta when possible; use MovedFrom/FormerlySerializedAs or an exact-field compatibility shim; Missing Script prohibited","Resolved"
"Assets/_Game/Scenes/Boot.unity","Scene","DetailInfoPanel","fe87c0e1cc204ed48ad3b37840f39efc","Image","Library/PackageCache/com.unity.ugui@1.0.0/Runtime/UI/Core/Image.cs","m_Material;m_Color;m_RaycastTarget;m_RaycastPadding;m_Maskable;m_OnCullStateChanged;m_Sprite;m_Type;m_PreserveAspect;m_FillCenter;m_FillMethod;m_FillAmount;m_FillClockwise;m_FillOrigin;m_UseSpriteMesh;m_PixelsPerUnitMultiplier","Preserve GUID/type until explicit component mapping is approved","Preserve original .cs.meta when possible; use MovedFrom/FormerlySerializedAs or an exact-field compatibility shim; Missing Script prohibited","Resolved"
"Assets/_Game/Scenes/Boot.unity","Scene","DetailInfoPanel","e19747de3f5aca642ab2be37e372fb86","Outline","Library/PackageCache/com.unity.ugui@1.0.0/Runtime/UI/Core/VertexModifiers/Outline.cs","m_EffectColor;m_EffectDistance;m_UseGraphicAlpha","Preserve GUID/type until explicit component mapping is approved","Preserve original .cs.meta when possible; use MovedFrom/FormerlySerializedAs or an exact-field compatibility shim; Missing Script prohibited","Resolved"
"Assets/_Game/Scenes/Boot.unity","Scene","Diamond_0","f4688fdb7df04437aeb418b961361dc5","TextMeshProUGUI","Library/PackageCache/com.unity.textmeshpro@3.0.6/Scripts/Runtime/TextMeshProUGUI.cs","m_Material;m_Color;m_RaycastTarget;m_RaycastPadding;m_Maskable;m_OnCullStateChanged;m_text;m_isRightToLeft;m_fontAsset;m_sharedMaterial;m_fontSharedMaterials;m_fontMaterial;m_fontMaterials;m_fontColor32;m_fontColor;m_enableVertexGradient;m_colorMode;m_fontColorGradient;m_fontColorGradientPreset;m_spriteAsset;m_tintAllSprites;m_StyleSheet;m_TextStyleHashCode;m_overrideHtmlColors;m_faceColor;m_fontSize;m_fontSizeBase;m_fontWeight;m_enableAutoSizing;m_fontSizeMin;m_fontSizeMax;m_fontStyle;m_HorizontalAlignment;m_VerticalAlignment;m_textAlignment;m_characterSpacing;m_wordSpacing;m_lineSpacing;m_lineSpacingMax;m_paragraphSpacing;m_charWidthMaxAdj;m_enableWordWrapping;m_wordWrappingRatios;m_overflowMode;m_linkedTextComponent;parentLinkedComponent;m_enableKerning;m_enableExtraPadding;checkPaddingRequired;m_isRichText;m_parseCtrlCharacters;m_isOrthographic;m_isCullingEnabled;m_horizontalMapping;m_verticalMapping;m_uvLineOffset;m_geometrySortingOrder;m_IsTextObjectScaleStatic;m_VertexBufferAutoSizeReduction;m_useMaxVisibleDescender;m_pageToDisplay;m_margin;m_isUsingLegacyAnimationComponent;m_isVolumetricText;m_hasFontAssetChanged;m_baseMaterial;m_maskOffset","Preserve GUID/type until explicit component mapping is approved","Preserve original .cs.meta when possible; use MovedFrom/FormerlySerializedAs or an exact-field compatibility shim; Missing Script prohibited","Resolved"
"Assets/_Game/Scenes/Boot.unity","Scene","Diamond_1","f4688fdb7df04437aeb418b961361dc5","TextMeshProUGUI","Library/PackageCache/com.unity.textmeshpro@3.0.6/Scripts/Runtime/TextMeshProUGUI.cs","m_Material;m_Color;m_RaycastTarget;m_RaycastPadding;m_Maskable;m_OnCullStateChanged;m_text;m_isRightToLeft;m_fontAsset;m_sharedMaterial;m_fontSharedMaterials;m_fontMaterial;m_fontMaterials;m_fontColor32;m_fontColor;m_enableVertexGradient;m_colorMode;m_fontColorGradient;m_fontColorGradientPreset;m_spriteAsset;m_tintAllSprites;m_StyleSheet;m_TextStyleHashCode;m_overrideHtmlColors;m_faceColor;m_fontSize;m_fontSizeBase;m_fontWeight;m_enableAutoSizing;m_fontSizeMin;m_fontSizeMax;m_fontStyle;m_HorizontalAlignment;m_VerticalAlignment;m_textAlignment;m_characterSpacing;m_wordSpacing;m_lineSpacing;m_lineSpacingMax;m_paragraphSpacing;m_charWidthMaxAdj;m_enableWordWrapping;m_wordWrappingRatios;m_overflowMode;m_linkedTextComponent;parentLinkedComponent;m_enableKerning;m_enableExtraPadding;checkPaddingRequired;m_isRichText;m_parseCtrlCharacters;m_isOrthographic;m_isCullingEnabled;m_horizontalMapping;m_verticalMapping;m_uvLineOffset;m_geometrySortingOrder;m_IsTextObjectScaleStatic;m_VertexBufferAutoSizeReduction;m_useMaxVisibleDescender;m_pageToDisplay;m_margin;m_isUsingLegacyAnimationComponent;m_isVolumetricText;m_hasFontAssetChanged;m_baseMaterial;m_maskOffset","Preserve GUID/type until explicit component mapping is approved","Preserve original .cs.meta when possible; use MovedFrom/FormerlySerializedAs or an exact-field compatibility shim; Missing Script prohibited","Resolved"
"Assets/_Game/Scenes/Boot.unity","Scene","Diamond_10","f4688fdb7df04437aeb418b961361dc5","TextMeshProUGUI","Library/PackageCache/com.unity.textmeshpro@3.0.6/Scripts/Runtime/TextMeshProUGUI.cs","m_Material;m_Color;m_RaycastTarget;m_RaycastPadding;m_Maskable;m_OnCullStateChanged;m_text;m_isRightToLeft;m_fontAsset;m_sharedMaterial;m_fontSharedMaterials;m_fontMaterial;m_fontMaterials;m_fontColor32;m_fontColor;m_enableVertexGradient;m_colorMode;m_fontColorGradient;m_fontColorGradientPreset;m_spriteAsset;m_tintAllSprites;m_StyleSheet;m_TextStyleHashCode;m_overrideHtmlColors;m_faceColor;m_fontSize;m_fontSizeBase;m_fontWeight;m_enableAutoSizing;m_fontSizeMin;m_fontSizeMax;m_fontStyle;m_HorizontalAlignment;m_VerticalAlignment;m_textAlignment;m_characterSpacing;m_wordSpacing;m_lineSpacing;m_lineSpacingMax;m_paragraphSpacing;m_charWidthMaxAdj;m_enableWordWrapping;m_wordWrappingRatios;m_overflowMode;m_linkedTextComponent;parentLinkedComponent;m_enableKerning;m_enableExtraPadding;checkPaddingRequired;m_isRichText;m_parseCtrlCharacters;m_isOrthographic;m_isCullingEnabled;m_horizontalMapping;m_verticalMapping;m_uvLineOffset;m_geometrySortingOrder;m_IsTextObjectScaleStatic;m_VertexBufferAutoSizeReduction;m_useMaxVisibleDescender;m_pageToDisplay;m_margin;m_isUsingLegacyAnimationComponent;m_isVolumetricText;m_hasFontAssetChanged;m_baseMaterial;m_maskOffset","Preserve GUID/type until explicit component mapping is approved","Preserve original .cs.meta when possible; use MovedFrom/FormerlySerializedAs or an exact-field compatibility shim; Missing Script prohibited","Resolved"
"Assets/_Game/Scenes/Boot.unity","Scene","Diamond_11","f4688fdb7df04437aeb418b961361dc5","TextMeshProUGUI","Library/PackageCache/com.unity.textmeshpro@3.0.6/Scripts/Runtime/TextMeshProUGUI.cs","m_Material;m_Color;m_RaycastTarget;m_RaycastPadding;m_Maskable;m_OnCullStateChanged;m_text;m_isRightToLeft;m_fontAsset;m_sharedMaterial;m_fontSharedMaterials;m_fontMaterial;m_fontMaterials;m_fontColor32;m_fontColor;m_enableVertexGradient;m_colorMode;m_fontColorGradient;m_fontColorGradientPreset;m_spriteAsset;m_tintAllSprites;m_StyleSheet;m_TextStyleHashCode;m_overrideHtmlColors;m_faceColor;m_fontSize;m_fontSizeBase;m_fontWeight;m_enableAutoSizing;m_fontSizeMin;m_fontSizeMax;m_fontStyle;m_HorizontalAlignment;m_VerticalAlignment;m_textAlignment;m_characterSpacing;m_wordSpacing;m_lineSpacing;m_lineSpacingMax;m_paragraphSpacing;m_charWidthMaxAdj;m_enableWordWrapping;m_wordWrappingRatios;m_overflowMode;m_linkedTextComponent;parentLinkedComponent;m_enableKerning;m_enableExtraPadding;checkPaddingRequired;m_isRichText;m_parseCtrlCharacters;m_isOrthographic;m_isCullingEnabled;m_horizontalMapping;m_verticalMapping;m_uvLineOffset;m_geometrySortingOrder;m_IsTextObjectScaleStatic;m_VertexBufferAutoSizeReduction;m_useMaxVisibleDescender;m_pageToDisplay;m_margin;m_isUsingLegacyAnimationComponent;m_isVolumetricText;m_hasFontAssetChanged;m_baseMaterial;m_maskOffset","Preserve GUID/type until explicit component mapping is approved","Preserve original .cs.meta when possible; use MovedFrom/FormerlySerializedAs or an exact-field compatibility shim; Missing Script prohibited","Resolved"
"Assets/_Game/Scenes/Boot.unity","Scene","Diamond_12","f4688fdb7df04437aeb418b961361dc5","TextMeshProUGUI","Library/PackageCache/com.unity.textmeshpro@3.0.6/Scripts/Runtime/TextMeshProUGUI.cs","m_Material;m_Color;m_RaycastTarget;m_RaycastPadding;m_Maskable;m_OnCullStateChanged;m_text;m_isRightToLeft;m_fontAsset;m_sharedMaterial;m_fontSharedMaterials;m_fontMaterial;m_fontMaterials;m_fontColor32;m_fontColor;m_enableVertexGradient;m_colorMode;m_fontColorGradient;m_fontColorGradientPreset;m_spriteAsset;m_tintAllSprites;m_StyleSheet;m_TextStyleHashCode;m_overrideHtmlColors;m_faceColor;m_fontSize;m_fontSizeBase;m_fontWeight;m_enableAutoSizing;m_fontSizeMin;m_fontSizeMax;m_fontStyle;m_HorizontalAlignment;m_VerticalAlignment;m_textAlignment;m_characterSpacing;m_wordSpacing;m_lineSpacing;m_lineSpacingMax;m_paragraphSpacing;m_charWidthMaxAdj;m_enableWordWrapping;m_wordWrappingRatios;m_overflowMode;m_linkedTextComponent;parentLinkedComponent;m_enableKerning;m_enableExtraPadding;checkPaddingRequired;m_isRichText;m_parseCtrlCharacters;m_isOrthographic;m_isCullingEnabled;m_horizontalMapping;m_verticalMapping;m_uvLineOffset;m_geometrySortingOrder;m_IsTextObjectScaleStatic;m_VertexBufferAutoSizeReduction;m_useMaxVisibleDescender;m_pageToDisplay;m_margin;m_isUsingLegacyAnimationComponent;m_isVolumetricText;m_hasFontAssetChanged;m_baseMaterial;m_maskOffset","Preserve GUID/type until explicit component mapping is approved","Preserve original .cs.meta when possible; use MovedFrom/FormerlySerializedAs or an exact-field compatibility shim; Missing Script prohibited","Resolved"
"Assets/_Game/Scenes/Boot.unity","Scene","Diamond_13","f4688fdb7df04437aeb418b961361dc5","TextMeshProUGUI","Library/PackageCache/com.unity.textmeshpro@3.0.6/Scripts/Runtime/TextMeshProUGUI.cs","m_Material;m_Color;m_RaycastTarget;m_RaycastPadding;m_Maskable;m_OnCullStateChanged;m_text;m_isRightToLeft;m_fontAsset;m_sharedMaterial;m_fontSharedMaterials;m_fontMaterial;m_fontMaterials;m_fontColor32;m_fontColor;m_enableVertexGradient;m_colorMode;m_fontColorGradient;m_fontColorGradientPreset;m_spriteAsset;m_tintAllSprites;m_StyleSheet;m_TextStyleHashCode;m_overrideHtmlColors;m_faceColor;m_fontSize;m_fontSizeBase;m_fontWeight;m_enableAutoSizing;m_fontSizeMin;m_fontSizeMax;m_fontStyle;m_HorizontalAlignment;m_VerticalAlignment;m_textAlignment;m_characterSpacing;m_wordSpacing;m_lineSpacing;m_lineSpacingMax;m_paragraphSpacing;m_charWidthMaxAdj;m_enableWordWrapping;m_wordWrappingRatios;m_overflowMode;m_linkedTextComponent;parentLinkedComponent;m_enableKerning;m_enableExtraPadding;checkPaddingRequired;m_isRichText;m_parseCtrlCharacters;m_isOrthographic;m_isCullingEnabled;m_horizontalMapping;m_verticalMapping;m_uvLineOffset;m_geometrySortingOrder;m_IsTextObjectScaleStatic;m_VertexBufferAutoSizeReduction;m_useMaxVisibleDescender;m_pageToDisplay;m_margin;m_isUsingLegacyAnimationComponent;m_isVolumetricText;m_hasFontAssetChanged;m_baseMaterial;m_maskOffset","Preserve GUID/type until explicit component mapping is approved","Preserve original .cs.meta when possible; use MovedFrom/FormerlySerializedAs or an exact-field compatibility shim; Missing Script prohibited","Resolved"
"Assets/_Game/Scenes/Boot.unity","Scene","Diamond_14","f4688fdb7df04437aeb418b961361dc5","TextMeshProUGUI","Library/PackageCache/com.unity.textmeshpro@3.0.6/Scripts/Runtime/TextMeshProUGUI.cs","m_Material;m_Color;m_RaycastTarget;m_RaycastPadding;m_Maskable;m_OnCullStateChanged;m_text;m_isRightToLeft;m_fontAsset;m_sharedMaterial;m_fontSharedMaterials;m_fontMaterial;m_fontMaterials;m_fontColor32;m_fontColor;m_enableVertexGradient;m_colorMode;m_fontColorGradient;m_fontColorGradientPreset;m_spriteAsset;m_tintAllSprites;m_StyleSheet;m_TextStyleHashCode;m_overrideHtmlColors;m_faceColor;m_fontSize;m_fontSizeBase;m_fontWeight;m_enableAutoSizing;m_fontSizeMin;m_fontSizeMax;m_fontStyle;m_HorizontalAlignment;m_VerticalAlignment;m_textAlignment;m_characterSpacing;m_wordSpacing;m_lineSpacing;m_lineSpacingMax;m_paragraphSpacing;m_charWidthMaxAdj;m_enableWordWrapping;m_wordWrappingRatios;m_overflowMode;m_linkedTextComponent;parentLinkedComponent;m_enableKerning;m_enableExtraPadding;checkPaddingRequired;m_isRichText;m_parseCtrlCharacters;m_isOrthographic;m_isCullingEnabled;m_horizontalMapping;m_verticalMapping;m_uvLineOffset;m_geometrySortingOrder;m_IsTextObjectScaleStatic;m_VertexBufferAutoSizeReduction;m_useMaxVisibleDescender;m_pageToDisplay;m_margin;m_isUsingLegacyAnimationComponent;m_isVolumetricText;m_hasFontAssetChanged;m_baseMaterial;m_maskOffset","Preserve GUID/type until explicit component mapping is approved","Preserve original .cs.meta when possible; use MovedFrom/FormerlySerializedAs or an exact-field compatibility shim; Missing Script prohibited","Resolved"
"Assets/_Game/Scenes/Boot.unity","Scene","Diamond_15","f4688fdb7df04437aeb418b961361dc5","TextMeshProUGUI","Library/PackageCache/com.unity.textmeshpro@3.0.6/Scripts/Runtime/TextMeshProUGUI.cs","m_Material;m_Color;m_RaycastTarget;m_RaycastPadding;m_Maskable;m_OnCullStateChanged;m_text;m_isRightToLeft;m_fontAsset;m_sharedMaterial;m_fontSharedMaterials;m_fontMaterial;m_fontMaterials;m_fontColor32;m_fontColor;m_enableVertexGradient;m_colorMode;m_fontColorGradient;m_fontColorGradientPreset;m_spriteAsset;m_tintAllSprites;m_StyleSheet;m_TextStyleHashCode;m_overrideHtmlColors;m_faceColor;m_fontSize;m_fontSizeBase;m_fontWeight;m_enableAutoSizing;m_fontSizeMin;m_fontSizeMax;m_fontStyle;m_HorizontalAlignment;m_VerticalAlignment;m_textAlignment;m_characterSpacing;m_wordSpacing;m_lineSpacing;m_lineSpacingMax;m_paragraphSpacing;m_charWidthMaxAdj;m_enableWordWrapping;m_wordWrappingRatios;m_overflowMode;m_linkedTextComponent;parentLinkedComponent;m_enableKerning;m_enableExtraPadding;checkPaddingRequired;m_isRichText;m_parseCtrlCharacters;m_isOrthographic;m_isCullingEnabled;m_horizontalMapping;m_verticalMapping;m_uvLineOffset;m_geometrySortingOrder;m_IsTextObjectScaleStatic;m_VertexBufferAutoSizeReduction;m_useMaxVisibleDescender;m_pageToDisplay;m_margin;m_isUsingLegacyAnimationComponent;m_isVolumetricText;m_hasFontAssetChanged;m_baseMaterial;m_maskOffset","Preserve GUID/type until explicit component mapping is approved","Preserve original .cs.meta when possible; use MovedFrom/FormerlySerializedAs or an exact-field compatibility shim; Missing Script prohibited","Resolved"
"Assets/_Game/Scenes/Boot.unity","Scene","Diamond_16","f4688fdb7df04437aeb418b961361dc5","TextMeshProUGUI","Library/PackageCache/com.unity.textmeshpro@3.0.6/Scripts/Runtime/TextMeshProUGUI.cs","m_Material;m_Color;m_RaycastTarget;m_RaycastPadding;m_Maskable;m_OnCullStateChanged;m_text;m_isRightToLeft;m_fontAsset;m_sharedMaterial;m_fontSharedMaterials;m_fontMaterial;m_fontMaterials;m_fontColor32;m_fontColor;m_enableVertexGradient;m_colorMode;m_fontColorGradient;m_fontColorGradientPreset;m_spriteAsset;m_tintAllSprites;m_StyleSheet;m_TextStyleHashCode;m_overrideHtmlColors;m_faceColor;m_fontSize;m_fontSizeBase;m_fontWeight;m_enableAutoSizing;m_fontSizeMin;m_fontSizeMax;m_fontStyle;m_HorizontalAlignment;m_VerticalAlignment;m_textAlignment;m_characterSpacing;m_wordSpacing;m_lineSpacing;m_lineSpacingMax;m_paragraphSpacing;m_charWidthMaxAdj;m_enableWordWrapping;m_wordWrappingRatios;m_overflowMode;m_linkedTextComponent;parentLinkedComponent;m_enableKerning;m_enableExtraPadding;checkPaddingRequired;m_isRichText;m_parseCtrlCharacters;m_isOrthographic;m_isCullingEnabled;m_horizontalMapping;m_verticalMapping;m_uvLineOffset;m_geometrySortingOrder;m_IsTextObjectScaleStatic;m_VertexBufferAutoSizeReduction;m_useMaxVisibleDescender;m_pageToDisplay;m_margin;m_isUsingLegacyAnimationComponent;m_isVolumetricText;m_hasFontAssetChanged;m_baseMaterial;m_maskOffset","Preserve GUID/type until explicit component mapping is approved","Preserve original .cs.meta when possible; use MovedFrom/FormerlySerializedAs or an exact-field compatibility shim; Missing Script prohibited","Resolved"
"Assets/_Game/Scenes/Boot.unity","Scene","Diamond_17","f4688fdb7df04437aeb418b961361dc5","TextMeshProUGUI","Library/PackageCache/com.unity.textmeshpro@3.0.6/Scripts/Runtime/TextMeshProUGUI.cs","m_Material;m_Color;m_RaycastTarget;m_RaycastPadding;m_Maskable;m_OnCullStateChanged;m_text;m_isRightToLeft;m_fontAsset;m_sharedMaterial;m_fontSharedMaterials;m_fontMaterial;m_fontMaterials;m_fontColor32;m_fontColor;m_enableVertexGradient;m_colorMode;m_fontColorGradient;m_fontColorGradientPreset;m_spriteAsset;m_tintAllSprites;m_StyleSheet;m_TextStyleHashCode;m_overrideHtmlColors;m_faceColor;m_fontSize;m_fontSizeBase;m_fontWeight;m_enableAutoSizing;m_fontSizeMin;m_fontSizeMax;m_fontStyle;m_HorizontalAlignment;m_VerticalAlignment;m_textAlignment;m_characterSpacing;m_wordSpacing;m_lineSpacing;m_lineSpacingMax;m_paragraphSpacing;m_charWidthMaxAdj;m_enableWordWrapping;m_wordWrappingRatios;m_overflowMode;m_linkedTextComponent;parentLinkedComponent;m_enableKerning;m_enableExtraPadding;checkPaddingRequired;m_isRichText;m_parseCtrlCharacters;m_isOrthographic;m_isCullingEnabled;m_horizontalMapping;m_verticalMapping;m_uvLineOffset;m_geometrySortingOrder;m_IsTextObjectScaleStatic;m_VertexBufferAutoSizeReduction;m_useMaxVisibleDescender;m_pageToDisplay;m_margin;m_isUsingLegacyAnimationComponent;m_isVolumetricText;m_hasFontAssetChanged;m_baseMaterial;m_maskOffset","Preserve GUID/type until explicit component mapping is approved","Preserve original .cs.meta when possible; use MovedFrom/FormerlySerializedAs or an exact-field compatibility shim; Missing Script prohibited","Resolved"
"Assets/_Game/Scenes/Boot.unity","Scene","Diamond_18","f4688fdb7df04437aeb418b961361dc5","TextMeshProUGUI","Library/PackageCache/com.unity.textmeshpro@3.0.6/Scripts/Runtime/TextMeshProUGUI.cs","m_Material;m_Color;m_RaycastTarget;m_RaycastPadding;m_Maskable;m_OnCullStateChanged;m_text;m_isRightToLeft;m_fontAsset;m_sharedMaterial;m_fontSharedMaterials;m_fontMaterial;m_fontMaterials;m_fontColor32;m_fontColor;m_enableVertexGradient;m_colorMode;m_fontColorGradient;m_fontColorGradientPreset;m_spriteAsset;m_tintAllSprites;m_StyleSheet;m_TextStyleHashCode;m_overrideHtmlColors;m_faceColor;m_fontSize;m_fontSizeBase;m_fontWeight;m_enableAutoSizing;m_fontSizeMin;m_fontSizeMax;m_fontStyle;m_HorizontalAlignment;m_VerticalAlignment;m_textAlignment;m_characterSpacing;m_wordSpacing;m_lineSpacing;m_lineSpacingMax;m_paragraphSpacing;m_charWidthMaxAdj;m_enableWordWrapping;m_wordWrappingRatios;m_overflowMode;m_linkedTextComponent;parentLinkedComponent;m_enableKerning;m_enableExtraPadding;checkPaddingRequired;m_isRichText;m_parseCtrlCharacters;m_isOrthographic;m_isCullingEnabled;m_horizontalMapping;m_verticalMapping;m_uvLineOffset;m_geometrySortingOrder;m_IsTextObjectScaleStatic;m_VertexBufferAutoSizeReduction;m_useMaxVisibleDescender;m_pageToDisplay;m_margin;m_isUsingLegacyAnimationComponent;m_isVolumetricText;m_hasFontAssetChanged;m_baseMaterial;m_maskOffset","Preserve GUID/type until explicit component mapping is approved","Preserve original .cs.meta when possible; use MovedFrom/FormerlySerializedAs or an exact-field compatibility shim; Missing Script prohibited","Resolved"
"Assets/_Game/Scenes/Boot.unity","Scene","Diamond_19","f4688fdb7df04437aeb418b961361dc5","TextMeshProUGUI","Library/PackageCache/com.unity.textmeshpro@3.0.6/Scripts/Runtime/TextMeshProUGUI.cs","m_Material;m_Color;m_RaycastTarget;m_RaycastPadding;m_Maskable;m_OnCullStateChanged;m_text;m_isRightToLeft;m_fontAsset;m_sharedMaterial;m_fontSharedMaterials;m_fontMaterial;m_fontMaterials;m_fontColor32;m_fontColor;m_enableVertexGradient;m_colorMode;m_fontColorGradient;m_fontColorGradientPreset;m_spriteAsset;m_tintAllSprites;m_StyleSheet;m_TextStyleHashCode;m_overrideHtmlColors;m_faceColor;m_fontSize;m_fontSizeBase;m_fontWeight;m_enableAutoSizing;m_fontSizeMin;m_fontSizeMax;m_fontStyle;m_HorizontalAlignment;m_VerticalAlignment;m_textAlignment;m_characterSpacing;m_wordSpacing;m_lineSpacing;m_lineSpacingMax;m_paragraphSpacing;m_charWidthMaxAdj;m_enableWordWrapping;m_wordWrappingRatios;m_overflowMode;m_linkedTextComponent;parentLinkedComponent;m_enableKerning;m_enableExtraPadding;checkPaddingRequired;m_isRichText;m_parseCtrlCharacters;m_isOrthographic;m_isCullingEnabled;m_horizontalMapping;m_verticalMapping;m_uvLineOffset;m_geometrySortingOrder;m_IsTextObjectScaleStatic;m_VertexBufferAutoSizeReduction;m_useMaxVisibleDescender;m_pageToDisplay;m_margin;m_isUsingLegacyAnimationComponent;m_isVolumetricText;m_hasFontAssetChanged;m_baseMaterial;m_maskOffset","Preserve GUID/type until explicit component mapping is approved","Preserve original .cs.meta when possible; use MovedFrom/FormerlySerializedAs or an exact-field compatibility shim; Missing Script prohibited","Resolved"
"Assets/_Game/Scenes/Boot.unity","Scene","Diamond_2","f4688fdb7df04437aeb418b961361dc5","TextMeshProUGUI","Library/PackageCache/com.unity.textmeshpro@3.0.6/Scripts/Runtime/TextMeshProUGUI.cs","m_Material;m_Color;m_RaycastTarget;m_RaycastPadding;m_Maskable;m_OnCullStateChanged;m_text;m_isRightToLeft;m_fontAsset;m_sharedMaterial;m_fontSharedMaterials;m_fontMaterial;m_fontMaterials;m_fontColor32;m_fontColor;m_enableVertexGradient;m_colorMode;m_fontColorGradient;m_fontColorGradientPreset;m_spriteAsset;m_tintAllSprites;m_StyleSheet;m_TextStyleHashCode;m_overrideHtmlColors;m_faceColor;m_fontSize;m_fontSizeBase;m_fontWeight;m_enableAutoSizing;m_fontSizeMin;m_fontSizeMax;m_fontStyle;m_HorizontalAlignment;m_VerticalAlignment;m_textAlignment;m_characterSpacing;m_wordSpacing;m_lineSpacing;m_lineSpacingMax;m_paragraphSpacing;m_charWidthMaxAdj;m_enableWordWrapping;m_wordWrappingRatios;m_overflowMode;m_linkedTextComponent;parentLinkedComponent;m_enableKerning;m_enableExtraPadding;checkPaddingRequired;m_isRichText;m_parseCtrlCharacters;m_isOrthographic;m_isCullingEnabled;m_horizontalMapping;m_verticalMapping;m_uvLineOffset;m_geometrySortingOrder;m_IsTextObjectScaleStatic;m_VertexBufferAutoSizeReduction;m_useMaxVisibleDescender;m_pageToDisplay;m_margin;m_isUsingLegacyAnimationComponent;m_isVolumetricText;m_hasFontAssetChanged;m_baseMaterial;m_maskOffset","Preserve GUID/type until explicit component mapping is approved","Preserve original .cs.meta when possible; use MovedFrom/FormerlySerializedAs or an exact-field compatibility shim; Missing Script prohibited","Resolved"
"Assets/_Game/Scenes/Boot.unity","Scene","Diamond_20","f4688fdb7df04437aeb418b961361dc5","TextMeshProUGUI","Library/PackageCache/com.unity.textmeshpro@3.0.6/Scripts/Runtime/TextMeshProUGUI.cs","m_Material;m_Color;m_RaycastTarget;m_RaycastPadding;m_Maskable;m_OnCullStateChanged;m_text;m_isRightToLeft;m_fontAsset;m_sharedMaterial;m_fontSharedMaterials;m_fontMaterial;m_fontMaterials;m_fontColor32;m_fontColor;m_enableVertexGradient;m_colorMode;m_fontColorGradient;m_fontColorGradientPreset;m_spriteAsset;m_tintAllSprites;m_StyleSheet;m_TextStyleHashCode;m_overrideHtmlColors;m_faceColor;m_fontSize;m_fontSizeBase;m_fontWeight;m_enableAutoSizing;m_fontSizeMin;m_fontSizeMax;m_fontStyle;m_HorizontalAlignment;m_VerticalAlignment;m_textAlignment;m_characterSpacing;m_wordSpacing;m_lineSpacing;m_lineSpacingMax;m_paragraphSpacing;m_charWidthMaxAdj;m_enableWordWrapping;m_wordWrappingRatios;m_overflowMode;m_linkedTextComponent;parentLinkedComponent;m_enableKerning;m_enableExtraPadding;checkPaddingRequired;m_isRichText;m_parseCtrlCharacters;m_isOrthographic;m_isCullingEnabled;m_horizontalMapping;m_verticalMapping;m_uvLineOffset;m_geometrySortingOrder;m_IsTextObjectScaleStatic;m_VertexBufferAutoSizeReduction;m_useMaxVisibleDescender;m_pageToDisplay;m_margin;m_isUsingLegacyAnimationComponent;m_isVolumetricText;m_hasFontAssetChanged;m_baseMaterial;m_maskOffset","Preserve GUID/type until explicit component mapping is approved","Preserve original .cs.meta when possible; use MovedFrom/FormerlySerializedAs or an exact-field compatibility shim; Missing Script prohibited","Resolved"
"Assets/_Game/Scenes/Boot.unity","Scene","Diamond_3","f4688fdb7df04437aeb418b961361dc5","TextMeshProUGUI","Library/PackageCache/com.unity.textmeshpro@3.0.6/Scripts/Runtime/TextMeshProUGUI.cs","m_Material;m_Color;m_RaycastTarget;m_RaycastPadding;m_Maskable;m_OnCullStateChanged;m_text;m_isRightToLeft;m_fontAsset;m_sharedMaterial;m_fontSharedMaterials;m_fontMaterial;m_fontMaterials;m_fontColor32;m_fontColor;m_enableVertexGradient;m_colorMode;m_fontColorGradient;m_fontColorGradientPreset;m_spriteAsset;m_tintAllSprites;m_StyleSheet;m_TextStyleHashCode;m_overrideHtmlColors;m_faceColor;m_fontSize;m_fontSizeBase;m_fontWeight;m_enableAutoSizing;m_fontSizeMin;m_fontSizeMax;m_fontStyle;m_HorizontalAlignment;m_VerticalAlignment;m_textAlignment;m_characterSpacing;m_wordSpacing;m_lineSpacing;m_lineSpacingMax;m_paragraphSpacing;m_charWidthMaxAdj;m_enableWordWrapping;m_wordWrappingRatios;m_overflowMode;m_linkedTextComponent;parentLinkedComponent;m_enableKerning;m_enableExtraPadding;checkPaddingRequired;m_isRichText;m_parseCtrlCharacters;m_isOrthographic;m_isCullingEnabled;m_horizontalMapping;m_verticalMapping;m_uvLineOffset;m_geometrySortingOrder;m_IsTextObjectScaleStatic;m_VertexBufferAutoSizeReduction;m_useMaxVisibleDescender;m_pageToDisplay;m_margin;m_isUsingLegacyAnimationComponent;m_isVolumetricText;m_hasFontAssetChanged;m_baseMaterial;m_maskOffset","Preserve GUID/type until explicit component mapping is approved","Preserve original .cs.meta when possible; use MovedFrom/FormerlySerializedAs or an exact-field compatibility shim; Missing Script prohibited","Resolved"
"Assets/_Game/Scenes/Boot.unity","Scene","Diamond_4","f4688fdb7df04437aeb418b961361dc5","TextMeshProUGUI","Library/PackageCache/com.unity.textmeshpro@3.0.6/Scripts/Runtime/TextMeshProUGUI.cs","m_Material;m_Color;m_RaycastTarget;m_RaycastPadding;m_Maskable;m_OnCullStateChanged;m_text;m_isRightToLeft;m_fontAsset;m_sharedMaterial;m_fontSharedMaterials;m_fontMaterial;m_fontMaterials;m_fontColor32;m_fontColor;m_enableVertexGradient;m_colorMode;m_fontColorGradient;m_fontColorGradientPreset;m_spriteAsset;m_tintAllSprites;m_StyleSheet;m_TextStyleHashCode;m_overrideHtmlColors;m_faceColor;m_fontSize;m_fontSizeBase;m_fontWeight;m_enableAutoSizing;m_fontSizeMin;m_fontSizeMax;m_fontStyle;m_HorizontalAlignment;m_VerticalAlignment;m_textAlignment;m_characterSpacing;m_wordSpacing;m_lineSpacing;m_lineSpacingMax;m_paragraphSpacing;m_charWidthMaxAdj;m_enableWordWrapping;m_wordWrappingRatios;m_overflowMode;m_linkedTextComponent;parentLinkedComponent;m_enableKerning;m_enableExtraPadding;checkPaddingRequired;m_isRichText;m_parseCtrlCharacters;m_isOrthographic;m_isCullingEnabled;m_horizontalMapping;m_verticalMapping;m_uvLineOffset;m_geometrySortingOrder;m_IsTextObjectScaleStatic;m_VertexBufferAutoSizeReduction;m_useMaxVisibleDescender;m_pageToDisplay;m_margin;m_isUsingLegacyAnimationComponent;m_isVolumetricText;m_hasFontAssetChanged;m_baseMaterial;m_maskOffset","Preserve GUID/type until explicit component mapping is approved","Preserve original .cs.meta when possible; use MovedFrom/FormerlySerializedAs or an exact-field compatibility shim; Missing Script prohibited","Resolved"
"Assets/_Game/Scenes/Boot.unity","Scene","Diamond_5","f4688fdb7df04437aeb418b961361dc5","TextMeshProUGUI","Library/PackageCache/com.unity.textmeshpro@3.0.6/Scripts/Runtime/TextMeshProUGUI.cs","m_Material;m_Color;m_RaycastTarget;m_RaycastPadding;m_Maskable;m_OnCullStateChanged;m_text;m_isRightToLeft;m_fontAsset;m_sharedMaterial;m_fontSharedMaterials;m_fontMaterial;m_fontMaterials;m_fontColor32;m_fontColor;m_enableVertexGradient;m_colorMode;m_fontColorGradient;m_fontColorGradientPreset;m_spriteAsset;m_tintAllSprites;m_StyleSheet;m_TextStyleHashCode;m_overrideHtmlColors;m_faceColor;m_fontSize;m_fontSizeBase;m_fontWeight;m_enableAutoSizing;m_fontSizeMin;m_fontSizeMax;m_fontStyle;m_HorizontalAlignment;m_VerticalAlignment;m_textAlignment;m_characterSpacing;m_wordSpacing;m_lineSpacing;m_lineSpacingMax;m_paragraphSpacing;m_charWidthMaxAdj;m_enableWordWrapping;m_wordWrappingRatios;m_overflowMode;m_linkedTextComponent;parentLinkedComponent;m_enableKerning;m_enableExtraPadding;checkPaddingRequired;m_isRichText;m_parseCtrlCharacters;m_isOrthographic;m_isCullingEnabled;m_horizontalMapping;m_verticalMapping;m_uvLineOffset;m_geometrySortingOrder;m_IsTextObjectScaleStatic;m_VertexBufferAutoSizeReduction;m_useMaxVisibleDescender;m_pageToDisplay;m_margin;m_isUsingLegacyAnimationComponent;m_isVolumetricText;m_hasFontAssetChanged;m_baseMaterial;m_maskOffset","Preserve GUID/type until explicit component mapping is approved","Preserve original .cs.meta when possible; use MovedFrom/FormerlySerializedAs or an exact-field compatibility shim; Missing Script prohibited","Resolved"
"Assets/_Game/Scenes/Boot.unity","Scene","Diamond_6","f4688fdb7df04437aeb418b961361dc5","TextMeshProUGUI","Library/PackageCache/com.unity.textmeshpro@3.0.6/Scripts/Runtime/TextMeshProUGUI.cs","m_Material;m_Color;m_RaycastTarget;m_RaycastPadding;m_Maskable;m_OnCullStateChanged;m_text;m_isRightToLeft;m_fontAsset;m_sharedMaterial;m_fontSharedMaterials;m_fontMaterial;m_fontMaterials;m_fontColor32;m_fontColor;m_enableVertexGradient;m_colorMode;m_fontColorGradient;m_fontColorGradientPreset;m_spriteAsset;m_tintAllSprites;m_StyleSheet;m_TextStyleHashCode;m_overrideHtmlColors;m_faceColor;m_fontSize;m_fontSizeBase;m_fontWeight;m_enableAutoSizing;m_fontSizeMin;m_fontSizeMax;m_fontStyle;m_HorizontalAlignment;m_VerticalAlignment;m_textAlignment;m_characterSpacing;m_wordSpacing;m_lineSpacing;m_lineSpacingMax;m_paragraphSpacing;m_charWidthMaxAdj;m_enableWordWrapping;m_wordWrappingRatios;m_overflowMode;m_linkedTextComponent;parentLinkedComponent;m_enableKerning;m_enableExtraPadding;checkPaddingRequired;m_isRichText;m_parseCtrlCharacters;m_isOrthographic;m_isCullingEnabled;m_horizontalMapping;m_verticalMapping;m_uvLineOffset;m_geometrySortingOrder;m_IsTextObjectScaleStatic;m_VertexBufferAutoSizeReduction;m_useMaxVisibleDescender;m_pageToDisplay;m_margin;m_isUsingLegacyAnimationComponent;m_isVolumetricText;m_hasFontAssetChanged;m_baseMaterial;m_maskOffset","Preserve GUID/type until explicit component mapping is approved","Preserve original .cs.meta when possible; use MovedFrom/FormerlySerializedAs or an exact-field compatibility shim; Missing Script prohibited","Resolved"
"Assets/_Game/Scenes/Boot.unity","Scene","Diamond_7","f4688fdb7df04437aeb418b961361dc5","TextMeshProUGUI","Library/PackageCache/com.unity.textmeshpro@3.0.6/Scripts/Runtime/TextMeshProUGUI.cs","m_Material;m_Color;m_RaycastTarget;m_RaycastPadding;m_Maskable;m_OnCullStateChanged;m_text;m_isRightToLeft;m_fontAsset;m_sharedMaterial;m_fontSharedMaterials;m_fontMaterial;m_fontMaterials;m_fontColor32;m_fontColor;m_enableVertexGradient;m_colorMode;m_fontColorGradient;m_fontColorGradientPreset;m_spriteAsset;m_tintAllSprites;m_StyleSheet;m_TextStyleHashCode;m_overrideHtmlColors;m_faceColor;m_fontSize;m_fontSizeBase;m_fontWeight;m_enableAutoSizing;m_fontSizeMin;m_fontSizeMax;m_fontStyle;m_HorizontalAlignment;m_VerticalAlignment;m_textAlignment;m_characterSpacing;m_wordSpacing;m_lineSpacing;m_lineSpacingMax;m_paragraphSpacing;m_charWidthMaxAdj;m_enableWordWrapping;m_wordWrappingRatios;m_overflowMode;m_linkedTextComponent;parentLinkedComponent;m_enableKerning;m_enableExtraPadding;checkPaddingRequired;m_isRichText;m_parseCtrlCharacters;m_isOrthographic;m_isCullingEnabled;m_horizontalMapping;m_verticalMapping;m_uvLineOffset;m_geometrySortingOrder;m_IsTextObjectScaleStatic;m_VertexBufferAutoSizeReduction;m_useMaxVisibleDescender;m_pageToDisplay;m_margin;m_isUsingLegacyAnimationComponent;m_isVolumetricText;m_hasFontAssetChanged;m_baseMaterial;m_maskOffset","Preserve GUID/type until explicit component mapping is approved","Preserve original .cs.meta when possible; use MovedFrom/FormerlySerializedAs or an exact-field compatibility shim; Missing Script prohibited","Resolved"
"Assets/_Game/Scenes/Boot.unity","Scene","Diamond_8","f4688fdb7df04437aeb418b961361dc5","TextMeshProUGUI","Library/PackageCache/com.unity.textmeshpro@3.0.6/Scripts/Runtime/TextMeshProUGUI.cs","m_Material;m_Color;m_RaycastTarget;m_RaycastPadding;m_Maskable;m_OnCullStateChanged;m_text;m_isRightToLeft;m_fontAsset;m_sharedMaterial;m_fontSharedMaterials;m_fontMaterial;m_fontMaterials;m_fontColor32;m_fontColor;m_enableVertexGradient;m_colorMode;m_fontColorGradient;m_fontColorGradientPreset;m_spriteAsset;m_tintAllSprites;m_StyleSheet;m_TextStyleHashCode;m_overrideHtmlColors;m_faceColor;m_fontSize;m_fontSizeBase;m_fontWeight;m_enableAutoSizing;m_fontSizeMin;m_fontSizeMax;m_fontStyle;m_HorizontalAlignment;m_VerticalAlignment;m_textAlignment;m_characterSpacing;m_wordSpacing;m_lineSpacing;m_lineSpacingMax;m_paragraphSpacing;m_charWidthMaxAdj;m_enableWordWrapping;m_wordWrappingRatios;m_overflowMode;m_linkedTextComponent;parentLinkedComponent;m_enableKerning;m_enableExtraPadding;checkPaddingRequired;m_isRichText;m_parseCtrlCharacters;m_isOrthographic;m_isCullingEnabled;m_horizontalMapping;m_verticalMapping;m_uvLineOffset;m_geometrySortingOrder;m_IsTextObjectScaleStatic;m_VertexBufferAutoSizeReduction;m_useMaxVisibleDescender;m_pageToDisplay;m_margin;m_isUsingLegacyAnimationComponent;m_isVolumetricText;m_hasFontAssetChanged;m_baseMaterial;m_maskOffset","Preserve GUID/type until explicit component mapping is approved","Preserve original .cs.meta when possible; use MovedFrom/FormerlySerializedAs or an exact-field compatibility shim; Missing Script prohibited","Resolved"
"Assets/_Game/Scenes/Boot.unity","Scene","Diamond_9","f4688fdb7df04437aeb418b961361dc5","TextMeshProUGUI","Library/PackageCache/com.unity.textmeshpro@3.0.6/Scripts/Runtime/TextMeshProUGUI.cs","m_Material;m_Color;m_RaycastTarget;m_RaycastPadding;m_Maskable;m_OnCullStateChanged;m_text;m_isRightToLeft;m_fontAsset;m_sharedMaterial;m_fontSharedMaterials;m_fontMaterial;m_fontMaterials;m_fontColor32;m_fontColor;m_enableVertexGradient;m_colorMode;m_fontColorGradient;m_fontColorGradientPreset;m_spriteAsset;m_tintAllSprites;m_StyleSheet;m_TextStyleHashCode;m_overrideHtmlColors;m_faceColor;m_fontSize;m_fontSizeBase;m_fontWeight;m_enableAutoSizing;m_fontSizeMin;m_fontSizeMax;m_fontStyle;m_HorizontalAlignment;m_VerticalAlignment;m_textAlignment;m_characterSpacing;m_wordSpacing;m_lineSpacing;m_lineSpacingMax;m_paragraphSpacing;m_charWidthMaxAdj;m_enableWordWrapping;m_wordWrappingRatios;m_overflowMode;m_linkedTextComponent;parentLinkedComponent;m_enableKerning;m_enableExtraPadding;checkPaddingRequired;m_isRichText;m_parseCtrlCharacters;m_isOrthographic;m_isCullingEnabled;m_horizontalMapping;m_verticalMapping;m_uvLineOffset;m_geometrySortingOrder;m_IsTextObjectScaleStatic;m_VertexBufferAutoSizeReduction;m_useMaxVisibleDescender;m_pageToDisplay;m_margin;m_isUsingLegacyAnimationComponent;m_isVolumetricText;m_hasFontAssetChanged;m_baseMaterial;m_maskOffset","Preserve GUID/type until explicit component mapping is approved","Preserve original .cs.meta when possible; use MovedFrom/FormerlySerializedAs or an exact-field compatibility shim; Missing Script prohibited","Resolved"
"Assets/_Game/Scenes/Boot.unity","Scene","Difficulty","f4688fdb7df04437aeb418b961361dc5","TextMeshProUGUI","Library/PackageCache/com.unity.textmeshpro@3.0.6/Scripts/Runtime/TextMeshProUGUI.cs","m_Material;m_Color;m_RaycastTarget;m_RaycastPadding;m_Maskable;m_OnCullStateChanged;m_text;m_isRightToLeft;m_fontAsset;m_sharedMaterial;m_fontSharedMaterials;m_fontMaterial;m_fontMaterials;m_fontColor32;m_fontColor;m_enableVertexGradient;m_colorMode;m_fontColorGradient;m_fontColorGradientPreset;m_spriteAsset;m_tintAllSprites;m_StyleSheet;m_TextStyleHashCode;m_overrideHtmlColors;m_faceColor;m_fontSize;m_fontSizeBase;m_fontWeight;m_enableAutoSizing;m_fontSizeMin;m_fontSizeMax;m_fontStyle;m_HorizontalAlignment;m_VerticalAlignment;m_textAlignment;m_characterSpacing;m_wordSpacing;m_lineSpacing;m_lineSpacingMax;m_paragraphSpacing;m_charWidthMaxAdj;m_enableWordWrapping;m_wordWrappingRatios;m_overflowMode;m_linkedTextComponent;parentLinkedComponent;m_enableKerning;m_enableExtraPadding;checkPaddingRequired;m_isRichText;m_parseCtrlCharacters;m_isOrthographic;m_isCullingEnabled;m_horizontalMapping;m_verticalMapping;m_uvLineOffset;m_geometrySortingOrder;m_IsTextObjectScaleStatic;m_VertexBufferAutoSizeReduction;m_useMaxVisibleDescender;m_pageToDisplay;m_margin;m_isUsingLegacyAnimationComponent;m_isVolumetricText;m_hasFontAssetChanged;m_baseMaterial;m_maskOffset","Preserve GUID/type until explicit component mapping is approved","Preserve original .cs.meta when possible; use MovedFrom/FormerlySerializedAs or an exact-field compatibility shim; Missing Script prohibited","Resolved"
"Assets/_Game/Scenes/Boot.unity","Scene","Directional Light","7a68c43fe1f2a47cfa234b5eeaa98012","HDAdditionalLightData","","","Resolve through compatible HDRP staging before value-level renderer conversion","Preserve original .cs.meta when possible; use MovedFrom/FormerlySerializedAs or an exact-field compatibility shim; Missing Script prohibited","Unresolved"
"Assets/_Game/Scenes/Boot.unity","Scene","Divider_0.31","fe87c0e1cc204ed48ad3b37840f39efc","Image","Library/PackageCache/com.unity.ugui@1.0.0/Runtime/UI/Core/Image.cs","m_Material;m_Color;m_RaycastTarget;m_RaycastPadding;m_Maskable;m_OnCullStateChanged;m_Sprite;m_Type;m_PreserveAspect;m_FillCenter;m_FillMethod;m_FillAmount;m_FillClockwise;m_FillOrigin;m_UseSpriteMesh;m_PixelsPerUnitMultiplier","Preserve GUID/type until explicit component mapping is approved","Preserve original .cs.meta when possible; use MovedFrom/FormerlySerializedAs or an exact-field compatibility shim; Missing Script prohibited","Resolved"
"Assets/_Game/Scenes/Boot.unity","Scene","Divider_0.5","fe87c0e1cc204ed48ad3b37840f39efc","Image","Library/PackageCache/com.unity.ugui@1.0.0/Runtime/UI/Core/Image.cs","m_Material;m_Color;m_RaycastTarget;m_RaycastPadding;m_Maskable;m_OnCullStateChanged;m_Sprite;m_Type;m_PreserveAspect;m_FillCenter;m_FillMethod;m_FillAmount;m_FillClockwise;m_FillOrigin;m_UseSpriteMesh;m_PixelsPerUnitMultiplier","Preserve GUID/type until explicit component mapping is approved","Preserve original .cs.meta when possible; use MovedFrom/FormerlySerializedAs or an exact-field compatibility shim; Missing Script prohibited","Resolved"
"Assets/_Game/Scenes/Boot.unity","Scene","Divider_0.72","fe87c0e1cc204ed48ad3b37840f39efc","Image","Library/PackageCache/com.unity.ugui@1.0.0/Runtime/UI/Core/Image.cs","m_Material;m_Color;m_RaycastTarget;m_RaycastPadding;m_Maskable;m_OnCullStateChanged;m_Sprite;m_Type;m_PreserveAspect;m_FillCenter;m_FillMethod;m_FillAmount;m_FillClockwise;m_FillOrigin;m_UseSpriteMesh;m_PixelsPerUnitMultiplier","Preserve GUID/type until explicit component mapping is approved","Preserve original .cs.meta when possible; use MovedFrom/FormerlySerializedAs or an exact-field compatibility shim; Missing Script prohibited","Resolved"
"Assets/_Game/Scenes/Boot.unity","Scene","DividerDiamond","fe87c0e1cc204ed48ad3b37840f39efc","Image","Library/PackageCache/com.unity.ugui@1.0.0/Runtime/UI/Core/Image.cs","m_Material;m_Color;m_RaycastTarget;m_RaycastPadding;m_Maskable;m_OnCullStateChanged;m_Sprite;m_Type;m_PreserveAspect;m_FillCenter;m_FillMethod;m_FillAmount;m_FillClockwise;m_FillOrigin;m_UseSpriteMesh;m_PixelsPerUnitMultiplier","Preserve GUID/type until explicit component mapping is approved","Preserve original .cs.meta when possible; use MovedFrom/FormerlySerializedAs or an exact-field compatibility shim; Missing Script prohibited","Resolved"
"Assets/_Game/Scenes/Boot.unity","Scene","DividerDiamond","fe87c0e1cc204ed48ad3b37840f39efc","Image","Library/PackageCache/com.unity.ugui@1.0.0/Runtime/UI/Core/Image.cs","m_Material;m_Color;m_RaycastTarget;m_RaycastPadding;m_Maskable;m_OnCullStateChanged;m_Sprite;m_Type;m_PreserveAspect;m_FillCenter;m_FillMethod;m_FillAmount;m_FillClockwise;m_FillOrigin;m_UseSpriteMesh;m_PixelsPerUnitMultiplier","Preserve GUID/type until explicit component mapping is approved","Preserve original .cs.meta when possible; use MovedFrom/FormerlySerializedAs or an exact-field compatibility shim; Missing Script prohibited","Resolved"
"Assets/_Game/Scenes/Boot.unity","Scene","DividerDiamond","fe87c0e1cc204ed48ad3b37840f39efc","Image","Library/PackageCache/com.unity.ugui@1.0.0/Runtime/UI/Core/Image.cs","m_Material;m_Color;m_RaycastTarget;m_RaycastPadding;m_Maskable;m_OnCullStateChanged;m_Sprite;m_Type;m_PreserveAspect;m_FillCenter;m_FillMethod;m_FillAmount;m_FillClockwise;m_FillOrigin;m_UseSpriteMesh;m_PixelsPerUnitMultiplier","Preserve GUID/type until explicit component mapping is approved","Preserve original .cs.meta when possible; use MovedFrom/FormerlySerializedAs or an exact-field compatibility shim; Missing Script prohibited","Resolved"
"Assets/_Game/Scenes/Boot.unity","Scene","DividerLeft","fe87c0e1cc204ed48ad3b37840f39efc","Image","Library/PackageCache/com.unity.ugui@1.0.0/Runtime/UI/Core/Image.cs","m_Material;m_Color;m_RaycastTarget;m_RaycastPadding;m_Maskable;m_OnCullStateChanged;m_Sprite;m_Type;m_PreserveAspect;m_FillCenter;m_FillMethod;m_FillAmount;m_FillClockwise;m_FillOrigin;m_UseSpriteMesh;m_PixelsPerUnitMultiplier","Preserve GUID/type until explicit component mapping is approved","Preserve original .cs.meta when possible; use MovedFrom/FormerlySerializedAs or an exact-field compatibility shim; Missing Script prohibited","Resolved"
"Assets/_Game/Scenes/Boot.unity","Scene","DividerLeft","fe87c0e1cc204ed48ad3b37840f39efc","Image","Library/PackageCache/com.unity.ugui@1.0.0/Runtime/UI/Core/Image.cs","m_Material;m_Color;m_RaycastTarget;m_RaycastPadding;m_Maskable;m_OnCullStateChanged;m_Sprite;m_Type;m_PreserveAspect;m_FillCenter;m_FillMethod;m_FillAmount;m_FillClockwise;m_FillOrigin;m_UseSpriteMesh;m_PixelsPerUnitMultiplier","Preserve GUID/type until explicit component mapping is approved","Preserve original .cs.meta when possible; use MovedFrom/FormerlySerializedAs or an exact-field compatibility shim; Missing Script prohibited","Resolved"
"Assets/_Game/Scenes/Boot.unity","Scene","DividerLeft","fe87c0e1cc204ed48ad3b37840f39efc","Image","Library/PackageCache/com.unity.ugui@1.0.0/Runtime/UI/Core/Image.cs","m_Material;m_Color;m_RaycastTarget;m_RaycastPadding;m_Maskable;m_OnCullStateChanged;m_Sprite;m_Type;m_PreserveAspect;m_FillCenter;m_FillMethod;m_FillAmount;m_FillClockwise;m_FillOrigin;m_UseSpriteMesh;m_PixelsPerUnitMultiplier","Preserve GUID/type until explicit component mapping is approved","Preserve original .cs.meta when possible; use MovedFrom/FormerlySerializedAs or an exact-field compatibility shim; Missing Script prohibited","Resolved"
"Assets/_Game/Scenes/Boot.unity","Scene","DividerLeft","fe87c0e1cc204ed48ad3b37840f39efc","Image","Library/PackageCache/com.unity.ugui@1.0.0/Runtime/UI/Core/Image.cs","m_Material;m_Color;m_RaycastTarget;m_RaycastPadding;m_Maskable;m_OnCullStateChanged;m_Sprite;m_Type;m_PreserveAspect;m_FillCenter;m_FillMethod;m_FillAmount;m_FillClockwise;m_FillOrigin;m_UseSpriteMesh;m_PixelsPerUnitMultiplier","Preserve GUID/type until explicit component mapping is approved","Preserve original .cs.meta when possible; use MovedFrom/FormerlySerializedAs or an exact-field compatibility shim; Missing Script prohibited","Resolved"
"Assets/_Game/Scenes/Boot.unity","Scene","DividerRight","fe87c0e1cc204ed48ad3b37840f39efc","Image","Library/PackageCache/com.unity.ugui@1.0.0/Runtime/UI/Core/Image.cs","m_Material;m_Color;m_RaycastTarget;m_RaycastPadding;m_Maskable;m_OnCullStateChanged;m_Sprite;m_Type;m_PreserveAspect;m_FillCenter;m_FillMethod;m_FillAmount;m_FillClockwise;m_FillOrigin;m_UseSpriteMesh;m_PixelsPerUnitMultiplier","Preserve GUID/type until explicit component mapping is approved","Preserve original .cs.meta when possible; use MovedFrom/FormerlySerializedAs or an exact-field compatibility shim; Missing Script prohibited","Resolved"
"Assets/_Game/Scenes/Boot.unity","Scene","DividerRight","fe87c0e1cc204ed48ad3b37840f39efc","Image","Library/PackageCache/com.unity.ugui@1.0.0/Runtime/UI/Core/Image.cs","m_Material;m_Color;m_RaycastTarget;m_RaycastPadding;m_Maskable;m_OnCullStateChanged;m_Sprite;m_Type;m_PreserveAspect;m_FillCenter;m_FillMethod;m_FillAmount;m_FillClockwise;m_FillOrigin;m_UseSpriteMesh;m_PixelsPerUnitMultiplier","Preserve GUID/type until explicit component mapping is approved","Preserve original .cs.meta when possible; use MovedFrom/FormerlySerializedAs or an exact-field compatibility shim; Missing Script prohibited","Resolved"
"Assets/_Game/Scenes/Boot.unity","Scene","DividerRight","fe87c0e1cc204ed48ad3b37840f39efc","Image","Library/PackageCache/com.unity.ugui@1.0.0/Runtime/UI/Core/Image.cs","m_Material;m_Color;m_RaycastTarget;m_RaycastPadding;m_Maskable;m_OnCullStateChanged;m_Sprite;m_Type;m_PreserveAspect;m_FillCenter;m_FillMethod;m_FillAmount;m_FillClockwise;m_FillOrigin;m_UseSpriteMesh;m_PixelsPerUnitMultiplier","Preserve GUID/type until explicit component mapping is approved","Preserve original .cs.meta when possible; use MovedFrom/FormerlySerializedAs or an exact-field compatibility shim; Missing Script prohibited","Resolved"
"Assets/_Game/Scenes/Boot.unity","Scene","EnterButton","4e29b1a8efbd4b44bb3f3716e73f07ff","Button","Library/PackageCache/com.unity.ugui@1.0.0/Runtime/UI/Core/Button.cs","m_Navigation;m_Transition;m_Colors;m_SpriteState;m_AnimationTriggers;m_Interactable;m_TargetGraphic;m_OnClick","Preserve GUID/type until explicit component mapping is approved","Preserve original .cs.meta when possible; use MovedFrom/FormerlySerializedAs or an exact-field compatibility shim; Missing Script prohibited","Resolved"
"Assets/_Game/Scenes/Boot.unity","Scene","EnterButton","fe87c0e1cc204ed48ad3b37840f39efc","Image","Library/PackageCache/com.unity.ugui@1.0.0/Runtime/UI/Core/Image.cs","m_Material;m_Color;m_RaycastTarget;m_RaycastPadding;m_Maskable;m_OnCullStateChanged;m_Sprite;m_Type;m_PreserveAspect;m_FillCenter;m_FillMethod;m_FillAmount;m_FillClockwise;m_FillOrigin;m_UseSpriteMesh;m_PixelsPerUnitMultiplier","Preserve GUID/type until explicit component mapping is approved","Preserve original .cs.meta when possible; use MovedFrom/FormerlySerializedAs or an exact-field compatibility shim; Missing Script prohibited","Resolved"
"Assets/_Game/Scenes/Boot.unity","Scene","EventSystem","76c392e42b5098c458856cdf6ecaaaa1","EventSystem","Library/PackageCache/com.unity.ugui@1.0.0/Runtime/EventSystem/EventSystem.cs","m_FirstSelected;m_sendNavigationEvents;m_DragThreshold","Preserve GUID/type until explicit component mapping is approved","Preserve original .cs.meta when possible; use MovedFrom/FormerlySerializedAs or an exact-field compatibility shim; Missing Script prohibited","Resolved"
"Assets/_Game/Scenes/Boot.unity","Scene","EventSystem","4f231c4fb786f3946a6b90b886c48677","StandaloneInputModule","Library/PackageCache/com.unity.ugui@1.0.0/Runtime/EventSystem/InputModules/StandaloneInputModule.cs","m_SendPointerHoverToParent;m_HorizontalAxis;m_VerticalAxis;m_SubmitButton;m_CancelButton;m_InputActionsPerSecond;m_RepeatDelay;m_ForceModuleActive","Preserve GUID/type until explicit component mapping is approved","Preserve original .cs.meta when possible; use MovedFrom/FormerlySerializedAs or an exact-field compatibility shim; Missing Script prohibited","Resolved"
"Assets/_Game/Scenes/Boot.unity","Scene","Footer","fe87c0e1cc204ed48ad3b37840f39efc","Image","Library/PackageCache/com.unity.ugui@1.0.0/Runtime/UI/Core/Image.cs","m_Material;m_Color;m_RaycastTarget;m_RaycastPadding;m_Maskable;m_OnCullStateChanged;m_Sprite;m_Type;m_PreserveAspect;m_FillCenter;m_FillMethod;m_FillAmount;m_FillClockwise;m_FillOrigin;m_UseSpriteMesh;m_PixelsPerUnitMultiplier","Preserve GUID/type until explicit component mapping is approved","Preserve original .cs.meta when possible; use MovedFrom/FormerlySerializedAs or an exact-field compatibility shim; Missing Script prohibited","Resolved"
"Assets/_Game/Scenes/Boot.unity","Scene","Footer","e19747de3f5aca642ab2be37e372fb86","Outline","Library/PackageCache/com.unity.ugui@1.0.0/Runtime/UI/Core/VertexModifiers/Outline.cs","m_EffectColor;m_EffectDistance;m_UseGraphicAlpha","Preserve GUID/type until explicit component mapping is approved","Preserve original .cs.meta when possible; use MovedFrom/FormerlySerializedAs or an exact-field compatibility shim; Missing Script prohibited","Resolved"
"Assets/_Game/Scenes/Boot.unity","Scene","FrameBottom","fe87c0e1cc204ed48ad3b37840f39efc","Image","Library/PackageCache/com.unity.ugui@1.0.0/Runtime/UI/Core/Image.cs","m_Material;m_Color;m_RaycastTarget;m_RaycastPadding;m_Maskable;m_OnCullStateChanged;m_Sprite;m_Type;m_PreserveAspect;m_FillCenter;m_FillMethod;m_FillAmount;m_FillClockwise;m_FillOrigin;m_UseSpriteMesh;m_PixelsPerUnitMultiplier","Preserve GUID/type until explicit component mapping is approved","Preserve original .cs.meta when possible; use MovedFrom/FormerlySerializedAs or an exact-field compatibility shim; Missing Script prohibited","Resolved"
"Assets/_Game/Scenes/Boot.unity","Scene","FrameLeft","fe87c0e1cc204ed48ad3b37840f39efc","Image","Library/PackageCache/com.unity.ugui@1.0.0/Runtime/UI/Core/Image.cs","m_Material;m_Color;m_RaycastTarget;m_RaycastPadding;m_Maskable;m_OnCullStateChanged;m_Sprite;m_Type;m_PreserveAspect;m_FillCenter;m_FillMethod;m_FillAmount;m_FillClockwise;m_FillOrigin;m_UseSpriteMesh;m_PixelsPerUnitMultiplier","Preserve GUID/type until explicit component mapping is approved","Preserve original .cs.meta when possible; use MovedFrom/FormerlySerializedAs or an exact-field compatibility shim; Missing Script prohibited","Resolved"
"Assets/_Game/Scenes/Boot.unity","Scene","FrameRight","fe87c0e1cc204ed48ad3b37840f39efc","Image","Library/PackageCache/com.unity.ugui@1.0.0/Runtime/UI/Core/Image.cs","m_Material;m_Color;m_RaycastTarget;m_RaycastPadding;m_Maskable;m_OnCullStateChanged;m_Sprite;m_Type;m_PreserveAspect;m_FillCenter;m_FillMethod;m_FillAmount;m_FillClockwise;m_FillOrigin;m_UseSpriteMesh;m_PixelsPerUnitMultiplier","Preserve GUID/type until explicit component mapping is approved","Preserve original .cs.meta when possible; use MovedFrom/FormerlySerializedAs or an exact-field compatibility shim; Missing Script prohibited","Resolved"
"Assets/_Game/Scenes/Boot.unity","Scene","FrameTop","fe87c0e1cc204ed48ad3b37840f39efc","Image","Library/PackageCache/com.unity.ugui@1.0.0/Runtime/UI/Core/Image.cs","m_Material;m_Color;m_RaycastTarget;m_RaycastPadding;m_Maskable;m_OnCullStateChanged;m_Sprite;m_Type;m_PreserveAspect;m_FillCenter;m_FillMethod;m_FillAmount;m_FillClockwise;m_FillOrigin;m_UseSpriteMesh;m_PixelsPerUnitMultiplier","Preserve GUID/type until explicit component mapping is approved","Preserve original .cs.meta when possible; use MovedFrom/FormerlySerializedAs or an exact-field compatibility shim; Missing Script prohibited","Resolved"
"Assets/_Game/Scenes/Boot.unity","Scene","GoldOuter","4e29b1a8efbd4b44bb3f3716e73f07ff","Button","Library/PackageCache/com.unity.ugui@1.0.0/Runtime/UI/Core/Button.cs","m_Navigation;m_Transition;m_Colors;m_SpriteState;m_AnimationTriggers;m_Interactable;m_TargetGraphic;m_OnClick","Preserve GUID/type until explicit component mapping is approved","Preserve original .cs.meta when possible; use MovedFrom/FormerlySerializedAs or an exact-field compatibility shim; Missing Script prohibited","Resolved"
"Assets/_Game/Scenes/Boot.unity","Scene","GoldOuter","4e29b1a8efbd4b44bb3f3716e73f07ff","Button","Library/PackageCache/com.unity.ugui@1.0.0/Runtime/UI/Core/Button.cs","m_Navigation;m_Transition;m_Colors;m_SpriteState;m_AnimationTriggers;m_Interactable;m_TargetGraphic;m_OnClick","Preserve GUID/type until explicit component mapping is approved","Preserve original .cs.meta when possible; use MovedFrom/FormerlySerializedAs or an exact-field compatibility shim; Missing Script prohibited","Resolved"
"Assets/_Game/Scenes/Boot.unity","Scene","GoldOuter","4e29b1a8efbd4b44bb3f3716e73f07ff","Button","Library/PackageCache/com.unity.ugui@1.0.0/Runtime/UI/Core/Button.cs","m_Navigation;m_Transition;m_Colors;m_SpriteState;m_AnimationTriggers;m_Interactable;m_TargetGraphic;m_OnClick","Preserve GUID/type until explicit component mapping is approved","Preserve original .cs.meta when possible; use MovedFrom/FormerlySerializedAs or an exact-field compatibility shim; Missing Script prohibited","Resolved"
"Assets/_Game/Scenes/Boot.unity","Scene","GoldOuter","4e29b1a8efbd4b44bb3f3716e73f07ff","Button","Library/PackageCache/com.unity.ugui@1.0.0/Runtime/UI/Core/Button.cs","m_Navigation;m_Transition;m_Colors;m_SpriteState;m_AnimationTriggers;m_Interactable;m_TargetGraphic;m_OnClick","Preserve GUID/type until explicit component mapping is approved","Preserve original .cs.meta when possible; use MovedFrom/FormerlySerializedAs or an exact-field compatibility shim; Missing Script prohibited","Resolved"
"Assets/_Game/Scenes/Boot.unity","Scene","Highlight","fe87c0e1cc204ed48ad3b37840f39efc","Image","Library/PackageCache/com.unity.ugui@1.0.0/Runtime/UI/Core/Image.cs","m_Material;m_Color;m_RaycastTarget;m_RaycastPadding;m_Maskable;m_OnCullStateChanged;m_Sprite;m_Type;m_PreserveAspect;m_FillCenter;m_FillMethod;m_FillAmount;m_FillClockwise;m_FillOrigin;m_UseSpriteMesh;m_PixelsPerUnitMultiplier","Preserve GUID/type until explicit component mapping is approved","Preserve original .cs.meta when possible; use MovedFrom/FormerlySerializedAs or an exact-field compatibility shim; Missing Script prohibited","Resolved"
"Assets/_Game/Scenes/Boot.unity","Scene","Highlight","fe87c0e1cc204ed48ad3b37840f39efc","Image","Library/PackageCache/com.unity.ugui@1.0.0/Runtime/UI/Core/Image.cs","m_Material;m_Color;m_RaycastTarget;m_RaycastPadding;m_Maskable;m_OnCullStateChanged;m_Sprite;m_Type;m_PreserveAspect;m_FillCenter;m_FillMethod;m_FillAmount;m_FillClockwise;m_FillOrigin;m_UseSpriteMesh;m_PixelsPerUnitMultiplier","Preserve GUID/type until explicit component mapping is approved","Preserve original .cs.meta when possible; use MovedFrom/FormerlySerializedAs or an exact-field compatibility shim; Missing Script prohibited","Resolved"
"Assets/_Game/Scenes/Boot.unity","Scene","Highlight","fe87c0e1cc204ed48ad3b37840f39efc","Image","Library/PackageCache/com.unity.ugui@1.0.0/Runtime/UI/Core/Image.cs","m_Material;m_Color;m_RaycastTarget;m_RaycastPadding;m_Maskable;m_OnCullStateChanged;m_Sprite;m_Type;m_PreserveAspect;m_FillCenter;m_FillMethod;m_FillAmount;m_FillClockwise;m_FillOrigin;m_UseSpriteMesh;m_PixelsPerUnitMultiplier","Preserve GUID/type until explicit component mapping is approved","Preserve original .cs.meta when possible; use MovedFrom/FormerlySerializedAs or an exact-field compatibility shim; Missing Script prohibited","Resolved"
"Assets/_Game/Scenes/Boot.unity","Scene","Highlight","fe87c0e1cc204ed48ad3b37840f39efc","Image","Library/PackageCache/com.unity.ugui@1.0.0/Runtime/UI/Core/Image.cs","m_Material;m_Color;m_RaycastTarget;m_RaycastPadding;m_Maskable;m_OnCullStateChanged;m_Sprite;m_Type;m_PreserveAspect;m_FillCenter;m_FillMethod;m_FillAmount;m_FillClockwise;m_FillOrigin;m_UseSpriteMesh;m_PixelsPerUnitMultiplier","Preserve GUID/type until explicit component mapping is approved","Preserve original .cs.meta when possible; use MovedFrom/FormerlySerializedAs or an exact-field compatibility shim; Missing Script prohibited","Resolved"
"Assets/_Game/Scenes/Boot.unity","Scene","Hint","f4688fdb7df04437aeb418b961361dc5","TextMeshProUGUI","Library/PackageCache/com.unity.textmeshpro@3.0.6/Scripts/Runtime/TextMeshProUGUI.cs","m_Material;m_Color;m_RaycastTarget;m_RaycastPadding;m_Maskable;m_OnCullStateChanged;m_text;m_isRightToLeft;m_fontAsset;m_sharedMaterial;m_fontSharedMaterials;m_fontMaterial;m_fontMaterials;m_fontColor32;m_fontColor;m_enableVertexGradient;m_colorMode;m_fontColorGradient;m_fontColorGradientPreset;m_spriteAsset;m_tintAllSprites;m_StyleSheet;m_TextStyleHashCode;m_overrideHtmlColors;m_faceColor;m_fontSize;m_fontSizeBase;m_fontWeight;m_enableAutoSizing;m_fontSizeMin;m_fontSizeMax;m_fontStyle;m_HorizontalAlignment;m_VerticalAlignment;m_textAlignment;m_characterSpacing;m_wordSpacing;m_lineSpacing;m_lineSpacingMax;m_paragraphSpacing;m_charWidthMaxAdj;m_enableWordWrapping;m_wordWrappingRatios;m_overflowMode;m_linkedTextComponent;parentLinkedComponent;m_enableKerning;m_enableExtraPadding;checkPaddingRequired;m_isRichText;m_parseCtrlCharacters;m_isOrthographic;m_isCullingEnabled;m_horizontalMapping;m_verticalMapping;m_uvLineOffset;m_geometrySortingOrder;m_IsTextObjectScaleStatic;m_VertexBufferAutoSizeReduction;m_useMaxVisibleDescender;m_pageToDisplay;m_margin;m_isUsingLegacyAnimationComponent;m_isVolumetricText;m_hasFontAssetChanged;m_baseMaterial;m_maskOffset","Preserve GUID/type until explicit component mapping is approved","Preserve original .cs.meta when possible; use MovedFrom/FormerlySerializedAs or an exact-field compatibility shim; Missing Script prohibited","Resolved"
"Assets/_Game/Scenes/Boot.unity","Scene","InnerFrame","fe87c0e1cc204ed48ad3b37840f39efc","Image","Library/PackageCache/com.unity.ugui@1.0.0/Runtime/UI/Core/Image.cs","m_Material;m_Color;m_RaycastTarget;m_RaycastPadding;m_Maskable;m_OnCullStateChanged;m_Sprite;m_Type;m_PreserveAspect;m_FillCenter;m_FillMethod;m_FillAmount;m_FillClockwise;m_FillOrigin;m_UseSpriteMesh;m_PixelsPerUnitMultiplier","Preserve GUID/type until explicit component mapping is approved","Preserve original .cs.meta when possible; use MovedFrom/FormerlySerializedAs or an exact-field compatibility shim; Missing Script prohibited","Resolved"
"Assets/_Game/Scenes/Boot.unity","Scene","InnerFrame","e19747de3f5aca642ab2be37e372fb86","Outline","Library/PackageCache/com.unity.ugui@1.0.0/Runtime/UI/Core/VertexModifiers/Outline.cs","m_EffectColor;m_EffectDistance;m_UseGraphicAlpha","Preserve GUID/type until explicit component mapping is approved","Preserve original .cs.meta when possible; use MovedFrom/FormerlySerializedAs or an exact-field compatibility shim; Missing Script prohibited","Resolved"
"Assets/_Game/Scenes/Boot.unity","Scene","IntroBody","f4688fdb7df04437aeb418b961361dc5","TextMeshProUGUI","Library/PackageCache/com.unity.textmeshpro@3.0.6/Scripts/Runtime/TextMeshProUGUI.cs","m_Material;m_Color;m_RaycastTarget;m_RaycastPadding;m_Maskable;m_OnCullStateChanged;m_text;m_isRightToLeft;m_fontAsset;m_sharedMaterial;m_fontSharedMaterials;m_fontMaterial;m_fontMaterials;m_fontColor32;m_fontColor;m_enableVertexGradient;m_colorMode;m_fontColorGradient;m_fontColorGradientPreset;m_spriteAsset;m_tintAllSprites;m_StyleSheet;m_TextStyleHashCode;m_overrideHtmlColors;m_faceColor;m_fontSize;m_fontSizeBase;m_fontWeight;m_enableAutoSizing;m_fontSizeMin;m_fontSizeMax;m_fontStyle;m_HorizontalAlignment;m_VerticalAlignment;m_textAlignment;m_characterSpacing;m_wordSpacing;m_lineSpacing;m_lineSpacingMax;m_paragraphSpacing;m_charWidthMaxAdj;m_enableWordWrapping;m_wordWrappingRatios;m_overflowMode;m_linkedTextComponent;parentLinkedComponent;m_enableKerning;m_enableExtraPadding;checkPaddingRequired;m_isRichText;m_parseCtrlCharacters;m_isOrthographic;m_isCullingEnabled;m_horizontalMapping;m_verticalMapping;m_uvLineOffset;m_geometrySortingOrder;m_IsTextObjectScaleStatic;m_VertexBufferAutoSizeReduction;m_useMaxVisibleDescender;m_pageToDisplay;m_margin;m_isUsingLegacyAnimationComponent;m_isVolumetricText;m_hasFontAssetChanged;m_baseMaterial;m_maskOffset","Preserve GUID/type until explicit component mapping is approved","Preserve original .cs.meta when possible; use MovedFrom/FormerlySerializedAs or an exact-field compatibility shim; Missing Script prohibited","Resolved"
"Assets/_Game/Scenes/Boot.unity","Scene","IntroLine","fe87c0e1cc204ed48ad3b37840f39efc","Image","Library/PackageCache/com.unity.ugui@1.0.0/Runtime/UI/Core/Image.cs","m_Material;m_Color;m_RaycastTarget;m_RaycastPadding;m_Maskable;m_OnCullStateChanged;m_Sprite;m_Type;m_PreserveAspect;m_FillCenter;m_FillMethod;m_FillAmount;m_FillClockwise;m_FillOrigin;m_UseSpriteMesh;m_PixelsPerUnitMultiplier","Preserve GUID/type until explicit component mapping is approved","Preserve original .cs.meta when possible; use MovedFrom/FormerlySerializedAs or an exact-field compatibility shim; Missing Script prohibited","Resolved"
"Assets/_Game/Scenes/Boot.unity","Scene","IntroTitle","f4688fdb7df04437aeb418b961361dc5","TextMeshProUGUI","Library/PackageCache/com.unity.textmeshpro@3.0.6/Scripts/Runtime/TextMeshProUGUI.cs","m_Material;m_Color;m_RaycastTarget;m_RaycastPadding;m_Maskable;m_OnCullStateChanged;m_text;m_isRightToLeft;m_fontAsset;m_sharedMaterial;m_fontSharedMaterials;m_fontMaterial;m_fontMaterials;m_fontColor32;m_fontColor;m_enableVertexGradient;m_colorMode;m_fontColorGradient;m_fontColorGradientPreset;m_spriteAsset;m_tintAllSprites;m_StyleSheet;m_TextStyleHashCode;m_overrideHtmlColors;m_faceColor;m_fontSize;m_fontSizeBase;m_fontWeight;m_enableAutoSizing;m_fontSizeMin;m_fontSizeMax;m_fontStyle;m_HorizontalAlignment;m_VerticalAlignment;m_textAlignment;m_characterSpacing;m_wordSpacing;m_lineSpacing;m_lineSpacingMax;m_paragraphSpacing;m_charWidthMaxAdj;m_enableWordWrapping;m_wordWrappingRatios;m_overflowMode;m_linkedTextComponent;parentLinkedComponent;m_enableKerning;m_enableExtraPadding;checkPaddingRequired;m_isRichText;m_parseCtrlCharacters;m_isOrthographic;m_isCullingEnabled;m_horizontalMapping;m_verticalMapping;m_uvLineOffset;m_geometrySortingOrder;m_IsTextObjectScaleStatic;m_VertexBufferAutoSizeReduction;m_useMaxVisibleDescender;m_pageToDisplay;m_margin;m_isUsingLegacyAnimationComponent;m_isVolumetricText;m_hasFontAssetChanged;m_baseMaterial;m_maskOffset","Preserve GUID/type until explicit component mapping is approved","Preserve original .cs.meta when possible; use MovedFrom/FormerlySerializedAs or an exact-field compatibility shim; Missing Script prohibited","Resolved"
"Assets/_Game/Scenes/Boot.unity","Scene","IntroTitleBack","fe87c0e1cc204ed48ad3b37840f39efc","Image","Library/PackageCache/com.unity.ugui@1.0.0/Runtime/UI/Core/Image.cs","m_Material;m_Color;m_RaycastTarget;m_RaycastPadding;m_Maskable;m_OnCullStateChanged;m_Sprite;m_Type;m_PreserveAspect;m_FillCenter;m_FillMethod;m_FillAmount;m_FillClockwise;m_FillOrigin;m_UseSpriteMesh;m_PixelsPerUnitMultiplier","Preserve GUID/type until explicit component mapping is approved","Preserve original .cs.meta when possible; use MovedFrom/FormerlySerializedAs or an exact-field compatibility shim; Missing Script prohibited","Resolved"
"Assets/_Game/Scenes/Boot.unity","Scene","L_ENDLESS","4e29b1a8efbd4b44bb3f3716e73f07ff","Button","Library/PackageCache/com.unity.ugui@1.0.0/Runtime/UI/Core/Button.cs","m_Navigation;m_Transition;m_Colors;m_SpriteState;m_AnimationTriggers;m_Interactable;m_TargetGraphic;m_OnClick","Preserve GUID/type until explicit component mapping is approved","Preserve original .cs.meta when possible; use MovedFrom/FormerlySerializedAs or an exact-field compatibility shim; Missing Script prohibited","Resolved"
"Assets/_Game/Scenes/Boot.unity","Scene","L_ENDLESS","fe87c0e1cc204ed48ad3b37840f39efc","Image","Library/PackageCache/com.unity.ugui@1.0.0/Runtime/UI/Core/Image.cs","m_Material;m_Color;m_RaycastTarget;m_RaycastPadding;m_Maskable;m_OnCullStateChanged;m_Sprite;m_Type;m_PreserveAspect;m_FillCenter;m_FillMethod;m_FillAmount;m_FillClockwise;m_FillOrigin;m_UseSpriteMesh;m_PixelsPerUnitMultiplier","Preserve GUID/type until explicit component mapping is approved","Preserve original .cs.meta when possible; use MovedFrom/FormerlySerializedAs or an exact-field compatibility shim; Missing Script prohibited","Resolved"
"Assets/_Game/Scenes/Boot.unity","Scene","L_ENDLESS","e19747de3f5aca642ab2be37e372fb86","Outline","Library/PackageCache/com.unity.ugui@1.0.0/Runtime/UI/Core/VertexModifiers/Outline.cs","m_EffectColor;m_EffectDistance;m_UseGraphicAlpha","Preserve GUID/type until explicit component mapping is approved","Preserve original .cs.meta when possible; use MovedFrom/FormerlySerializedAs or an exact-field compatibility shim; Missing Script prohibited","Resolved"
"Assets/_Game/Scenes/Boot.unity","Scene","L00","4e29b1a8efbd4b44bb3f3716e73f07ff","Button","Library/PackageCache/com.unity.ugui@1.0.0/Runtime/UI/Core/Button.cs","m_Navigation;m_Transition;m_Colors;m_SpriteState;m_AnimationTriggers;m_Interactable;m_TargetGraphic;m_OnClick","Preserve GUID/type until explicit component mapping is approved","Preserve original .cs.meta when possible; use MovedFrom/FormerlySerializedAs or an exact-field compatibility shim; Missing Script prohibited","Resolved"
"Assets/_Game/Scenes/Boot.unity","Scene","L00","fe87c0e1cc204ed48ad3b37840f39efc","Image","Library/PackageCache/com.unity.ugui@1.0.0/Runtime/UI/Core/Image.cs","m_Material;m_Color;m_RaycastTarget;m_RaycastPadding;m_Maskable;m_OnCullStateChanged;m_Sprite;m_Type;m_PreserveAspect;m_FillCenter;m_FillMethod;m_FillAmount;m_FillClockwise;m_FillOrigin;m_UseSpriteMesh;m_PixelsPerUnitMultiplier","Preserve GUID/type until explicit component mapping is approved","Preserve original .cs.meta when possible; use MovedFrom/FormerlySerializedAs or an exact-field compatibility shim; Missing Script prohibited","Resolved"
"Assets/_Game/Scenes/Boot.unity","Scene","L00","e19747de3f5aca642ab2be37e372fb86","Outline","Library/PackageCache/com.unity.ugui@1.0.0/Runtime/UI/Core/VertexModifiers/Outline.cs","m_EffectColor;m_EffectDistance;m_UseGraphicAlpha","Preserve GUID/type until explicit component mapping is approved","Preserve original .cs.meta when possible; use MovedFrom/FormerlySerializedAs or an exact-field compatibility shim; Missing Script prohibited","Resolved"
"Assets/_Game/Scenes/Boot.unity","Scene","L01","4e29b1a8efbd4b44bb3f3716e73f07ff","Button","Library/PackageCache/com.unity.ugui@1.0.0/Runtime/UI/Core/Button.cs","m_Navigation;m_Transition;m_Colors;m_SpriteState;m_AnimationTriggers;m_Interactable;m_TargetGraphic;m_OnClick","Preserve GUID/type until explicit component mapping is approved","Preserve original .cs.meta when possible; use MovedFrom/FormerlySerializedAs or an exact-field compatibility shim; Missing Script prohibited","Resolved"
"Assets/_Game/Scenes/Boot.unity","Scene","L01","fe87c0e1cc204ed48ad3b37840f39efc","Image","Library/PackageCache/com.unity.ugui@1.0.0/Runtime/UI/Core/Image.cs","m_Material;m_Color;m_RaycastTarget;m_RaycastPadding;m_Maskable;m_OnCullStateChanged;m_Sprite;m_Type;m_PreserveAspect;m_FillCenter;m_FillMethod;m_FillAmount;m_FillClockwise;m_FillOrigin;m_UseSpriteMesh;m_PixelsPerUnitMultiplier","Preserve GUID/type until explicit component mapping is approved","Preserve original .cs.meta when possible; use MovedFrom/FormerlySerializedAs or an exact-field compatibility shim; Missing Script prohibited","Resolved"
"Assets/_Game/Scenes/Boot.unity","Scene","L01","e19747de3f5aca642ab2be37e372fb86","Outline","Library/PackageCache/com.unity.ugui@1.0.0/Runtime/UI/Core/VertexModifiers/Outline.cs","m_EffectColor;m_EffectDistance;m_UseGraphicAlpha","Preserve GUID/type until explicit component mapping is approved","Preserve original .cs.meta when possible; use MovedFrom/FormerlySerializedAs or an exact-field compatibility shim; Missing Script prohibited","Resolved"
"Assets/_Game/Scenes/Boot.unity","Scene","L02","4e29b1a8efbd4b44bb3f3716e73f07ff","Button","Library/PackageCache/com.unity.ugui@1.0.0/Runtime/UI/Core/Button.cs","m_Navigation;m_Transition;m_Colors;m_SpriteState;m_AnimationTriggers;m_Interactable;m_TargetGraphic;m_OnClick","Preserve GUID/type until explicit component mapping is approved","Preserve original .cs.meta when possible; use MovedFrom/FormerlySerializedAs or an exact-field compatibility shim; Missing Script prohibited","Resolved"
"Assets/_Game/Scenes/Boot.unity","Scene","L02","fe87c0e1cc204ed48ad3b37840f39efc","Image","Library/PackageCache/com.unity.ugui@1.0.0/Runtime/UI/Core/Image.cs","m_Material;m_Color;m_RaycastTarget;m_RaycastPadding;m_Maskable;m_OnCullStateChanged;m_Sprite;m_Type;m_PreserveAspect;m_FillCenter;m_FillMethod;m_FillAmount;m_FillClockwise;m_FillOrigin;m_UseSpriteMesh;m_PixelsPerUnitMultiplier","Preserve GUID/type until explicit component mapping is approved","Preserve original .cs.meta when possible; use MovedFrom/FormerlySerializedAs or an exact-field compatibility shim; Missing Script prohibited","Resolved"
"Assets/_Game/Scenes/Boot.unity","Scene","L02","e19747de3f5aca642ab2be37e372fb86","Outline","Library/PackageCache/com.unity.ugui@1.0.0/Runtime/UI/Core/VertexModifiers/Outline.cs","m_EffectColor;m_EffectDistance;m_UseGraphicAlpha","Preserve GUID/type until explicit component mapping is approved","Preserve original .cs.meta when possible; use MovedFrom/FormerlySerializedAs or an exact-field compatibility shim; Missing Script prohibited","Resolved"
"Assets/_Game/Scenes/Boot.unity","Scene","L03","4e29b1a8efbd4b44bb3f3716e73f07ff","Button","Library/PackageCache/com.unity.ugui@1.0.0/Runtime/UI/Core/Button.cs","m_Navigation;m_Transition;m_Colors;m_SpriteState;m_AnimationTriggers;m_Interactable;m_TargetGraphic;m_OnClick","Preserve GUID/type until explicit component mapping is approved","Preserve original .cs.meta when possible; use MovedFrom/FormerlySerializedAs or an exact-field compatibility shim; Missing Script prohibited","Resolved"
"Assets/_Game/Scenes/Boot.unity","Scene","L03","fe87c0e1cc204ed48ad3b37840f39efc","Image","Library/PackageCache/com.unity.ugui@1.0.0/Runtime/UI/Core/Image.cs","m_Material;m_Color;m_RaycastTarget;m_RaycastPadding;m_Maskable;m_OnCullStateChanged;m_Sprite;m_Type;m_PreserveAspect;m_FillCenter;m_FillMethod;m_FillAmount;m_FillClockwise;m_FillOrigin;m_UseSpriteMesh;m_PixelsPerUnitMultiplier","Preserve GUID/type until explicit component mapping is approved","Preserve original .cs.meta when possible; use MovedFrom/FormerlySerializedAs or an exact-field compatibility shim; Missing Script prohibited","Resolved"
"Assets/_Game/Scenes/Boot.unity","Scene","L03","e19747de3f5aca642ab2be37e372fb86","Outline","Library/PackageCache/com.unity.ugui@1.0.0/Runtime/UI/Core/VertexModifiers/Outline.cs","m_EffectColor;m_EffectDistance;m_UseGraphicAlpha","Preserve GUID/type until explicit component mapping is approved","Preserve original .cs.meta when possible; use MovedFrom/FormerlySerializedAs or an exact-field compatibility shim; Missing Script prohibited","Resolved"
"Assets/_Game/Scenes/Boot.unity","Scene","L04","4e29b1a8efbd4b44bb3f3716e73f07ff","Button","Library/PackageCache/com.unity.ugui@1.0.0/Runtime/UI/Core/Button.cs","m_Navigation;m_Transition;m_Colors;m_SpriteState;m_AnimationTriggers;m_Interactable;m_TargetGraphic;m_OnClick","Preserve GUID/type until explicit component mapping is approved","Preserve original .cs.meta when possible; use MovedFrom/FormerlySerializedAs or an exact-field compatibility shim; Missing Script prohibited","Resolved"
"Assets/_Game/Scenes/Boot.unity","Scene","L04","fe87c0e1cc204ed48ad3b37840f39efc","Image","Library/PackageCache/com.unity.ugui@1.0.0/Runtime/UI/Core/Image.cs","m_Material;m_Color;m_RaycastTarget;m_RaycastPadding;m_Maskable;m_OnCullStateChanged;m_Sprite;m_Type;m_PreserveAspect;m_FillCenter;m_FillMethod;m_FillAmount;m_FillClockwise;m_FillOrigin;m_UseSpriteMesh;m_PixelsPerUnitMultiplier","Preserve GUID/type until explicit component mapping is approved","Preserve original .cs.meta when possible; use MovedFrom/FormerlySerializedAs or an exact-field compatibility shim; Missing Script prohibited","Resolved"
"Assets/_Game/Scenes/Boot.unity","Scene","L04","e19747de3f5aca642ab2be37e372fb86","Outline","Library/PackageCache/com.unity.ugui@1.0.0/Runtime/UI/Core/VertexModifiers/Outline.cs","m_EffectColor;m_EffectDistance;m_UseGraphicAlpha","Preserve GUID/type until explicit component mapping is approved","Preserve original .cs.meta when possible; use MovedFrom/FormerlySerializedAs or an exact-field compatibility shim; Missing Script prohibited","Resolved"
"Assets/_Game/Scenes/Boot.unity","Scene","L05","4e29b1a8efbd4b44bb3f3716e73f07ff","Button","Library/PackageCache/com.unity.ugui@1.0.0/Runtime/UI/Core/Button.cs","m_Navigation;m_Transition;m_Colors;m_SpriteState;m_AnimationTriggers;m_Interactable;m_TargetGraphic;m_OnClick","Preserve GUID/type until explicit component mapping is approved","Preserve original .cs.meta when possible; use MovedFrom/FormerlySerializedAs or an exact-field compatibility shim; Missing Script prohibited","Resolved"
"Assets/_Game/Scenes/Boot.unity","Scene","L05","fe87c0e1cc204ed48ad3b37840f39efc","Image","Library/PackageCache/com.unity.ugui@1.0.0/Runtime/UI/Core/Image.cs","m_Material;m_Color;m_RaycastTarget;m_RaycastPadding;m_Maskable;m_OnCullStateChanged;m_Sprite;m_Type;m_PreserveAspect;m_FillCenter;m_FillMethod;m_FillAmount;m_FillClockwise;m_FillOrigin;m_UseSpriteMesh;m_PixelsPerUnitMultiplier","Preserve GUID/type until explicit component mapping is approved","Preserve original .cs.meta when possible; use MovedFrom/FormerlySerializedAs or an exact-field compatibility shim; Missing Script prohibited","Resolved"
"Assets/_Game/Scenes/Boot.unity","Scene","L05","e19747de3f5aca642ab2be37e372fb86","Outline","Library/PackageCache/com.unity.ugui@1.0.0/Runtime/UI/Core/VertexModifiers/Outline.cs","m_EffectColor;m_EffectDistance;m_UseGraphicAlpha","Preserve GUID/type until explicit component mapping is approved","Preserve original .cs.meta when possible; use MovedFrom/FormerlySerializedAs or an exact-field compatibility shim; Missing Script prohibited","Resolved"
"Assets/_Game/Scenes/Boot.unity","Scene","L06","4e29b1a8efbd4b44bb3f3716e73f07ff","Button","Library/PackageCache/com.unity.ugui@1.0.0/Runtime/UI/Core/Button.cs","m_Navigation;m_Transition;m_Colors;m_SpriteState;m_AnimationTriggers;m_Interactable;m_TargetGraphic;m_OnClick","Preserve GUID/type until explicit component mapping is approved","Preserve original .cs.meta when possible; use MovedFrom/FormerlySerializedAs or an exact-field compatibility shim; Missing Script prohibited","Resolved"
"Assets/_Game/Scenes/Boot.unity","Scene","L06","fe87c0e1cc204ed48ad3b37840f39efc","Image","Library/PackageCache/com.unity.ugui@1.0.0/Runtime/UI/Core/Image.cs","m_Material;m_Color;m_RaycastTarget;m_RaycastPadding;m_Maskable;m_OnCullStateChanged;m_Sprite;m_Type;m_PreserveAspect;m_FillCenter;m_FillMethod;m_FillAmount;m_FillClockwise;m_FillOrigin;m_UseSpriteMesh;m_PixelsPerUnitMultiplier","Preserve GUID/type until explicit component mapping is approved","Preserve original .cs.meta when possible; use MovedFrom/FormerlySerializedAs or an exact-field compatibility shim; Missing Script prohibited","Resolved"
"Assets/_Game/Scenes/Boot.unity","Scene","L06","e19747de3f5aca642ab2be37e372fb86","Outline","Library/PackageCache/com.unity.ugui@1.0.0/Runtime/UI/Core/VertexModifiers/Outline.cs","m_EffectColor;m_EffectDistance;m_UseGraphicAlpha","Preserve GUID/type until explicit component mapping is approved","Preserve original .cs.meta when possible; use MovedFrom/FormerlySerializedAs or an exact-field compatibility shim; Missing Script prohibited","Resolved"
"Assets/_Game/Scenes/Boot.unity","Scene","L07","4e29b1a8efbd4b44bb3f3716e73f07ff","Button","Library/PackageCache/com.unity.ugui@1.0.0/Runtime/UI/Core/Button.cs","m_Navigation;m_Transition;m_Colors;m_SpriteState;m_AnimationTriggers;m_Interactable;m_TargetGraphic;m_OnClick","Preserve GUID/type until explicit component mapping is approved","Preserve original .cs.meta when possible; use MovedFrom/FormerlySerializedAs or an exact-field compatibility shim; Missing Script prohibited","Resolved"
"Assets/_Game/Scenes/Boot.unity","Scene","L07","fe87c0e1cc204ed48ad3b37840f39efc","Image","Library/PackageCache/com.unity.ugui@1.0.0/Runtime/UI/Core/Image.cs","m_Material;m_Color;m_RaycastTarget;m_RaycastPadding;m_Maskable;m_OnCullStateChanged;m_Sprite;m_Type;m_PreserveAspect;m_FillCenter;m_FillMethod;m_FillAmount;m_FillClockwise;m_FillOrigin;m_UseSpriteMesh;m_PixelsPerUnitMultiplier","Preserve GUID/type until explicit component mapping is approved","Preserve original .cs.meta when possible; use MovedFrom/FormerlySerializedAs or an exact-field compatibility shim; Missing Script prohibited","Resolved"
"Assets/_Game/Scenes/Boot.unity","Scene","L07","e19747de3f5aca642ab2be37e372fb86","Outline","Library/PackageCache/com.unity.ugui@1.0.0/Runtime/UI/Core/VertexModifiers/Outline.cs","m_EffectColor;m_EffectDistance;m_UseGraphicAlpha","Preserve GUID/type until explicit component mapping is approved","Preserve original .cs.meta when possible; use MovedFrom/FormerlySerializedAs or an exact-field compatibility shim; Missing Script prohibited","Resolved"
"Assets/_Game/Scenes/Boot.unity","Scene","L08","4e29b1a8efbd4b44bb3f3716e73f07ff","Button","Library/PackageCache/com.unity.ugui@1.0.0/Runtime/UI/Core/Button.cs","m_Navigation;m_Transition;m_Colors;m_SpriteState;m_AnimationTriggers;m_Interactable;m_TargetGraphic;m_OnClick","Preserve GUID/type until explicit component mapping is approved","Preserve original .cs.meta when possible; use MovedFrom/FormerlySerializedAs or an exact-field compatibility shim; Missing Script prohibited","Resolved"
"Assets/_Game/Scenes/Boot.unity","Scene","L08","fe87c0e1cc204ed48ad3b37840f39efc","Image","Library/PackageCache/com.unity.ugui@1.0.0/Runtime/UI/Core/Image.cs","m_Material;m_Color;m_RaycastTarget;m_RaycastPadding;m_Maskable;m_OnCullStateChanged;m_Sprite;m_Type;m_PreserveAspect;m_FillCenter;m_FillMethod;m_FillAmount;m_FillClockwise;m_FillOrigin;m_UseSpriteMesh;m_PixelsPerUnitMultiplier","Preserve GUID/type until explicit component mapping is approved","Preserve original .cs.meta when possible; use MovedFrom/FormerlySerializedAs or an exact-field compatibility shim; Missing Script prohibited","Resolved"
"Assets/_Game/Scenes/Boot.unity","Scene","L08","e19747de3f5aca642ab2be37e372fb86","Outline","Library/PackageCache/com.unity.ugui@1.0.0/Runtime/UI/Core/VertexModifiers/Outline.cs","m_EffectColor;m_EffectDistance;m_UseGraphicAlpha","Preserve GUID/type until explicit component mapping is approved","Preserve original .cs.meta when possible; use MovedFrom/FormerlySerializedAs or an exact-field compatibility shim; Missing Script prohibited","Resolved"
"Assets/_Game/Scenes/Boot.unity","Scene","L09","4e29b1a8efbd4b44bb3f3716e73f07ff","Button","Library/PackageCache/com.unity.ugui@1.0.0/Runtime/UI/Core/Button.cs","m_Navigation;m_Transition;m_Colors;m_SpriteState;m_AnimationTriggers;m_Interactable;m_TargetGraphic;m_OnClick","Preserve GUID/type until explicit component mapping is approved","Preserve original .cs.meta when possible; use MovedFrom/FormerlySerializedAs or an exact-field compatibility shim; Missing Script prohibited","Resolved"
"Assets/_Game/Scenes/Boot.unity","Scene","L09","fe87c0e1cc204ed48ad3b37840f39efc","Image","Library/PackageCache/com.unity.ugui@1.0.0/Runtime/UI/Core/Image.cs","m_Material;m_Color;m_RaycastTarget;m_RaycastPadding;m_Maskable;m_OnCullStateChanged;m_Sprite;m_Type;m_PreserveAspect;m_FillCenter;m_FillMethod;m_FillAmount;m_FillClockwise;m_FillOrigin;m_UseSpriteMesh;m_PixelsPerUnitMultiplier","Preserve GUID/type until explicit component mapping is approved","Preserve original .cs.meta when possible; use MovedFrom/FormerlySerializedAs or an exact-field compatibility shim; Missing Script prohibited","Resolved"
"Assets/_Game/Scenes/Boot.unity","Scene","L09","e19747de3f5aca642ab2be37e372fb86","Outline","Library/PackageCache/com.unity.ugui@1.0.0/Runtime/UI/Core/VertexModifiers/Outline.cs","m_EffectColor;m_EffectDistance;m_UseGraphicAlpha","Preserve GUID/type until explicit component mapping is approved","Preserve original .cs.meta when possible; use MovedFrom/FormerlySerializedAs or an exact-field compatibility shim; Missing Script prohibited","Resolved"
"Assets/_Game/Scenes/Boot.unity","Scene","L10","4e29b1a8efbd4b44bb3f3716e73f07ff","Button","Library/PackageCache/com.unity.ugui@1.0.0/Runtime/UI/Core/Button.cs","m_Navigation;m_Transition;m_Colors;m_SpriteState;m_AnimationTriggers;m_Interactable;m_TargetGraphic;m_OnClick","Preserve GUID/type until explicit component mapping is approved","Preserve original .cs.meta when possible; use MovedFrom/FormerlySerializedAs or an exact-field compatibility shim; Missing Script prohibited","Resolved"
"Assets/_Game/Scenes/Boot.unity","Scene","L10","fe87c0e1cc204ed48ad3b37840f39efc","Image","Library/PackageCache/com.unity.ugui@1.0.0/Runtime/UI/Core/Image.cs","m_Material;m_Color;m_RaycastTarget;m_RaycastPadding;m_Maskable;m_OnCullStateChanged;m_Sprite;m_Type;m_PreserveAspect;m_FillCenter;m_FillMethod;m_FillAmount;m_FillClockwise;m_FillOrigin;m_UseSpriteMesh;m_PixelsPerUnitMultiplier","Preserve GUID/type until explicit component mapping is approved","Preserve original .cs.meta when possible; use MovedFrom/FormerlySerializedAs or an exact-field compatibility shim; Missing Script prohibited","Resolved"
"Assets/_Game/Scenes/Boot.unity","Scene","L10","e19747de3f5aca642ab2be37e372fb86","Outline","Library/PackageCache/com.unity.ugui@1.0.0/Runtime/UI/Core/VertexModifiers/Outline.cs","m_EffectColor;m_EffectDistance;m_UseGraphicAlpha","Preserve GUID/type until explicit component mapping is approved","Preserve original .cs.meta when possible; use MovedFrom/FormerlySerializedAs or an exact-field compatibility shim; Missing Script prohibited","Resolved"
"Assets/_Game/Scenes/Boot.unity","Scene","L11","4e29b1a8efbd4b44bb3f3716e73f07ff","Button","Library/PackageCache/com.unity.ugui@1.0.0/Runtime/UI/Core/Button.cs","m_Navigation;m_Transition;m_Colors;m_SpriteState;m_AnimationTriggers;m_Interactable;m_TargetGraphic;m_OnClick","Preserve GUID/type until explicit component mapping is approved","Preserve original .cs.meta when possible; use MovedFrom/FormerlySerializedAs or an exact-field compatibility shim; Missing Script prohibited","Resolved"
"Assets/_Game/Scenes/Boot.unity","Scene","L11","fe87c0e1cc204ed48ad3b37840f39efc","Image","Library/PackageCache/com.unity.ugui@1.0.0/Runtime/UI/Core/Image.cs","m_Material;m_Color;m_RaycastTarget;m_RaycastPadding;m_Maskable;m_OnCullStateChanged;m_Sprite;m_Type;m_PreserveAspect;m_FillCenter;m_FillMethod;m_FillAmount;m_FillClockwise;m_FillOrigin;m_UseSpriteMesh;m_PixelsPerUnitMultiplier","Preserve GUID/type until explicit component mapping is approved","Preserve original .cs.meta when possible; use MovedFrom/FormerlySerializedAs or an exact-field compatibility shim; Missing Script prohibited","Resolved"
"Assets/_Game/Scenes/Boot.unity","Scene","L11","e19747de3f5aca642ab2be37e372fb86","Outline","Library/PackageCache/com.unity.ugui@1.0.0/Runtime/UI/Core/VertexModifiers/Outline.cs","m_EffectColor;m_EffectDistance;m_UseGraphicAlpha","Preserve GUID/type until explicit component mapping is approved","Preserve original .cs.meta when possible; use MovedFrom/FormerlySerializedAs or an exact-field compatibility shim; Missing Script prohibited","Resolved"
"Assets/_Game/Scenes/Boot.unity","Scene","L12","4e29b1a8efbd4b44bb3f3716e73f07ff","Button","Library/PackageCache/com.unity.ugui@1.0.0/Runtime/UI/Core/Button.cs","m_Navigation;m_Transition;m_Colors;m_SpriteState;m_AnimationTriggers;m_Interactable;m_TargetGraphic;m_OnClick","Preserve GUID/type until explicit component mapping is approved","Preserve original .cs.meta when possible; use MovedFrom/FormerlySerializedAs or an exact-field compatibility shim; Missing Script prohibited","Resolved"
"Assets/_Game/Scenes/Boot.unity","Scene","L12","fe87c0e1cc204ed48ad3b37840f39efc","Image","Library/PackageCache/com.unity.ugui@1.0.0/Runtime/UI/Core/Image.cs","m_Material;m_Color;m_RaycastTarget;m_RaycastPadding;m_Maskable;m_OnCullStateChanged;m_Sprite;m_Type;m_PreserveAspect;m_FillCenter;m_FillMethod;m_FillAmount;m_FillClockwise;m_FillOrigin;m_UseSpriteMesh;m_PixelsPerUnitMultiplier","Preserve GUID/type until explicit component mapping is approved","Preserve original .cs.meta when possible; use MovedFrom/FormerlySerializedAs or an exact-field compatibility shim; Missing Script prohibited","Resolved"
"Assets/_Game/Scenes/Boot.unity","Scene","L12","e19747de3f5aca642ab2be37e372fb86","Outline","Library/PackageCache/com.unity.ugui@1.0.0/Runtime/UI/Core/VertexModifiers/Outline.cs","m_EffectColor;m_EffectDistance;m_UseGraphicAlpha","Preserve GUID/type until explicit component mapping is approved","Preserve original .cs.meta when possible; use MovedFrom/FormerlySerializedAs or an exact-field compatibility shim; Missing Script prohibited","Resolved"
"Assets/_Game/Scenes/Boot.unity","Scene","L13","4e29b1a8efbd4b44bb3f3716e73f07ff","Button","Library/PackageCache/com.unity.ugui@1.0.0/Runtime/UI/Core/Button.cs","m_Navigation;m_Transition;m_Colors;m_SpriteState;m_AnimationTriggers;m_Interactable;m_TargetGraphic;m_OnClick","Preserve GUID/type until explicit component mapping is approved","Preserve original .cs.meta when possible; use MovedFrom/FormerlySerializedAs or an exact-field compatibility shim; Missing Script prohibited","Resolved"
"Assets/_Game/Scenes/Boot.unity","Scene","L13","fe87c0e1cc204ed48ad3b37840f39efc","Image","Library/PackageCache/com.unity.ugui@1.0.0/Runtime/UI/Core/Image.cs","m_Material;m_Color;m_RaycastTarget;m_RaycastPadding;m_Maskable;m_OnCullStateChanged;m_Sprite;m_Type;m_PreserveAspect;m_FillCenter;m_FillMethod;m_FillAmount;m_FillClockwise;m_FillOrigin;m_UseSpriteMesh;m_PixelsPerUnitMultiplier","Preserve GUID/type until explicit component mapping is approved","Preserve original .cs.meta when possible; use MovedFrom/FormerlySerializedAs or an exact-field compatibility shim; Missing Script prohibited","Resolved"
"Assets/_Game/Scenes/Boot.unity","Scene","L13","e19747de3f5aca642ab2be37e372fb86","Outline","Library/PackageCache/com.unity.ugui@1.0.0/Runtime/UI/Core/VertexModifiers/Outline.cs","m_EffectColor;m_EffectDistance;m_UseGraphicAlpha","Preserve GUID/type until explicit component mapping is approved","Preserve original .cs.meta when possible; use MovedFrom/FormerlySerializedAs or an exact-field compatibility shim; Missing Script prohibited","Resolved"
"Assets/_Game/Scenes/Boot.unity","Scene","L14","4e29b1a8efbd4b44bb3f3716e73f07ff","Button","Library/PackageCache/com.unity.ugui@1.0.0/Runtime/UI/Core/Button.cs","m_Navigation;m_Transition;m_Colors;m_SpriteState;m_AnimationTriggers;m_Interactable;m_TargetGraphic;m_OnClick","Preserve GUID/type until explicit component mapping is approved","Preserve original .cs.meta when possible; use MovedFrom/FormerlySerializedAs or an exact-field compatibility shim; Missing Script prohibited","Resolved"
"Assets/_Game/Scenes/Boot.unity","Scene","L14","fe87c0e1cc204ed48ad3b37840f39efc","Image","Library/PackageCache/com.unity.ugui@1.0.0/Runtime/UI/Core/Image.cs","m_Material;m_Color;m_RaycastTarget;m_RaycastPadding;m_Maskable;m_OnCullStateChanged;m_Sprite;m_Type;m_PreserveAspect;m_FillCenter;m_FillMethod;m_FillAmount;m_FillClockwise;m_FillOrigin;m_UseSpriteMesh;m_PixelsPerUnitMultiplier","Preserve GUID/type until explicit component mapping is approved","Preserve original .cs.meta when possible; use MovedFrom/FormerlySerializedAs or an exact-field compatibility shim; Missing Script prohibited","Resolved"
"Assets/_Game/Scenes/Boot.unity","Scene","L14","e19747de3f5aca642ab2be37e372fb86","Outline","Library/PackageCache/com.unity.ugui@1.0.0/Runtime/UI/Core/VertexModifiers/Outline.cs","m_EffectColor;m_EffectDistance;m_UseGraphicAlpha","Preserve GUID/type until explicit component mapping is approved","Preserve original .cs.meta when possible; use MovedFrom/FormerlySerializedAs or an exact-field compatibility shim; Missing Script prohibited","Resolved"
"Assets/_Game/Scenes/Boot.unity","Scene","L15","4e29b1a8efbd4b44bb3f3716e73f07ff","Button","Library/PackageCache/com.unity.ugui@1.0.0/Runtime/UI/Core/Button.cs","m_Navigation;m_Transition;m_Colors;m_SpriteState;m_AnimationTriggers;m_Interactable;m_TargetGraphic;m_OnClick","Preserve GUID/type until explicit component mapping is approved","Preserve original .cs.meta when possible; use MovedFrom/FormerlySerializedAs or an exact-field compatibility shim; Missing Script prohibited","Resolved"
"Assets/_Game/Scenes/Boot.unity","Scene","L15","fe87c0e1cc204ed48ad3b37840f39efc","Image","Library/PackageCache/com.unity.ugui@1.0.0/Runtime/UI/Core/Image.cs","m_Material;m_Color;m_RaycastTarget;m_RaycastPadding;m_Maskable;m_OnCullStateChanged;m_Sprite;m_Type;m_PreserveAspect;m_FillCenter;m_FillMethod;m_FillAmount;m_FillClockwise;m_FillOrigin;m_UseSpriteMesh;m_PixelsPerUnitMultiplier","Preserve GUID/type until explicit component mapping is approved","Preserve original .cs.meta when possible; use MovedFrom/FormerlySerializedAs or an exact-field compatibility shim; Missing Script prohibited","Resolved"
"Assets/_Game/Scenes/Boot.unity","Scene","L15","e19747de3f5aca642ab2be37e372fb86","Outline","Library/PackageCache/com.unity.ugui@1.0.0/Runtime/UI/Core/VertexModifiers/Outline.cs","m_EffectColor;m_EffectDistance;m_UseGraphicAlpha","Preserve GUID/type until explicit component mapping is approved","Preserve original .cs.meta when possible; use MovedFrom/FormerlySerializedAs or an exact-field compatibility shim; Missing Script prohibited","Resolved"
"Assets/_Game/Scenes/Boot.unity","Scene","L16","4e29b1a8efbd4b44bb3f3716e73f07ff","Button","Library/PackageCache/com.unity.ugui@1.0.0/Runtime/UI/Core/Button.cs","m_Navigation;m_Transition;m_Colors;m_SpriteState;m_AnimationTriggers;m_Interactable;m_TargetGraphic;m_OnClick","Preserve GUID/type until explicit component mapping is approved","Preserve original .cs.meta when possible; use MovedFrom/FormerlySerializedAs or an exact-field compatibility shim; Missing Script prohibited","Resolved"
"Assets/_Game/Scenes/Boot.unity","Scene","L16","fe87c0e1cc204ed48ad3b37840f39efc","Image","Library/PackageCache/com.unity.ugui@1.0.0/Runtime/UI/Core/Image.cs","m_Material;m_Color;m_RaycastTarget;m_RaycastPadding;m_Maskable;m_OnCullStateChanged;m_Sprite;m_Type;m_PreserveAspect;m_FillCenter;m_FillMethod;m_FillAmount;m_FillClockwise;m_FillOrigin;m_UseSpriteMesh;m_PixelsPerUnitMultiplier","Preserve GUID/type until explicit component mapping is approved","Preserve original .cs.meta when possible; use MovedFrom/FormerlySerializedAs or an exact-field compatibility shim; Missing Script prohibited","Resolved"
"Assets/_Game/Scenes/Boot.unity","Scene","L16","e19747de3f5aca642ab2be37e372fb86","Outline","Library/PackageCache/com.unity.ugui@1.0.0/Runtime/UI/Core/VertexModifiers/Outline.cs","m_EffectColor;m_EffectDistance;m_UseGraphicAlpha","Preserve GUID/type until explicit component mapping is approved","Preserve original .cs.meta when possible; use MovedFrom/FormerlySerializedAs or an exact-field compatibility shim; Missing Script prohibited","Resolved"
"Assets/_Game/Scenes/Boot.unity","Scene","L17","4e29b1a8efbd4b44bb3f3716e73f07ff","Button","Library/PackageCache/com.unity.ugui@1.0.0/Runtime/UI/Core/Button.cs","m_Navigation;m_Transition;m_Colors;m_SpriteState;m_AnimationTriggers;m_Interactable;m_TargetGraphic;m_OnClick","Preserve GUID/type until explicit component mapping is approved","Preserve original .cs.meta when possible; use MovedFrom/FormerlySerializedAs or an exact-field compatibility shim; Missing Script prohibited","Resolved"
"Assets/_Game/Scenes/Boot.unity","Scene","L17","fe87c0e1cc204ed48ad3b37840f39efc","Image","Library/PackageCache/com.unity.ugui@1.0.0/Runtime/UI/Core/Image.cs","m_Material;m_Color;m_RaycastTarget;m_RaycastPadding;m_Maskable;m_OnCullStateChanged;m_Sprite;m_Type;m_PreserveAspect;m_FillCenter;m_FillMethod;m_FillAmount;m_FillClockwise;m_FillOrigin;m_UseSpriteMesh;m_PixelsPerUnitMultiplier","Preserve GUID/type until explicit component mapping is approved","Preserve original .cs.meta when possible; use MovedFrom/FormerlySerializedAs or an exact-field compatibility shim; Missing Script prohibited","Resolved"
"Assets/_Game/Scenes/Boot.unity","Scene","L17","e19747de3f5aca642ab2be37e372fb86","Outline","Library/PackageCache/com.unity.ugui@1.0.0/Runtime/UI/Core/VertexModifiers/Outline.cs","m_EffectColor;m_EffectDistance;m_UseGraphicAlpha","Preserve GUID/type until explicit component mapping is approved","Preserve original .cs.meta when possible; use MovedFrom/FormerlySerializedAs or an exact-field compatibility shim; Missing Script prohibited","Resolved"
"Assets/_Game/Scenes/Boot.unity","Scene","L18","4e29b1a8efbd4b44bb3f3716e73f07ff","Button","Library/PackageCache/com.unity.ugui@1.0.0/Runtime/UI/Core/Button.cs","m_Navigation;m_Transition;m_Colors;m_SpriteState;m_AnimationTriggers;m_Interactable;m_TargetGraphic;m_OnClick","Preserve GUID/type until explicit component mapping is approved","Preserve original .cs.meta when possible; use MovedFrom/FormerlySerializedAs or an exact-field compatibility shim; Missing Script prohibited","Resolved"
"Assets/_Game/Scenes/Boot.unity","Scene","L18","fe87c0e1cc204ed48ad3b37840f39efc","Image","Library/PackageCache/com.unity.ugui@1.0.0/Runtime/UI/Core/Image.cs","m_Material;m_Color;m_RaycastTarget;m_RaycastPadding;m_Maskable;m_OnCullStateChanged;m_Sprite;m_Type;m_PreserveAspect;m_FillCenter;m_FillMethod;m_FillAmount;m_FillClockwise;m_FillOrigin;m_UseSpriteMesh;m_PixelsPerUnitMultiplier","Preserve GUID/type until explicit component mapping is approved","Preserve original .cs.meta when possible; use MovedFrom/FormerlySerializedAs or an exact-field compatibility shim; Missing Script prohibited","Resolved"
"Assets/_Game/Scenes/Boot.unity","Scene","L18","e19747de3f5aca642ab2be37e372fb86","Outline","Library/PackageCache/com.unity.ugui@1.0.0/Runtime/UI/Core/VertexModifiers/Outline.cs","m_EffectColor;m_EffectDistance;m_UseGraphicAlpha","Preserve GUID/type until explicit component mapping is approved","Preserve original .cs.meta when possible; use MovedFrom/FormerlySerializedAs or an exact-field compatibility shim; Missing Script prohibited","Resolved"
"Assets/_Game/Scenes/Boot.unity","Scene","L19","4e29b1a8efbd4b44bb3f3716e73f07ff","Button","Library/PackageCache/com.unity.ugui@1.0.0/Runtime/UI/Core/Button.cs","m_Navigation;m_Transition;m_Colors;m_SpriteState;m_AnimationTriggers;m_Interactable;m_TargetGraphic;m_OnClick","Preserve GUID/type until explicit component mapping is approved","Preserve original .cs.meta when possible; use MovedFrom/FormerlySerializedAs or an exact-field compatibility shim; Missing Script prohibited","Resolved"
"Assets/_Game/Scenes/Boot.unity","Scene","L19","fe87c0e1cc204ed48ad3b37840f39efc","Image","Library/PackageCache/com.unity.ugui@1.0.0/Runtime/UI/Core/Image.cs","m_Material;m_Color;m_RaycastTarget;m_RaycastPadding;m_Maskable;m_OnCullStateChanged;m_Sprite;m_Type;m_PreserveAspect;m_FillCenter;m_FillMethod;m_FillAmount;m_FillClockwise;m_FillOrigin;m_UseSpriteMesh;m_PixelsPerUnitMultiplier","Preserve GUID/type until explicit component mapping is approved","Preserve original .cs.meta when possible; use MovedFrom/FormerlySerializedAs or an exact-field compatibility shim; Missing Script prohibited","Resolved"
"Assets/_Game/Scenes/Boot.unity","Scene","L19","e19747de3f5aca642ab2be37e372fb86","Outline","Library/PackageCache/com.unity.ugui@1.0.0/Runtime/UI/Core/VertexModifiers/Outline.cs","m_EffectColor;m_EffectDistance;m_UseGraphicAlpha","Preserve GUID/type until explicit component mapping is approved","Preserve original .cs.meta when possible; use MovedFrom/FormerlySerializedAs or an exact-field compatibility shim; Missing Script prohibited","Resolved"
"Assets/_Game/Scenes/Boot.unity","Scene","L20","4e29b1a8efbd4b44bb3f3716e73f07ff","Button","Library/PackageCache/com.unity.ugui@1.0.0/Runtime/UI/Core/Button.cs","m_Navigation;m_Transition;m_Colors;m_SpriteState;m_AnimationTriggers;m_Interactable;m_TargetGraphic;m_OnClick","Preserve GUID/type until explicit component mapping is approved","Preserve original .cs.meta when possible; use MovedFrom/FormerlySerializedAs or an exact-field compatibility shim; Missing Script prohibited","Resolved"
"Assets/_Game/Scenes/Boot.unity","Scene","L20","fe87c0e1cc204ed48ad3b37840f39efc","Image","Library/PackageCache/com.unity.ugui@1.0.0/Runtime/UI/Core/Image.cs","m_Material;m_Color;m_RaycastTarget;m_RaycastPadding;m_Maskable;m_OnCullStateChanged;m_Sprite;m_Type;m_PreserveAspect;m_FillCenter;m_FillMethod;m_FillAmount;m_FillClockwise;m_FillOrigin;m_UseSpriteMesh;m_PixelsPerUnitMultiplier","Preserve GUID/type until explicit component mapping is approved","Preserve original .cs.meta when possible; use MovedFrom/FormerlySerializedAs or an exact-field compatibility shim; Missing Script prohibited","Resolved"
"Assets/_Game/Scenes/Boot.unity","Scene","L20","e19747de3f5aca642ab2be37e372fb86","Outline","Library/PackageCache/com.unity.ugui@1.0.0/Runtime/UI/Core/VertexModifiers/Outline.cs","m_EffectColor;m_EffectDistance;m_UseGraphicAlpha","Preserve GUID/type until explicit component mapping is approved","Preserve original .cs.meta when possible; use MovedFrom/FormerlySerializedAs or an exact-field compatibility shim; Missing Script prohibited","Resolved"
"Assets/_Game/Scenes/Boot.unity","Scene","Label","f4688fdb7df04437aeb418b961361dc5","TextMeshProUGUI","Library/PackageCache/com.unity.textmeshpro@3.0.6/Scripts/Runtime/TextMeshProUGUI.cs","m_Material;m_Color;m_RaycastTarget;m_RaycastPadding;m_Maskable;m_OnCullStateChanged;m_text;m_isRightToLeft;m_fontAsset;m_sharedMaterial;m_fontSharedMaterials;m_fontMaterial;m_fontMaterials;m_fontColor32;m_fontColor;m_enableVertexGradient;m_colorMode;m_fontColorGradient;m_fontColorGradientPreset;m_spriteAsset;m_tintAllSprites;m_StyleSheet;m_TextStyleHashCode;m_overrideHtmlColors;m_faceColor;m_fontSize;m_fontSizeBase;m_fontWeight;m_enableAutoSizing;m_fontSizeMin;m_fontSizeMax;m_fontStyle;m_HorizontalAlignment;m_VerticalAlignment;m_textAlignment;m_characterSpacing;m_wordSpacing;m_lineSpacing;m_lineSpacingMax;m_paragraphSpacing;m_charWidthMaxAdj;m_enableWordWrapping;m_wordWrappingRatios;m_overflowMode;m_linkedTextComponent;parentLinkedComponent;m_enableKerning;m_enableExtraPadding;checkPaddingRequired;m_isRichText;m_parseCtrlCharacters;m_isOrthographic;m_isCullingEnabled;m_horizontalMapping;m_verticalMapping;m_uvLineOffset;m_geometrySortingOrder;m_IsTextObjectScaleStatic;m_VertexBufferAutoSizeReduction;m_useMaxVisibleDescender;m_pageToDisplay;m_margin;m_isUsingLegacyAnimationComponent;m_isVolumetricText;m_hasFontAssetChanged;m_baseMaterial;m_maskOffset","Preserve GUID/type until explicit component mapping is approved","Preserve original .cs.meta when possible; use MovedFrom/FormerlySerializedAs or an exact-field compatibility shim; Missing Script prohibited","Resolved"
"Assets/_Game/Scenes/Boot.unity","Scene","Label","f4688fdb7df04437aeb418b961361dc5","TextMeshProUGUI","Library/PackageCache/com.unity.textmeshpro@3.0.6/Scripts/Runtime/TextMeshProUGUI.cs","m_Material;m_Color;m_RaycastTarget;m_RaycastPadding;m_Maskable;m_OnCullStateChanged;m_text;m_isRightToLeft;m_fontAsset;m_sharedMaterial;m_fontSharedMaterials;m_fontMaterial;m_fontMaterials;m_fontColor32;m_fontColor;m_enableVertexGradient;m_colorMode;m_fontColorGradient;m_fontColorGradientPreset;m_spriteAsset;m_tintAllSprites;m_StyleSheet;m_TextStyleHashCode;m_overrideHtmlColors;m_faceColor;m_fontSize;m_fontSizeBase;m_fontWeight;m_enableAutoSizing;m_fontSizeMin;m_fontSizeMax;m_fontStyle;m_HorizontalAlignment;m_VerticalAlignment;m_textAlignment;m_characterSpacing;m_wordSpacing;m_lineSpacing;m_lineSpacingMax;m_paragraphSpacing;m_charWidthMaxAdj;m_enableWordWrapping;m_wordWrappingRatios;m_overflowMode;m_linkedTextComponent;parentLinkedComponent;m_enableKerning;m_enableExtraPadding;checkPaddingRequired;m_isRichText;m_parseCtrlCharacters;m_isOrthographic;m_isCullingEnabled;m_horizontalMapping;m_verticalMapping;m_uvLineOffset;m_geometrySortingOrder;m_IsTextObjectScaleStatic;m_VertexBufferAutoSizeReduction;m_useMaxVisibleDescender;m_pageToDisplay;m_margin;m_isUsingLegacyAnimationComponent;m_isVolumetricText;m_hasFontAssetChanged;m_baseMaterial;m_maskOffset","Preserve GUID/type until explicit component mapping is approved","Preserve original .cs.meta when possible; use MovedFrom/FormerlySerializedAs or an exact-field compatibility shim; Missing Script prohibited","Resolved"
"Assets/_Game/Scenes/Boot.unity","Scene","Label","f4688fdb7df04437aeb418b961361dc5","TextMeshProUGUI","Library/PackageCache/com.unity.textmeshpro@3.0.6/Scripts/Runtime/TextMeshProUGUI.cs","m_Material;m_Color;m_RaycastTarget;m_RaycastPadding;m_Maskable;m_OnCullStateChanged;m_text;m_isRightToLeft;m_fontAsset;m_sharedMaterial;m_fontSharedMaterials;m_fontMaterial;m_fontMaterials;m_fontColor32;m_fontColor;m_enableVertexGradient;m_colorMode;m_fontColorGradient;m_fontColorGradientPreset;m_spriteAsset;m_tintAllSprites;m_StyleSheet;m_TextStyleHashCode;m_overrideHtmlColors;m_faceColor;m_fontSize;m_fontSizeBase;m_fontWeight;m_enableAutoSizing;m_fontSizeMin;m_fontSizeMax;m_fontStyle;m_HorizontalAlignment;m_VerticalAlignment;m_textAlignment;m_characterSpacing;m_wordSpacing;m_lineSpacing;m_lineSpacingMax;m_paragraphSpacing;m_charWidthMaxAdj;m_enableWordWrapping;m_wordWrappingRatios;m_overflowMode;m_linkedTextComponent;parentLinkedComponent;m_enableKerning;m_enableExtraPadding;checkPaddingRequired;m_isRichText;m_parseCtrlCharacters;m_isOrthographic;m_isCullingEnabled;m_horizontalMapping;m_verticalMapping;m_uvLineOffset;m_geometrySortingOrder;m_IsTextObjectScaleStatic;m_VertexBufferAutoSizeReduction;m_useMaxVisibleDescender;m_pageToDisplay;m_margin;m_isUsingLegacyAnimationComponent;m_isVolumetricText;m_hasFontAssetChanged;m_baseMaterial;m_maskOffset","Preserve GUID/type until explicit component mapping is approved","Preserve original .cs.meta when possible; use MovedFrom/FormerlySerializedAs or an exact-field compatibility shim; Missing Script prohibited","Resolved"
"Assets/_Game/Scenes/Boot.unity","Scene","Label","f4688fdb7df04437aeb418b961361dc5","TextMeshProUGUI","Library/PackageCache/com.unity.textmeshpro@3.0.6/Scripts/Runtime/TextMeshProUGUI.cs","m_Material;m_Color;m_RaycastTarget;m_RaycastPadding;m_Maskable;m_OnCullStateChanged;m_text;m_isRightToLeft;m_fontAsset;m_sharedMaterial;m_fontSharedMaterials;m_fontMaterial;m_fontMaterials;m_fontColor32;m_fontColor;m_enableVertexGradient;m_colorMode;m_fontColorGradient;m_fontColorGradientPreset;m_spriteAsset;m_tintAllSprites;m_StyleSheet;m_TextStyleHashCode;m_overrideHtmlColors;m_faceColor;m_fontSize;m_fontSizeBase;m_fontWeight;m_enableAutoSizing;m_fontSizeMin;m_fontSizeMax;m_fontStyle;m_HorizontalAlignment;m_VerticalAlignment;m_textAlignment;m_characterSpacing;m_wordSpacing;m_lineSpacing;m_lineSpacingMax;m_paragraphSpacing;m_charWidthMaxAdj;m_enableWordWrapping;m_wordWrappingRatios;m_overflowMode;m_linkedTextComponent;parentLinkedComponent;m_enableKerning;m_enableExtraPadding;checkPaddingRequired;m_isRichText;m_parseCtrlCharacters;m_isOrthographic;m_isCullingEnabled;m_horizontalMapping;m_verticalMapping;m_uvLineOffset;m_geometrySortingOrder;m_IsTextObjectScaleStatic;m_VertexBufferAutoSizeReduction;m_useMaxVisibleDescender;m_pageToDisplay;m_margin;m_isUsingLegacyAnimationComponent;m_isVolumetricText;m_hasFontAssetChanged;m_baseMaterial;m_maskOffset","Preserve GUID/type until explicit component mapping is approved","Preserve original .cs.meta when possible; use MovedFrom/FormerlySerializedAs or an exact-field compatibility shim; Missing Script prohibited","Resolved"
"Assets/_Game/Scenes/Boot.unity","Scene","LeftDecorLine01","fe87c0e1cc204ed48ad3b37840f39efc","Image","Library/PackageCache/com.unity.ugui@1.0.0/Runtime/UI/Core/Image.cs","m_Material;m_Color;m_RaycastTarget;m_RaycastPadding;m_Maskable;m_OnCullStateChanged;m_Sprite;m_Type;m_PreserveAspect;m_FillCenter;m_FillMethod;m_FillAmount;m_FillClockwise;m_FillOrigin;m_UseSpriteMesh;m_PixelsPerUnitMultiplier","Preserve GUID/type until explicit component mapping is approved","Preserve original .cs.meta when possible; use MovedFrom/FormerlySerializedAs or an exact-field compatibility shim; Missing Script prohibited","Resolved"
"Assets/_Game/Scenes/Boot.unity","Scene","LeftDecorLine02","fe87c0e1cc204ed48ad3b37840f39efc","Image","Library/PackageCache/com.unity.ugui@1.0.0/Runtime/UI/Core/Image.cs","m_Material;m_Color;m_RaycastTarget;m_RaycastPadding;m_Maskable;m_OnCullStateChanged;m_Sprite;m_Type;m_PreserveAspect;m_FillCenter;m_FillMethod;m_FillAmount;m_FillClockwise;m_FillOrigin;m_UseSpriteMesh;m_PixelsPerUnitMultiplier","Preserve GUID/type until explicit component mapping is approved","Preserve original .cs.meta when possible; use MovedFrom/FormerlySerializedAs or an exact-field compatibility shim; Missing Script prohibited","Resolved"
"Assets/_Game/Scenes/Boot.unity","Scene","Legend","fe87c0e1cc204ed48ad3b37840f39efc","Image","Library/PackageCache/com.unity.ugui@1.0.0/Runtime/UI/Core/Image.cs","m_Material;m_Color;m_RaycastTarget;m_RaycastPadding;m_Maskable;m_OnCullStateChanged;m_Sprite;m_Type;m_PreserveAspect;m_FillCenter;m_FillMethod;m_FillAmount;m_FillClockwise;m_FillOrigin;m_UseSpriteMesh;m_PixelsPerUnitMultiplier","Preserve GUID/type until explicit component mapping is approved","Preserve original .cs.meta when possible; use MovedFrom/FormerlySerializedAs or an exact-field compatibility shim; Missing Script prohibited","Resolved"
"Assets/_Game/Scenes/Boot.unity","Scene","Legend","e19747de3f5aca642ab2be37e372fb86","Outline","Library/PackageCache/com.unity.ugui@1.0.0/Runtime/UI/Core/VertexModifiers/Outline.cs","m_EffectColor;m_EffectDistance;m_UseGraphicAlpha","Preserve GUID/type until explicit component mapping is approved","Preserve original .cs.meta when possible; use MovedFrom/FormerlySerializedAs or an exact-field compatibility shim; Missing Script prohibited","Resolved"
"Assets/_Game/Scenes/Boot.unity","Scene","LevelCode","f4688fdb7df04437aeb418b961361dc5","TextMeshProUGUI","Library/PackageCache/com.unity.textmeshpro@3.0.6/Scripts/Runtime/TextMeshProUGUI.cs","m_Material;m_Color;m_RaycastTarget;m_RaycastPadding;m_Maskable;m_OnCullStateChanged;m_text;m_isRightToLeft;m_fontAsset;m_sharedMaterial;m_fontSharedMaterials;m_fontMaterial;m_fontMaterials;m_fontColor32;m_fontColor;m_enableVertexGradient;m_colorMode;m_fontColorGradient;m_fontColorGradientPreset;m_spriteAsset;m_tintAllSprites;m_StyleSheet;m_TextStyleHashCode;m_overrideHtmlColors;m_faceColor;m_fontSize;m_fontSizeBase;m_fontWeight;m_enableAutoSizing;m_fontSizeMin;m_fontSizeMax;m_fontStyle;m_HorizontalAlignment;m_VerticalAlignment;m_textAlignment;m_characterSpacing;m_wordSpacing;m_lineSpacing;m_lineSpacingMax;m_paragraphSpacing;m_charWidthMaxAdj;m_enableWordWrapping;m_wordWrappingRatios;m_overflowMode;m_linkedTextComponent;parentLinkedComponent;m_enableKerning;m_enableExtraPadding;checkPaddingRequired;m_isRichText;m_parseCtrlCharacters;m_isOrthographic;m_isCullingEnabled;m_horizontalMapping;m_verticalMapping;m_uvLineOffset;m_geometrySortingOrder;m_IsTextObjectScaleStatic;m_VertexBufferAutoSizeReduction;m_useMaxVisibleDescender;m_pageToDisplay;m_margin;m_isUsingLegacyAnimationComponent;m_isVolumetricText;m_hasFontAssetChanged;m_baseMaterial;m_maskOffset","Preserve GUID/type until explicit component mapping is approved","Preserve original .cs.meta when possible; use MovedFrom/FormerlySerializedAs or an exact-field compatibility shim; Missing Script prohibited","Resolved"
"Assets/_Game/Scenes/Boot.unity","Scene","LevelIntroPanel","fe87c0e1cc204ed48ad3b37840f39efc","Image","Library/PackageCache/com.unity.ugui@1.0.0/Runtime/UI/Core/Image.cs","m_Material;m_Color;m_RaycastTarget;m_RaycastPadding;m_Maskable;m_OnCullStateChanged;m_Sprite;m_Type;m_PreserveAspect;m_FillCenter;m_FillMethod;m_FillAmount;m_FillClockwise;m_FillOrigin;m_UseSpriteMesh;m_PixelsPerUnitMultiplier","Preserve GUID/type until explicit component mapping is approved","Preserve original .cs.meta when possible; use MovedFrom/FormerlySerializedAs or an exact-field compatibility shim; Missing Script prohibited","Resolved"
"Assets/_Game/Scenes/Boot.unity","Scene","LevelIntroPanel","e19747de3f5aca642ab2be37e372fb86","Outline","Library/PackageCache/com.unity.ugui@1.0.0/Runtime/UI/Core/VertexModifiers/Outline.cs","m_EffectColor;m_EffectDistance;m_UseGraphicAlpha","Preserve GUID/type until explicit component mapping is approved","Preserve original .cs.meta when possible; use MovedFrom/FormerlySerializedAs or an exact-field compatibility shim; Missing Script prohibited","Resolved"
"Assets/_Game/Scenes/Boot.unity","Scene","LevelSelectCanvas","0cd44c1031e13a943bb63640046fad76","CanvasScaler","Library/PackageCache/com.unity.ugui@1.0.0/Runtime/UI/Core/Layout/CanvasScaler.cs","m_UiScaleMode;m_ReferencePixelsPerUnit;m_ScaleFactor;m_ReferenceResolution;m_ScreenMatchMode;m_MatchWidthOrHeight;m_PhysicalUnit;m_FallbackScreenDPI;m_DefaultSpriteDPI;m_DynamicPixelsPerUnit;m_PresetInfoIsWorld","Preserve GUID/type until explicit component mapping is approved","Preserve original .cs.meta when possible; use MovedFrom/FormerlySerializedAs or an exact-field compatibility shim; Missing Script prohibited","Resolved"
"Assets/_Game/Scenes/Boot.unity","Scene","LevelSelectCanvas","dc42784cf147c0c48a680349fa168899","GraphicRaycaster","Library/PackageCache/com.unity.ugui@1.0.0/Runtime/UI/Core/GraphicRaycaster.cs","m_IgnoreReversedGraphics;m_BlockingObjects;m_BlockingMask","Preserve GUID/type until explicit component mapping is approved","Preserve original .cs.meta when possible; use MovedFrom/FormerlySerializedAs or an exact-field compatibility shim; Missing Script prohibited","Resolved"
"Assets/_Game/Scenes/Boot.unity","Scene","LevelSelectCanvas","622eb800e761d4b43aab33553df4a430","UIChineseFontBinder","Assets/_Game/Scripts/UI/UIChineseFontBinder.cs","","Preserve as Presentation compatibility component","Preserve original .cs.meta when possible; use MovedFrom/FormerlySerializedAs or an exact-field compatibility shim; Missing Script prohibited","Resolved"
"Assets/_Game/Scenes/Boot.unity","Scene","LevelSelectUIController","4d3429b2001f4ab4d90b7cdbd073314a","LevelSelectUIController","Assets/_Game/Scripts/UI/LevelSelectUIController.cs","","Compatibility entry -> UIKit panel/presenter","Preserve original .cs.meta when possible; use MovedFrom/FormerlySerializedAs or an exact-field compatibility shim; Missing Script prohibited","Resolved"
"Assets/_Game/Scenes/Boot.unity","Scene","LoadingScreenCanvas","0cd44c1031e13a943bb63640046fad76","CanvasScaler","Library/PackageCache/com.unity.ugui@1.0.0/Runtime/UI/Core/Layout/CanvasScaler.cs","m_UiScaleMode;m_ReferencePixelsPerUnit;m_ScaleFactor;m_ReferenceResolution;m_ScreenMatchMode;m_MatchWidthOrHeight;m_PhysicalUnit;m_FallbackScreenDPI;m_DefaultSpriteDPI;m_DynamicPixelsPerUnit;m_PresetInfoIsWorld","Preserve GUID/type until explicit component mapping is approved","Preserve original .cs.meta when possible; use MovedFrom/FormerlySerializedAs or an exact-field compatibility shim; Missing Script prohibited","Resolved"
"Assets/_Game/Scenes/Boot.unity","Scene","LoadingScreenCanvas","dc42784cf147c0c48a680349fa168899","GraphicRaycaster","Library/PackageCache/com.unity.ugui@1.0.0/Runtime/UI/Core/GraphicRaycaster.cs","m_IgnoreReversedGraphics;m_BlockingObjects;m_BlockingMask","Preserve GUID/type until explicit component mapping is approved","Preserve original .cs.meta when possible; use MovedFrom/FormerlySerializedAs or an exact-field compatibility shim; Missing Script prohibited","Resolved"
"Assets/_Game/Scenes/Boot.unity","Scene","LoadingScreenCanvas","622eb800e761d4b43aab33553df4a430","UIChineseFontBinder","Assets/_Game/Scripts/UI/UIChineseFontBinder.cs","","Preserve as Presentation compatibility component","Preserve original .cs.meta when possible; use MovedFrom/FormerlySerializedAs or an exact-field compatibility shim; Missing Script prohibited","Resolved"
"Assets/_Game/Scenes/Boot.unity","Scene","LoadingScreenUI","220800c5c9ec38e4a9c2cf2b45d03608","LoadingScreenController","Assets/_Game/Scripts/UI/LoadingScreenController.cs","","Compatibility entry -> UIKit panel/presenter","Preserve original .cs.meta when possible; use MovedFrom/FormerlySerializedAs or an exact-field compatibility shim; Missing Script prohibited","Resolved"
"Assets/_Game/Scenes/Boot.unity","Scene","LockedHint","f4688fdb7df04437aeb418b961361dc5","TextMeshProUGUI","Library/PackageCache/com.unity.textmeshpro@3.0.6/Scripts/Runtime/TextMeshProUGUI.cs","m_Material;m_Color;m_RaycastTarget;m_RaycastPadding;m_Maskable;m_OnCullStateChanged;m_text;m_isRightToLeft;m_fontAsset;m_sharedMaterial;m_fontSharedMaterials;m_fontMaterial;m_fontMaterials;m_fontColor32;m_fontColor;m_enableVertexGradient;m_colorMode;m_fontColorGradient;m_fontColorGradientPreset;m_spriteAsset;m_tintAllSprites;m_StyleSheet;m_TextStyleHashCode;m_overrideHtmlColors;m_faceColor;m_fontSize;m_fontSizeBase;m_fontWeight;m_enableAutoSizing;m_fontSizeMin;m_fontSizeMax;m_fontStyle;m_HorizontalAlignment;m_VerticalAlignment;m_textAlignment;m_characterSpacing;m_wordSpacing;m_lineSpacing;m_lineSpacingMax;m_paragraphSpacing;m_charWidthMaxAdj;m_enableWordWrapping;m_wordWrappingRatios;m_overflowMode;m_linkedTextComponent;parentLinkedComponent;m_enableKerning;m_enableExtraPadding;checkPaddingRequired;m_isRichText;m_parseCtrlCharacters;m_isOrthographic;m_isCullingEnabled;m_horizontalMapping;m_verticalMapping;m_uvLineOffset;m_geometrySortingOrder;m_IsTextObjectScaleStatic;m_VertexBufferAutoSizeReduction;m_useMaxVisibleDescender;m_pageToDisplay;m_margin;m_isUsingLegacyAnimationComponent;m_isVolumetricText;m_hasFontAssetChanged;m_baseMaterial;m_maskOffset","Preserve GUID/type until explicit component mapping is approved","Preserve original .cs.meta when possible; use MovedFrom/FormerlySerializedAs or an exact-field compatibility shim; Missing Script prohibited","Resolved"
"Assets/_Game/Scenes/Boot.unity","Scene","Logo","f4688fdb7df04437aeb418b961361dc5","TextMeshProUGUI","Library/PackageCache/com.unity.textmeshpro@3.0.6/Scripts/Runtime/TextMeshProUGUI.cs","m_Material;m_Color;m_RaycastTarget;m_RaycastPadding;m_Maskable;m_OnCullStateChanged;m_text;m_isRightToLeft;m_fontAsset;m_sharedMaterial;m_fontSharedMaterials;m_fontMaterial;m_fontMaterials;m_fontColor32;m_fontColor;m_enableVertexGradient;m_colorMode;m_fontColorGradient;m_fontColorGradientPreset;m_spriteAsset;m_tintAllSprites;m_StyleSheet;m_TextStyleHashCode;m_overrideHtmlColors;m_faceColor;m_fontSize;m_fontSizeBase;m_fontWeight;m_enableAutoSizing;m_fontSizeMin;m_fontSizeMax;m_fontStyle;m_HorizontalAlignment;m_VerticalAlignment;m_textAlignment;m_characterSpacing;m_wordSpacing;m_lineSpacing;m_lineSpacingMax;m_paragraphSpacing;m_charWidthMaxAdj;m_enableWordWrapping;m_wordWrappingRatios;m_overflowMode;m_linkedTextComponent;parentLinkedComponent;m_enableKerning;m_enableExtraPadding;checkPaddingRequired;m_isRichText;m_parseCtrlCharacters;m_isOrthographic;m_isCullingEnabled;m_horizontalMapping;m_verticalMapping;m_uvLineOffset;m_geometrySortingOrder;m_IsTextObjectScaleStatic;m_VertexBufferAutoSizeReduction;m_useMaxVisibleDescender;m_pageToDisplay;m_margin;m_isUsingLegacyAnimationComponent;m_isVolumetricText;m_hasFontAssetChanged;m_baseMaterial;m_maskOffset","Preserve GUID/type until explicit component mapping is approved","Preserve original .cs.meta when possible; use MovedFrom/FormerlySerializedAs or an exact-field compatibility shim; Missing Script prohibited","Resolved"
"Assets/_Game/Scenes/Boot.unity","Scene","Main Camera","23c1ce4fb46143f46bc5cb5224c934f6","HDAdditionalCameraData","","","Resolve through compatible HDRP staging before value-level renderer conversion","Preserve original .cs.meta when possible; use MovedFrom/FormerlySerializedAs or an exact-field compatibility shim; Missing Script prohibited","Unresolved"
"Assets/_Game/Scenes/Boot.unity","Scene","MainLoadingText","f4688fdb7df04437aeb418b961361dc5","TextMeshProUGUI","Library/PackageCache/com.unity.textmeshpro@3.0.6/Scripts/Runtime/TextMeshProUGUI.cs","m_Material;m_Color;m_RaycastTarget;m_RaycastPadding;m_Maskable;m_OnCullStateChanged;m_text;m_isRightToLeft;m_fontAsset;m_sharedMaterial;m_fontSharedMaterials;m_fontMaterial;m_fontMaterials;m_fontColor32;m_fontColor;m_enableVertexGradient;m_colorMode;m_fontColorGradient;m_fontColorGradientPreset;m_spriteAsset;m_tintAllSprites;m_StyleSheet;m_TextStyleHashCode;m_overrideHtmlColors;m_faceColor;m_fontSize;m_fontSizeBase;m_fontWeight;m_enableAutoSizing;m_fontSizeMin;m_fontSizeMax;m_fontStyle;m_HorizontalAlignment;m_VerticalAlignment;m_textAlignment;m_characterSpacing;m_wordSpacing;m_lineSpacing;m_lineSpacingMax;m_paragraphSpacing;m_charWidthMaxAdj;m_enableWordWrapping;m_wordWrappingRatios;m_overflowMode;m_linkedTextComponent;parentLinkedComponent;m_enableKerning;m_enableExtraPadding;checkPaddingRequired;m_isRichText;m_parseCtrlCharacters;m_isOrthographic;m_isCullingEnabled;m_horizontalMapping;m_verticalMapping;m_uvLineOffset;m_geometrySortingOrder;m_IsTextObjectScaleStatic;m_VertexBufferAutoSizeReduction;m_useMaxVisibleDescender;m_pageToDisplay;m_margin;m_isUsingLegacyAnimationComponent;m_isVolumetricText;m_hasFontAssetChanged;m_baseMaterial;m_maskOffset","Preserve GUID/type until explicit component mapping is approved","Preserve original .cs.meta when possible; use MovedFrom/FormerlySerializedAs or an exact-field compatibility shim; Missing Script prohibited","Resolved"
"Assets/_Game/Scenes/Boot.unity","Scene","MainMenuCanvas","0cd44c1031e13a943bb63640046fad76","CanvasScaler","Library/PackageCache/com.unity.ugui@1.0.0/Runtime/UI/Core/Layout/CanvasScaler.cs","m_UiScaleMode;m_ReferencePixelsPerUnit;m_ScaleFactor;m_ReferenceResolution;m_ScreenMatchMode;m_MatchWidthOrHeight;m_PhysicalUnit;m_FallbackScreenDPI;m_DefaultSpriteDPI;m_DynamicPixelsPerUnit;m_PresetInfoIsWorld","Preserve GUID/type until explicit component mapping is approved","Preserve original .cs.meta when possible; use MovedFrom/FormerlySerializedAs or an exact-field compatibility shim; Missing Script prohibited","Resolved"
"Assets/_Game/Scenes/Boot.unity","Scene","MainMenuCanvas","dc42784cf147c0c48a680349fa168899","GraphicRaycaster","Library/PackageCache/com.unity.ugui@1.0.0/Runtime/UI/Core/GraphicRaycaster.cs","m_IgnoreReversedGraphics;m_BlockingObjects;m_BlockingMask","Preserve GUID/type until explicit component mapping is approved","Preserve original .cs.meta when possible; use MovedFrom/FormerlySerializedAs or an exact-field compatibility shim; Missing Script prohibited","Resolved"
"Assets/_Game/Scenes/Boot.unity","Scene","MainMenuCanvas","622eb800e761d4b43aab33553df4a430","UIChineseFontBinder","Assets/_Game/Scripts/UI/UIChineseFontBinder.cs","","Preserve as Presentation compatibility component","Preserve original .cs.meta when possible; use MovedFrom/FormerlySerializedAs or an exact-field compatibility shim; Missing Script prohibited","Resolved"
"Assets/_Game/Scenes/Boot.unity","Scene","MainMenuUIController","f8259503862a03c4689d4061a4d764f0","MainMenuUIController","Assets/_Game/Scripts/UI/MainMenuUIController.cs","","Compatibility entry -> UIKit panel/presenter","Preserve original .cs.meta when possible; use MovedFrom/FormerlySerializedAs or an exact-field compatibility shim; Missing Script prohibited","Resolved"
"Assets/_Game/Scenes/Boot.unity","Scene","MainPanel","fe87c0e1cc204ed48ad3b37840f39efc","Image","Library/PackageCache/com.unity.ugui@1.0.0/Runtime/UI/Core/Image.cs","m_Material;m_Color;m_RaycastTarget;m_RaycastPadding;m_Maskable;m_OnCullStateChanged;m_Sprite;m_Type;m_PreserveAspect;m_FillCenter;m_FillMethod;m_FillAmount;m_FillClockwise;m_FillOrigin;m_UseSpriteMesh;m_PixelsPerUnitMultiplier","Preserve GUID/type until explicit component mapping is approved","Preserve original .cs.meta when possible; use MovedFrom/FormerlySerializedAs or an exact-field compatibility shim; Missing Script prohibited","Resolved"
"Assets/_Game/Scenes/Boot.unity","Scene","MainPanel","e19747de3f5aca642ab2be37e372fb86","Outline","Library/PackageCache/com.unity.ugui@1.0.0/Runtime/UI/Core/VertexModifiers/Outline.cs","m_EffectColor;m_EffectDistance;m_UseGraphicAlpha","Preserve GUID/type until explicit component mapping is approved","Preserve original .cs.meta when possible; use MovedFrom/FormerlySerializedAs or an exact-field compatibility shim; Missing Script prohibited","Resolved"
"Assets/_Game/Scenes/Boot.unity","Scene","Meta","f4688fdb7df04437aeb418b961361dc5","TextMeshProUGUI","Library/PackageCache/com.unity.textmeshpro@3.0.6/Scripts/Runtime/TextMeshProUGUI.cs","m_Material;m_Color;m_RaycastTarget;m_RaycastPadding;m_Maskable;m_OnCullStateChanged;m_text;m_isRightToLeft;m_fontAsset;m_sharedMaterial;m_fontSharedMaterials;m_fontMaterial;m_fontMaterials;m_fontColor32;m_fontColor;m_enableVertexGradient;m_colorMode;m_fontColorGradient;m_fontColorGradientPreset;m_spriteAsset;m_tintAllSprites;m_StyleSheet;m_TextStyleHashCode;m_overrideHtmlColors;m_faceColor;m_fontSize;m_fontSizeBase;m_fontWeight;m_enableAutoSizing;m_fontSizeMin;m_fontSizeMax;m_fontStyle;m_HorizontalAlignment;m_VerticalAlignment;m_textAlignment;m_characterSpacing;m_wordSpacing;m_lineSpacing;m_lineSpacingMax;m_paragraphSpacing;m_charWidthMaxAdj;m_enableWordWrapping;m_wordWrappingRatios;m_overflowMode;m_linkedTextComponent;parentLinkedComponent;m_enableKerning;m_enableExtraPadding;checkPaddingRequired;m_isRichText;m_parseCtrlCharacters;m_isOrthographic;m_isCullingEnabled;m_horizontalMapping;m_verticalMapping;m_uvLineOffset;m_geometrySortingOrder;m_IsTextObjectScaleStatic;m_VertexBufferAutoSizeReduction;m_useMaxVisibleDescender;m_pageToDisplay;m_margin;m_isUsingLegacyAnimationComponent;m_isVolumetricText;m_hasFontAssetChanged;m_baseMaterial;m_maskOffset","Preserve GUID/type until explicit component mapping is approved","Preserve original .cs.meta when possible; use MovedFrom/FormerlySerializedAs or an exact-field compatibility shim; Missing Script prohibited","Resolved"
"Assets/_Game/Scenes/Boot.unity","Scene","Meta","f4688fdb7df04437aeb418b961361dc5","TextMeshProUGUI","Library/PackageCache/com.unity.textmeshpro@3.0.6/Scripts/Runtime/TextMeshProUGUI.cs","m_Material;m_Color;m_RaycastTarget;m_RaycastPadding;m_Maskable;m_OnCullStateChanged;m_text;m_isRightToLeft;m_fontAsset;m_sharedMaterial;m_fontSharedMaterials;m_fontMaterial;m_fontMaterials;m_fontColor32;m_fontColor;m_enableVertexGradient;m_colorMode;m_fontColorGradient;m_fontColorGradientPreset;m_spriteAsset;m_tintAllSprites;m_StyleSheet;m_TextStyleHashCode;m_overrideHtmlColors;m_faceColor;m_fontSize;m_fontSizeBase;m_fontWeight;m_enableAutoSizing;m_fontSizeMin;m_fontSizeMax;m_fontStyle;m_HorizontalAlignment;m_VerticalAlignment;m_textAlignment;m_characterSpacing;m_wordSpacing;m_lineSpacing;m_lineSpacingMax;m_paragraphSpacing;m_charWidthMaxAdj;m_enableWordWrapping;m_wordWrappingRatios;m_overflowMode;m_linkedTextComponent;parentLinkedComponent;m_enableKerning;m_enableExtraPadding;checkPaddingRequired;m_isRichText;m_parseCtrlCharacters;m_isOrthographic;m_isCullingEnabled;m_horizontalMapping;m_verticalMapping;m_uvLineOffset;m_geometrySortingOrder;m_IsTextObjectScaleStatic;m_VertexBufferAutoSizeReduction;m_useMaxVisibleDescender;m_pageToDisplay;m_margin;m_isUsingLegacyAnimationComponent;m_isVolumetricText;m_hasFontAssetChanged;m_baseMaterial;m_maskOffset","Preserve GUID/type until explicit component mapping is approved","Preserve original .cs.meta when possible; use MovedFrom/FormerlySerializedAs or an exact-field compatibility shim; Missing Script prohibited","Resolved"
"Assets/_Game/Scenes/Boot.unity","Scene","Meta","f4688fdb7df04437aeb418b961361dc5","TextMeshProUGUI","Library/PackageCache/com.unity.textmeshpro@3.0.6/Scripts/Runtime/TextMeshProUGUI.cs","m_Material;m_Color;m_RaycastTarget;m_RaycastPadding;m_Maskable;m_OnCullStateChanged;m_text;m_isRightToLeft;m_fontAsset;m_sharedMaterial;m_fontSharedMaterials;m_fontMaterial;m_fontMaterials;m_fontColor32;m_fontColor;m_enableVertexGradient;m_colorMode;m_fontColorGradient;m_fontColorGradientPreset;m_spriteAsset;m_tintAllSprites;m_StyleSheet;m_TextStyleHashCode;m_overrideHtmlColors;m_faceColor;m_fontSize;m_fontSizeBase;m_fontWeight;m_enableAutoSizing;m_fontSizeMin;m_fontSizeMax;m_fontStyle;m_HorizontalAlignment;m_VerticalAlignment;m_textAlignment;m_characterSpacing;m_wordSpacing;m_lineSpacing;m_lineSpacingMax;m_paragraphSpacing;m_charWidthMaxAdj;m_enableWordWrapping;m_wordWrappingRatios;m_overflowMode;m_linkedTextComponent;parentLinkedComponent;m_enableKerning;m_enableExtraPadding;checkPaddingRequired;m_isRichText;m_parseCtrlCharacters;m_isOrthographic;m_isCullingEnabled;m_horizontalMapping;m_verticalMapping;m_uvLineOffset;m_geometrySortingOrder;m_IsTextObjectScaleStatic;m_VertexBufferAutoSizeReduction;m_useMaxVisibleDescender;m_pageToDisplay;m_margin;m_isUsingLegacyAnimationComponent;m_isVolumetricText;m_hasFontAssetChanged;m_baseMaterial;m_maskOffset","Preserve GUID/type until explicit component mapping is approved","Preserve original .cs.meta when possible; use MovedFrom/FormerlySerializedAs or an exact-field compatibility shim; Missing Script prohibited","Resolved"
"Assets/_Game/Scenes/Boot.unity","Scene","Meta","f4688fdb7df04437aeb418b961361dc5","TextMeshProUGUI","Library/PackageCache/com.unity.textmeshpro@3.0.6/Scripts/Runtime/TextMeshProUGUI.cs","m_Material;m_Color;m_RaycastTarget;m_RaycastPadding;m_Maskable;m_OnCullStateChanged;m_text;m_isRightToLeft;m_fontAsset;m_sharedMaterial;m_fontSharedMaterials;m_fontMaterial;m_fontMaterials;m_fontColor32;m_fontColor;m_enableVertexGradient;m_colorMode;m_fontColorGradient;m_fontColorGradientPreset;m_spriteAsset;m_tintAllSprites;m_StyleSheet;m_TextStyleHashCode;m_overrideHtmlColors;m_faceColor;m_fontSize;m_fontSizeBase;m_fontWeight;m_enableAutoSizing;m_fontSizeMin;m_fontSizeMax;m_fontStyle;m_HorizontalAlignment;m_VerticalAlignment;m_textAlignment;m_characterSpacing;m_wordSpacing;m_lineSpacing;m_lineSpacingMax;m_paragraphSpacing;m_charWidthMaxAdj;m_enableWordWrapping;m_wordWrappingRatios;m_overflowMode;m_linkedTextComponent;parentLinkedComponent;m_enableKerning;m_enableExtraPadding;checkPaddingRequired;m_isRichText;m_parseCtrlCharacters;m_isOrthographic;m_isCullingEnabled;m_horizontalMapping;m_verticalMapping;m_uvLineOffset;m_geometrySortingOrder;m_IsTextObjectScaleStatic;m_VertexBufferAutoSizeReduction;m_useMaxVisibleDescender;m_pageToDisplay;m_margin;m_isUsingLegacyAnimationComponent;m_isVolumetricText;m_hasFontAssetChanged;m_baseMaterial;m_maskOffset","Preserve GUID/type until explicit component mapping is approved","Preserve original .cs.meta when possible; use MovedFrom/FormerlySerializedAs or an exact-field compatibility shim; Missing Script prohibited","Resolved"
"Assets/_Game/Scenes/Boot.unity","Scene","Meta","f4688fdb7df04437aeb418b961361dc5","TextMeshProUGUI","Library/PackageCache/com.unity.textmeshpro@3.0.6/Scripts/Runtime/TextMeshProUGUI.cs","m_Material;m_Color;m_RaycastTarget;m_RaycastPadding;m_Maskable;m_OnCullStateChanged;m_text;m_isRightToLeft;m_fontAsset;m_sharedMaterial;m_fontSharedMaterials;m_fontMaterial;m_fontMaterials;m_fontColor32;m_fontColor;m_enableVertexGradient;m_colorMode;m_fontColorGradient;m_fontColorGradientPreset;m_spriteAsset;m_tintAllSprites;m_StyleSheet;m_TextStyleHashCode;m_overrideHtmlColors;m_faceColor;m_fontSize;m_fontSizeBase;m_fontWeight;m_enableAutoSizing;m_fontSizeMin;m_fontSizeMax;m_fontStyle;m_HorizontalAlignment;m_VerticalAlignment;m_textAlignment;m_characterSpacing;m_wordSpacing;m_lineSpacing;m_lineSpacingMax;m_paragraphSpacing;m_charWidthMaxAdj;m_enableWordWrapping;m_wordWrappingRatios;m_overflowMode;m_linkedTextComponent;parentLinkedComponent;m_enableKerning;m_enableExtraPadding;checkPaddingRequired;m_isRichText;m_parseCtrlCharacters;m_isOrthographic;m_isCullingEnabled;m_horizontalMapping;m_verticalMapping;m_uvLineOffset;m_geometrySortingOrder;m_IsTextObjectScaleStatic;m_VertexBufferAutoSizeReduction;m_useMaxVisibleDescender;m_pageToDisplay;m_margin;m_isUsingLegacyAnimationComponent;m_isVolumetricText;m_hasFontAssetChanged;m_baseMaterial;m_maskOffset","Preserve GUID/type until explicit component mapping is approved","Preserve original .cs.meta when possible; use MovedFrom/FormerlySerializedAs or an exact-field compatibility shim; Missing Script prohibited","Resolved"
"Assets/_Game/Scenes/Boot.unity","Scene","Meta","f4688fdb7df04437aeb418b961361dc5","TextMeshProUGUI","Library/PackageCache/com.unity.textmeshpro@3.0.6/Scripts/Runtime/TextMeshProUGUI.cs","m_Material;m_Color;m_RaycastTarget;m_RaycastPadding;m_Maskable;m_OnCullStateChanged;m_text;m_isRightToLeft;m_fontAsset;m_sharedMaterial;m_fontSharedMaterials;m_fontMaterial;m_fontMaterials;m_fontColor32;m_fontColor;m_enableVertexGradient;m_colorMode;m_fontColorGradient;m_fontColorGradientPreset;m_spriteAsset;m_tintAllSprites;m_StyleSheet;m_TextStyleHashCode;m_overrideHtmlColors;m_faceColor;m_fontSize;m_fontSizeBase;m_fontWeight;m_enableAutoSizing;m_fontSizeMin;m_fontSizeMax;m_fontStyle;m_HorizontalAlignment;m_VerticalAlignment;m_textAlignment;m_characterSpacing;m_wordSpacing;m_lineSpacing;m_lineSpacingMax;m_paragraphSpacing;m_charWidthMaxAdj;m_enableWordWrapping;m_wordWrappingRatios;m_overflowMode;m_linkedTextComponent;parentLinkedComponent;m_enableKerning;m_enableExtraPadding;checkPaddingRequired;m_isRichText;m_parseCtrlCharacters;m_isOrthographic;m_isCullingEnabled;m_horizontalMapping;m_verticalMapping;m_uvLineOffset;m_geometrySortingOrder;m_IsTextObjectScaleStatic;m_VertexBufferAutoSizeReduction;m_useMaxVisibleDescender;m_pageToDisplay;m_margin;m_isUsingLegacyAnimationComponent;m_isVolumetricText;m_hasFontAssetChanged;m_baseMaterial;m_maskOffset","Preserve GUID/type until explicit component mapping is approved","Preserve original .cs.meta when possible; use MovedFrom/FormerlySerializedAs or an exact-field compatibility shim; Missing Script prohibited","Resolved"
"Assets/_Game/Scenes/Boot.unity","Scene","Meta","f4688fdb7df04437aeb418b961361dc5","TextMeshProUGUI","Library/PackageCache/com.unity.textmeshpro@3.0.6/Scripts/Runtime/TextMeshProUGUI.cs","m_Material;m_Color;m_RaycastTarget;m_RaycastPadding;m_Maskable;m_OnCullStateChanged;m_text;m_isRightToLeft;m_fontAsset;m_sharedMaterial;m_fontSharedMaterials;m_fontMaterial;m_fontMaterials;m_fontColor32;m_fontColor;m_enableVertexGradient;m_colorMode;m_fontColorGradient;m_fontColorGradientPreset;m_spriteAsset;m_tintAllSprites;m_StyleSheet;m_TextStyleHashCode;m_overrideHtmlColors;m_faceColor;m_fontSize;m_fontSizeBase;m_fontWeight;m_enableAutoSizing;m_fontSizeMin;m_fontSizeMax;m_fontStyle;m_HorizontalAlignment;m_VerticalAlignment;m_textAlignment;m_characterSpacing;m_wordSpacing;m_lineSpacing;m_lineSpacingMax;m_paragraphSpacing;m_charWidthMaxAdj;m_enableWordWrapping;m_wordWrappingRatios;m_overflowMode;m_linkedTextComponent;parentLinkedComponent;m_enableKerning;m_enableExtraPadding;checkPaddingRequired;m_isRichText;m_parseCtrlCharacters;m_isOrthographic;m_isCullingEnabled;m_horizontalMapping;m_verticalMapping;m_uvLineOffset;m_geometrySortingOrder;m_IsTextObjectScaleStatic;m_VertexBufferAutoSizeReduction;m_useMaxVisibleDescender;m_pageToDisplay;m_margin;m_isUsingLegacyAnimationComponent;m_isVolumetricText;m_hasFontAssetChanged;m_baseMaterial;m_maskOffset","Preserve GUID/type until explicit component mapping is approved","Preserve original .cs.meta when possible; use MovedFrom/FormerlySerializedAs or an exact-field compatibility shim; Missing Script prohibited","Resolved"
"Assets/_Game/Scenes/Boot.unity","Scene","Meta","f4688fdb7df04437aeb418b961361dc5","TextMeshProUGUI","Library/PackageCache/com.unity.textmeshpro@3.0.6/Scripts/Runtime/TextMeshProUGUI.cs","m_Material;m_Color;m_RaycastTarget;m_RaycastPadding;m_Maskable;m_OnCullStateChanged;m_text;m_isRightToLeft;m_fontAsset;m_sharedMaterial;m_fontSharedMaterials;m_fontMaterial;m_fontMaterials;m_fontColor32;m_fontColor;m_enableVertexGradient;m_colorMode;m_fontColorGradient;m_fontColorGradientPreset;m_spriteAsset;m_tintAllSprites;m_StyleSheet;m_TextStyleHashCode;m_overrideHtmlColors;m_faceColor;m_fontSize;m_fontSizeBase;m_fontWeight;m_enableAutoSizing;m_fontSizeMin;m_fontSizeMax;m_fontStyle;m_HorizontalAlignment;m_VerticalAlignment;m_textAlignment;m_characterSpacing;m_wordSpacing;m_lineSpacing;m_lineSpacingMax;m_paragraphSpacing;m_charWidthMaxAdj;m_enableWordWrapping;m_wordWrappingRatios;m_overflowMode;m_linkedTextComponent;parentLinkedComponent;m_enableKerning;m_enableExtraPadding;checkPaddingRequired;m_isRichText;m_parseCtrlCharacters;m_isOrthographic;m_isCullingEnabled;m_horizontalMapping;m_verticalMapping;m_uvLineOffset;m_geometrySortingOrder;m_IsTextObjectScaleStatic;m_VertexBufferAutoSizeReduction;m_useMaxVisibleDescender;m_pageToDisplay;m_margin;m_isUsingLegacyAnimationComponent;m_isVolumetricText;m_hasFontAssetChanged;m_baseMaterial;m_maskOffset","Preserve GUID/type until explicit component mapping is approved","Preserve original .cs.meta when possible; use MovedFrom/FormerlySerializedAs or an exact-field compatibility shim; Missing Script prohibited","Resolved"
"Assets/_Game/Scenes/Boot.unity","Scene","Meta","f4688fdb7df04437aeb418b961361dc5","TextMeshProUGUI","Library/PackageCache/com.unity.textmeshpro@3.0.6/Scripts/Runtime/TextMeshProUGUI.cs","m_Material;m_Color;m_RaycastTarget;m_RaycastPadding;m_Maskable;m_OnCullStateChanged;m_text;m_isRightToLeft;m_fontAsset;m_sharedMaterial;m_fontSharedMaterials;m_fontMaterial;m_fontMaterials;m_fontColor32;m_fontColor;m_enableVertexGradient;m_colorMode;m_fontColorGradient;m_fontColorGradientPreset;m_spriteAsset;m_tintAllSprites;m_StyleSheet;m_TextStyleHashCode;m_overrideHtmlColors;m_faceColor;m_fontSize;m_fontSizeBase;m_fontWeight;m_enableAutoSizing;m_fontSizeMin;m_fontSizeMax;m_fontStyle;m_HorizontalAlignment;m_VerticalAlignment;m_textAlignment;m_characterSpacing;m_wordSpacing;m_lineSpacing;m_lineSpacingMax;m_paragraphSpacing;m_charWidthMaxAdj;m_enableWordWrapping;m_wordWrappingRatios;m_overflowMode;m_linkedTextComponent;parentLinkedComponent;m_enableKerning;m_enableExtraPadding;checkPaddingRequired;m_isRichText;m_parseCtrlCharacters;m_isOrthographic;m_isCullingEnabled;m_horizontalMapping;m_verticalMapping;m_uvLineOffset;m_geometrySortingOrder;m_IsTextObjectScaleStatic;m_VertexBufferAutoSizeReduction;m_useMaxVisibleDescender;m_pageToDisplay;m_margin;m_isUsingLegacyAnimationComponent;m_isVolumetricText;m_hasFontAssetChanged;m_baseMaterial;m_maskOffset","Preserve GUID/type until explicit component mapping is approved","Preserve original .cs.meta when possible; use MovedFrom/FormerlySerializedAs or an exact-field compatibility shim; Missing Script prohibited","Resolved"
"Assets/_Game/Scenes/Boot.unity","Scene","Meta","f4688fdb7df04437aeb418b961361dc5","TextMeshProUGUI","Library/PackageCache/com.unity.textmeshpro@3.0.6/Scripts/Runtime/TextMeshProUGUI.cs","m_Material;m_Color;m_RaycastTarget;m_RaycastPadding;m_Maskable;m_OnCullStateChanged;m_text;m_isRightToLeft;m_fontAsset;m_sharedMaterial;m_fontSharedMaterials;m_fontMaterial;m_fontMaterials;m_fontColor32;m_fontColor;m_enableVertexGradient;m_colorMode;m_fontColorGradient;m_fontColorGradientPreset;m_spriteAsset;m_tintAllSprites;m_StyleSheet;m_TextStyleHashCode;m_overrideHtmlColors;m_faceColor;m_fontSize;m_fontSizeBase;m_fontWeight;m_enableAutoSizing;m_fontSizeMin;m_fontSizeMax;m_fontStyle;m_HorizontalAlignment;m_VerticalAlignment;m_textAlignment;m_characterSpacing;m_wordSpacing;m_lineSpacing;m_lineSpacingMax;m_paragraphSpacing;m_charWidthMaxAdj;m_enableWordWrapping;m_wordWrappingRatios;m_overflowMode;m_linkedTextComponent;parentLinkedComponent;m_enableKerning;m_enableExtraPadding;checkPaddingRequired;m_isRichText;m_parseCtrlCharacters;m_isOrthographic;m_isCullingEnabled;m_horizontalMapping;m_verticalMapping;m_uvLineOffset;m_geometrySortingOrder;m_IsTextObjectScaleStatic;m_VertexBufferAutoSizeReduction;m_useMaxVisibleDescender;m_pageToDisplay;m_margin;m_isUsingLegacyAnimationComponent;m_isVolumetricText;m_hasFontAssetChanged;m_baseMaterial;m_maskOffset","Preserve GUID/type until explicit component mapping is approved","Preserve original .cs.meta when possible; use MovedFrom/FormerlySerializedAs or an exact-field compatibility shim; Missing Script prohibited","Resolved"
"Assets/_Game/Scenes/Boot.unity","Scene","Meta","f4688fdb7df04437aeb418b961361dc5","TextMeshProUGUI","Library/PackageCache/com.unity.textmeshpro@3.0.6/Scripts/Runtime/TextMeshProUGUI.cs","m_Material;m_Color;m_RaycastTarget;m_RaycastPadding;m_Maskable;m_OnCullStateChanged;m_text;m_isRightToLeft;m_fontAsset;m_sharedMaterial;m_fontSharedMaterials;m_fontMaterial;m_fontMaterials;m_fontColor32;m_fontColor;m_enableVertexGradient;m_colorMode;m_fontColorGradient;m_fontColorGradientPreset;m_spriteAsset;m_tintAllSprites;m_StyleSheet;m_TextStyleHashCode;m_overrideHtmlColors;m_faceColor;m_fontSize;m_fontSizeBase;m_fontWeight;m_enableAutoSizing;m_fontSizeMin;m_fontSizeMax;m_fontStyle;m_HorizontalAlignment;m_VerticalAlignment;m_textAlignment;m_characterSpacing;m_wordSpacing;m_lineSpacing;m_lineSpacingMax;m_paragraphSpacing;m_charWidthMaxAdj;m_enableWordWrapping;m_wordWrappingRatios;m_overflowMode;m_linkedTextComponent;parentLinkedComponent;m_enableKerning;m_enableExtraPadding;checkPaddingRequired;m_isRichText;m_parseCtrlCharacters;m_isOrthographic;m_isCullingEnabled;m_horizontalMapping;m_verticalMapping;m_uvLineOffset;m_geometrySortingOrder;m_IsTextObjectScaleStatic;m_VertexBufferAutoSizeReduction;m_useMaxVisibleDescender;m_pageToDisplay;m_margin;m_isUsingLegacyAnimationComponent;m_isVolumetricText;m_hasFontAssetChanged;m_baseMaterial;m_maskOffset","Preserve GUID/type until explicit component mapping is approved","Preserve original .cs.meta when possible; use MovedFrom/FormerlySerializedAs or an exact-field compatibility shim; Missing Script prohibited","Resolved"
"Assets/_Game/Scenes/Boot.unity","Scene","Meta","f4688fdb7df04437aeb418b961361dc5","TextMeshProUGUI","Library/PackageCache/com.unity.textmeshpro@3.0.6/Scripts/Runtime/TextMeshProUGUI.cs","m_Material;m_Color;m_RaycastTarget;m_RaycastPadding;m_Maskable;m_OnCullStateChanged;m_text;m_isRightToLeft;m_fontAsset;m_sharedMaterial;m_fontSharedMaterials;m_fontMaterial;m_fontMaterials;m_fontColor32;m_fontColor;m_enableVertexGradient;m_colorMode;m_fontColorGradient;m_fontColorGradientPreset;m_spriteAsset;m_tintAllSprites;m_StyleSheet;m_TextStyleHashCode;m_overrideHtmlColors;m_faceColor;m_fontSize;m_fontSizeBase;m_fontWeight;m_enableAutoSizing;m_fontSizeMin;m_fontSizeMax;m_fontStyle;m_HorizontalAlignment;m_VerticalAlignment;m_textAlignment;m_characterSpacing;m_wordSpacing;m_lineSpacing;m_lineSpacingMax;m_paragraphSpacing;m_charWidthMaxAdj;m_enableWordWrapping;m_wordWrappingRatios;m_overflowMode;m_linkedTextComponent;parentLinkedComponent;m_enableKerning;m_enableExtraPadding;checkPaddingRequired;m_isRichText;m_parseCtrlCharacters;m_isOrthographic;m_isCullingEnabled;m_horizontalMapping;m_verticalMapping;m_uvLineOffset;m_geometrySortingOrder;m_IsTextObjectScaleStatic;m_VertexBufferAutoSizeReduction;m_useMaxVisibleDescender;m_pageToDisplay;m_margin;m_isUsingLegacyAnimationComponent;m_isVolumetricText;m_hasFontAssetChanged;m_baseMaterial;m_maskOffset","Preserve GUID/type until explicit component mapping is approved","Preserve original .cs.meta when possible; use MovedFrom/FormerlySerializedAs or an exact-field compatibility shim; Missing Script prohibited","Resolved"
"Assets/_Game/Scenes/Boot.unity","Scene","Meta","f4688fdb7df04437aeb418b961361dc5","TextMeshProUGUI","Library/PackageCache/com.unity.textmeshpro@3.0.6/Scripts/Runtime/TextMeshProUGUI.cs","m_Material;m_Color;m_RaycastTarget;m_RaycastPadding;m_Maskable;m_OnCullStateChanged;m_text;m_isRightToLeft;m_fontAsset;m_sharedMaterial;m_fontSharedMaterials;m_fontMaterial;m_fontMaterials;m_fontColor32;m_fontColor;m_enableVertexGradient;m_colorMode;m_fontColorGradient;m_fontColorGradientPreset;m_spriteAsset;m_tintAllSprites;m_StyleSheet;m_TextStyleHashCode;m_overrideHtmlColors;m_faceColor;m_fontSize;m_fontSizeBase;m_fontWeight;m_enableAutoSizing;m_fontSizeMin;m_fontSizeMax;m_fontStyle;m_HorizontalAlignment;m_VerticalAlignment;m_textAlignment;m_characterSpacing;m_wordSpacing;m_lineSpacing;m_lineSpacingMax;m_paragraphSpacing;m_charWidthMaxAdj;m_enableWordWrapping;m_wordWrappingRatios;m_overflowMode;m_linkedTextComponent;parentLinkedComponent;m_enableKerning;m_enableExtraPadding;checkPaddingRequired;m_isRichText;m_parseCtrlCharacters;m_isOrthographic;m_isCullingEnabled;m_horizontalMapping;m_verticalMapping;m_uvLineOffset;m_geometrySortingOrder;m_IsTextObjectScaleStatic;m_VertexBufferAutoSizeReduction;m_useMaxVisibleDescender;m_pageToDisplay;m_margin;m_isUsingLegacyAnimationComponent;m_isVolumetricText;m_hasFontAssetChanged;m_baseMaterial;m_maskOffset","Preserve GUID/type until explicit component mapping is approved","Preserve original .cs.meta when possible; use MovedFrom/FormerlySerializedAs or an exact-field compatibility shim; Missing Script prohibited","Resolved"
"Assets/_Game/Scenes/Boot.unity","Scene","Meta","f4688fdb7df04437aeb418b961361dc5","TextMeshProUGUI","Library/PackageCache/com.unity.textmeshpro@3.0.6/Scripts/Runtime/TextMeshProUGUI.cs","m_Material;m_Color;m_RaycastTarget;m_RaycastPadding;m_Maskable;m_OnCullStateChanged;m_text;m_isRightToLeft;m_fontAsset;m_sharedMaterial;m_fontSharedMaterials;m_fontMaterial;m_fontMaterials;m_fontColor32;m_fontColor;m_enableVertexGradient;m_colorMode;m_fontColorGradient;m_fontColorGradientPreset;m_spriteAsset;m_tintAllSprites;m_StyleSheet;m_TextStyleHashCode;m_overrideHtmlColors;m_faceColor;m_fontSize;m_fontSizeBase;m_fontWeight;m_enableAutoSizing;m_fontSizeMin;m_fontSizeMax;m_fontStyle;m_HorizontalAlignment;m_VerticalAlignment;m_textAlignment;m_characterSpacing;m_wordSpacing;m_lineSpacing;m_lineSpacingMax;m_paragraphSpacing;m_charWidthMaxAdj;m_enableWordWrapping;m_wordWrappingRatios;m_overflowMode;m_linkedTextComponent;parentLinkedComponent;m_enableKerning;m_enableExtraPadding;checkPaddingRequired;m_isRichText;m_parseCtrlCharacters;m_isOrthographic;m_isCullingEnabled;m_horizontalMapping;m_verticalMapping;m_uvLineOffset;m_geometrySortingOrder;m_IsTextObjectScaleStatic;m_VertexBufferAutoSizeReduction;m_useMaxVisibleDescender;m_pageToDisplay;m_margin;m_isUsingLegacyAnimationComponent;m_isVolumetricText;m_hasFontAssetChanged;m_baseMaterial;m_maskOffset","Preserve GUID/type until explicit component mapping is approved","Preserve original .cs.meta when possible; use MovedFrom/FormerlySerializedAs or an exact-field compatibility shim; Missing Script prohibited","Resolved"
"Assets/_Game/Scenes/Boot.unity","Scene","Meta","f4688fdb7df04437aeb418b961361dc5","TextMeshProUGUI","Library/PackageCache/com.unity.textmeshpro@3.0.6/Scripts/Runtime/TextMeshProUGUI.cs","m_Material;m_Color;m_RaycastTarget;m_RaycastPadding;m_Maskable;m_OnCullStateChanged;m_text;m_isRightToLeft;m_fontAsset;m_sharedMaterial;m_fontSharedMaterials;m_fontMaterial;m_fontMaterials;m_fontColor32;m_fontColor;m_enableVertexGradient;m_colorMode;m_fontColorGradient;m_fontColorGradientPreset;m_spriteAsset;m_tintAllSprites;m_StyleSheet;m_TextStyleHashCode;m_overrideHtmlColors;m_faceColor;m_fontSize;m_fontSizeBase;m_fontWeight;m_enableAutoSizing;m_fontSizeMin;m_fontSizeMax;m_fontStyle;m_HorizontalAlignment;m_VerticalAlignment;m_textAlignment;m_characterSpacing;m_wordSpacing;m_lineSpacing;m_lineSpacingMax;m_paragraphSpacing;m_charWidthMaxAdj;m_enableWordWrapping;m_wordWrappingRatios;m_overflowMode;m_linkedTextComponent;parentLinkedComponent;m_enableKerning;m_enableExtraPadding;checkPaddingRequired;m_isRichText;m_parseCtrlCharacters;m_isOrthographic;m_isCullingEnabled;m_horizontalMapping;m_verticalMapping;m_uvLineOffset;m_geometrySortingOrder;m_IsTextObjectScaleStatic;m_VertexBufferAutoSizeReduction;m_useMaxVisibleDescender;m_pageToDisplay;m_margin;m_isUsingLegacyAnimationComponent;m_isVolumetricText;m_hasFontAssetChanged;m_baseMaterial;m_maskOffset","Preserve GUID/type until explicit component mapping is approved","Preserve original .cs.meta when possible; use MovedFrom/FormerlySerializedAs or an exact-field compatibility shim; Missing Script prohibited","Resolved"
"Assets/_Game/Scenes/Boot.unity","Scene","Meta","f4688fdb7df04437aeb418b961361dc5","TextMeshProUGUI","Library/PackageCache/com.unity.textmeshpro@3.0.6/Scripts/Runtime/TextMeshProUGUI.cs","m_Material;m_Color;m_RaycastTarget;m_RaycastPadding;m_Maskable;m_OnCullStateChanged;m_text;m_isRightToLeft;m_fontAsset;m_sharedMaterial;m_fontSharedMaterials;m_fontMaterial;m_fontMaterials;m_fontColor32;m_fontColor;m_enableVertexGradient;m_colorMode;m_fontColorGradient;m_fontColorGradientPreset;m_spriteAsset;m_tintAllSprites;m_StyleSheet;m_TextStyleHashCode;m_overrideHtmlColors;m_faceColor;m_fontSize;m_fontSizeBase;m_fontWeight;m_enableAutoSizing;m_fontSizeMin;m_fontSizeMax;m_fontStyle;m_HorizontalAlignment;m_VerticalAlignment;m_textAlignment;m_characterSpacing;m_wordSpacing;m_lineSpacing;m_lineSpacingMax;m_paragraphSpacing;m_charWidthMaxAdj;m_enableWordWrapping;m_wordWrappingRatios;m_overflowMode;m_linkedTextComponent;parentLinkedComponent;m_enableKerning;m_enableExtraPadding;checkPaddingRequired;m_isRichText;m_parseCtrlCharacters;m_isOrthographic;m_isCullingEnabled;m_horizontalMapping;m_verticalMapping;m_uvLineOffset;m_geometrySortingOrder;m_IsTextObjectScaleStatic;m_VertexBufferAutoSizeReduction;m_useMaxVisibleDescender;m_pageToDisplay;m_margin;m_isUsingLegacyAnimationComponent;m_isVolumetricText;m_hasFontAssetChanged;m_baseMaterial;m_maskOffset","Preserve GUID/type until explicit component mapping is approved","Preserve original .cs.meta when possible; use MovedFrom/FormerlySerializedAs or an exact-field compatibility shim; Missing Script prohibited","Resolved"
"Assets/_Game/Scenes/Boot.unity","Scene","Meta","f4688fdb7df04437aeb418b961361dc5","TextMeshProUGUI","Library/PackageCache/com.unity.textmeshpro@3.0.6/Scripts/Runtime/TextMeshProUGUI.cs","m_Material;m_Color;m_RaycastTarget;m_RaycastPadding;m_Maskable;m_OnCullStateChanged;m_text;m_isRightToLeft;m_fontAsset;m_sharedMaterial;m_fontSharedMaterials;m_fontMaterial;m_fontMaterials;m_fontColor32;m_fontColor;m_enableVertexGradient;m_colorMode;m_fontColorGradient;m_fontColorGradientPreset;m_spriteAsset;m_tintAllSprites;m_StyleSheet;m_TextStyleHashCode;m_overrideHtmlColors;m_faceColor;m_fontSize;m_fontSizeBase;m_fontWeight;m_enableAutoSizing;m_fontSizeMin;m_fontSizeMax;m_fontStyle;m_HorizontalAlignment;m_VerticalAlignment;m_textAlignment;m_characterSpacing;m_wordSpacing;m_lineSpacing;m_lineSpacingMax;m_paragraphSpacing;m_charWidthMaxAdj;m_enableWordWrapping;m_wordWrappingRatios;m_overflowMode;m_linkedTextComponent;parentLinkedComponent;m_enableKerning;m_enableExtraPadding;checkPaddingRequired;m_isRichText;m_parseCtrlCharacters;m_isOrthographic;m_isCullingEnabled;m_horizontalMapping;m_verticalMapping;m_uvLineOffset;m_geometrySortingOrder;m_IsTextObjectScaleStatic;m_VertexBufferAutoSizeReduction;m_useMaxVisibleDescender;m_pageToDisplay;m_margin;m_isUsingLegacyAnimationComponent;m_isVolumetricText;m_hasFontAssetChanged;m_baseMaterial;m_maskOffset","Preserve GUID/type until explicit component mapping is approved","Preserve original .cs.meta when possible; use MovedFrom/FormerlySerializedAs or an exact-field compatibility shim; Missing Script prohibited","Resolved"
"Assets/_Game/Scenes/Boot.unity","Scene","Meta","f4688fdb7df04437aeb418b961361dc5","TextMeshProUGUI","Library/PackageCache/com.unity.textmeshpro@3.0.6/Scripts/Runtime/TextMeshProUGUI.cs","m_Material;m_Color;m_RaycastTarget;m_RaycastPadding;m_Maskable;m_OnCullStateChanged;m_text;m_isRightToLeft;m_fontAsset;m_sharedMaterial;m_fontSharedMaterials;m_fontMaterial;m_fontMaterials;m_fontColor32;m_fontColor;m_enableVertexGradient;m_colorMode;m_fontColorGradient;m_fontColorGradientPreset;m_spriteAsset;m_tintAllSprites;m_StyleSheet;m_TextStyleHashCode;m_overrideHtmlColors;m_faceColor;m_fontSize;m_fontSizeBase;m_fontWeight;m_enableAutoSizing;m_fontSizeMin;m_fontSizeMax;m_fontStyle;m_HorizontalAlignment;m_VerticalAlignment;m_textAlignment;m_characterSpacing;m_wordSpacing;m_lineSpacing;m_lineSpacingMax;m_paragraphSpacing;m_charWidthMaxAdj;m_enableWordWrapping;m_wordWrappingRatios;m_overflowMode;m_linkedTextComponent;parentLinkedComponent;m_enableKerning;m_enableExtraPadding;checkPaddingRequired;m_isRichText;m_parseCtrlCharacters;m_isOrthographic;m_isCullingEnabled;m_horizontalMapping;m_verticalMapping;m_uvLineOffset;m_geometrySortingOrder;m_IsTextObjectScaleStatic;m_VertexBufferAutoSizeReduction;m_useMaxVisibleDescender;m_pageToDisplay;m_margin;m_isUsingLegacyAnimationComponent;m_isVolumetricText;m_hasFontAssetChanged;m_baseMaterial;m_maskOffset","Preserve GUID/type until explicit component mapping is approved","Preserve original .cs.meta when possible; use MovedFrom/FormerlySerializedAs or an exact-field compatibility shim; Missing Script prohibited","Resolved"
"Assets/_Game/Scenes/Boot.unity","Scene","Meta","f4688fdb7df04437aeb418b961361dc5","TextMeshProUGUI","Library/PackageCache/com.unity.textmeshpro@3.0.6/Scripts/Runtime/TextMeshProUGUI.cs","m_Material;m_Color;m_RaycastTarget;m_RaycastPadding;m_Maskable;m_OnCullStateChanged;m_text;m_isRightToLeft;m_fontAsset;m_sharedMaterial;m_fontSharedMaterials;m_fontMaterial;m_fontMaterials;m_fontColor32;m_fontColor;m_enableVertexGradient;m_colorMode;m_fontColorGradient;m_fontColorGradientPreset;m_spriteAsset;m_tintAllSprites;m_StyleSheet;m_TextStyleHashCode;m_overrideHtmlColors;m_faceColor;m_fontSize;m_fontSizeBase;m_fontWeight;m_enableAutoSizing;m_fontSizeMin;m_fontSizeMax;m_fontStyle;m_HorizontalAlignment;m_VerticalAlignment;m_textAlignment;m_characterSpacing;m_wordSpacing;m_lineSpacing;m_lineSpacingMax;m_paragraphSpacing;m_charWidthMaxAdj;m_enableWordWrapping;m_wordWrappingRatios;m_overflowMode;m_linkedTextComponent;parentLinkedComponent;m_enableKerning;m_enableExtraPadding;checkPaddingRequired;m_isRichText;m_parseCtrlCharacters;m_isOrthographic;m_isCullingEnabled;m_horizontalMapping;m_verticalMapping;m_uvLineOffset;m_geometrySortingOrder;m_IsTextObjectScaleStatic;m_VertexBufferAutoSizeReduction;m_useMaxVisibleDescender;m_pageToDisplay;m_margin;m_isUsingLegacyAnimationComponent;m_isVolumetricText;m_hasFontAssetChanged;m_baseMaterial;m_maskOffset","Preserve GUID/type until explicit component mapping is approved","Preserve original .cs.meta when possible; use MovedFrom/FormerlySerializedAs or an exact-field compatibility shim; Missing Script prohibited","Resolved"
"Assets/_Game/Scenes/Boot.unity","Scene","Meta","f4688fdb7df04437aeb418b961361dc5","TextMeshProUGUI","Library/PackageCache/com.unity.textmeshpro@3.0.6/Scripts/Runtime/TextMeshProUGUI.cs","m_Material;m_Color;m_RaycastTarget;m_RaycastPadding;m_Maskable;m_OnCullStateChanged;m_text;m_isRightToLeft;m_fontAsset;m_sharedMaterial;m_fontSharedMaterials;m_fontMaterial;m_fontMaterials;m_fontColor32;m_fontColor;m_enableVertexGradient;m_colorMode;m_fontColorGradient;m_fontColorGradientPreset;m_spriteAsset;m_tintAllSprites;m_StyleSheet;m_TextStyleHashCode;m_overrideHtmlColors;m_faceColor;m_fontSize;m_fontSizeBase;m_fontWeight;m_enableAutoSizing;m_fontSizeMin;m_fontSizeMax;m_fontStyle;m_HorizontalAlignment;m_VerticalAlignment;m_textAlignment;m_characterSpacing;m_wordSpacing;m_lineSpacing;m_lineSpacingMax;m_paragraphSpacing;m_charWidthMaxAdj;m_enableWordWrapping;m_wordWrappingRatios;m_overflowMode;m_linkedTextComponent;parentLinkedComponent;m_enableKerning;m_enableExtraPadding;checkPaddingRequired;m_isRichText;m_parseCtrlCharacters;m_isOrthographic;m_isCullingEnabled;m_horizontalMapping;m_verticalMapping;m_uvLineOffset;m_geometrySortingOrder;m_IsTextObjectScaleStatic;m_VertexBufferAutoSizeReduction;m_useMaxVisibleDescender;m_pageToDisplay;m_margin;m_isUsingLegacyAnimationComponent;m_isVolumetricText;m_hasFontAssetChanged;m_baseMaterial;m_maskOffset","Preserve GUID/type until explicit component mapping is approved","Preserve original .cs.meta when possible; use MovedFrom/FormerlySerializedAs or an exact-field compatibility shim; Missing Script prohibited","Resolved"
"Assets/_Game/Scenes/Boot.unity","Scene","Meta","f4688fdb7df04437aeb418b961361dc5","TextMeshProUGUI","Library/PackageCache/com.unity.textmeshpro@3.0.6/Scripts/Runtime/TextMeshProUGUI.cs","m_Material;m_Color;m_RaycastTarget;m_RaycastPadding;m_Maskable;m_OnCullStateChanged;m_text;m_isRightToLeft;m_fontAsset;m_sharedMaterial;m_fontSharedMaterials;m_fontMaterial;m_fontMaterials;m_fontColor32;m_fontColor;m_enableVertexGradient;m_colorMode;m_fontColorGradient;m_fontColorGradientPreset;m_spriteAsset;m_tintAllSprites;m_StyleSheet;m_TextStyleHashCode;m_overrideHtmlColors;m_faceColor;m_fontSize;m_fontSizeBase;m_fontWeight;m_enableAutoSizing;m_fontSizeMin;m_fontSizeMax;m_fontStyle;m_HorizontalAlignment;m_VerticalAlignment;m_textAlignment;m_characterSpacing;m_wordSpacing;m_lineSpacing;m_lineSpacingMax;m_paragraphSpacing;m_charWidthMaxAdj;m_enableWordWrapping;m_wordWrappingRatios;m_overflowMode;m_linkedTextComponent;parentLinkedComponent;m_enableKerning;m_enableExtraPadding;checkPaddingRequired;m_isRichText;m_parseCtrlCharacters;m_isOrthographic;m_isCullingEnabled;m_horizontalMapping;m_verticalMapping;m_uvLineOffset;m_geometrySortingOrder;m_IsTextObjectScaleStatic;m_VertexBufferAutoSizeReduction;m_useMaxVisibleDescender;m_pageToDisplay;m_margin;m_isUsingLegacyAnimationComponent;m_isVolumetricText;m_hasFontAssetChanged;m_baseMaterial;m_maskOffset","Preserve GUID/type until explicit component mapping is approved","Preserve original .cs.meta when possible; use MovedFrom/FormerlySerializedAs or an exact-field compatibility shim; Missing Script prohibited","Resolved"
"Assets/_Game/Scenes/Boot.unity","Scene","Meta","f4688fdb7df04437aeb418b961361dc5","TextMeshProUGUI","Library/PackageCache/com.unity.textmeshpro@3.0.6/Scripts/Runtime/TextMeshProUGUI.cs","m_Material;m_Color;m_RaycastTarget;m_RaycastPadding;m_Maskable;m_OnCullStateChanged;m_text;m_isRightToLeft;m_fontAsset;m_sharedMaterial;m_fontSharedMaterials;m_fontMaterial;m_fontMaterials;m_fontColor32;m_fontColor;m_enableVertexGradient;m_colorMode;m_fontColorGradient;m_fontColorGradientPreset;m_spriteAsset;m_tintAllSprites;m_StyleSheet;m_TextStyleHashCode;m_overrideHtmlColors;m_faceColor;m_fontSize;m_fontSizeBase;m_fontWeight;m_enableAutoSizing;m_fontSizeMin;m_fontSizeMax;m_fontStyle;m_HorizontalAlignment;m_VerticalAlignment;m_textAlignment;m_characterSpacing;m_wordSpacing;m_lineSpacing;m_lineSpacingMax;m_paragraphSpacing;m_charWidthMaxAdj;m_enableWordWrapping;m_wordWrappingRatios;m_overflowMode;m_linkedTextComponent;parentLinkedComponent;m_enableKerning;m_enableExtraPadding;checkPaddingRequired;m_isRichText;m_parseCtrlCharacters;m_isOrthographic;m_isCullingEnabled;m_horizontalMapping;m_verticalMapping;m_uvLineOffset;m_geometrySortingOrder;m_IsTextObjectScaleStatic;m_VertexBufferAutoSizeReduction;m_useMaxVisibleDescender;m_pageToDisplay;m_margin;m_isUsingLegacyAnimationComponent;m_isVolumetricText;m_hasFontAssetChanged;m_baseMaterial;m_maskOffset","Preserve GUID/type until explicit component mapping is approved","Preserve original .cs.meta when possible; use MovedFrom/FormerlySerializedAs or an exact-field compatibility shim; Missing Script prohibited","Resolved"
"Assets/_Game/Scenes/Boot.unity","Scene","NewsIcon","f4688fdb7df04437aeb418b961361dc5","TextMeshProUGUI","Library/PackageCache/com.unity.textmeshpro@3.0.6/Scripts/Runtime/TextMeshProUGUI.cs","m_Material;m_Color;m_RaycastTarget;m_RaycastPadding;m_Maskable;m_OnCullStateChanged;m_text;m_isRightToLeft;m_fontAsset;m_sharedMaterial;m_fontSharedMaterials;m_fontMaterial;m_fontMaterials;m_fontColor32;m_fontColor;m_enableVertexGradient;m_colorMode;m_fontColorGradient;m_fontColorGradientPreset;m_spriteAsset;m_tintAllSprites;m_StyleSheet;m_TextStyleHashCode;m_overrideHtmlColors;m_faceColor;m_fontSize;m_fontSizeBase;m_fontWeight;m_enableAutoSizing;m_fontSizeMin;m_fontSizeMax;m_fontStyle;m_HorizontalAlignment;m_VerticalAlignment;m_textAlignment;m_characterSpacing;m_wordSpacing;m_lineSpacing;m_lineSpacingMax;m_paragraphSpacing;m_charWidthMaxAdj;m_enableWordWrapping;m_wordWrappingRatios;m_overflowMode;m_linkedTextComponent;parentLinkedComponent;m_enableKerning;m_enableExtraPadding;checkPaddingRequired;m_isRichText;m_parseCtrlCharacters;m_isOrthographic;m_isCullingEnabled;m_horizontalMapping;m_verticalMapping;m_uvLineOffset;m_geometrySortingOrder;m_IsTextObjectScaleStatic;m_VertexBufferAutoSizeReduction;m_useMaxVisibleDescender;m_pageToDisplay;m_margin;m_isUsingLegacyAnimationComponent;m_isVolumetricText;m_hasFontAssetChanged;m_baseMaterial;m_maskOffset","Preserve GUID/type until explicit component mapping is approved","Preserve original .cs.meta when possible; use MovedFrom/FormerlySerializedAs or an exact-field compatibility shim; Missing Script prohibited","Resolved"
"Assets/_Game/Scenes/Boot.unity","Scene","NewsIconBox","fe87c0e1cc204ed48ad3b37840f39efc","Image","Library/PackageCache/com.unity.ugui@1.0.0/Runtime/UI/Core/Image.cs","m_Material;m_Color;m_RaycastTarget;m_RaycastPadding;m_Maskable;m_OnCullStateChanged;m_Sprite;m_Type;m_PreserveAspect;m_FillCenter;m_FillMethod;m_FillAmount;m_FillClockwise;m_FillOrigin;m_UseSpriteMesh;m_PixelsPerUnitMultiplier","Preserve GUID/type until explicit component mapping is approved","Preserve original .cs.meta when possible; use MovedFrom/FormerlySerializedAs or an exact-field compatibility shim; Missing Script prohibited","Resolved"
"Assets/_Game/Scenes/Boot.unity","Scene","NewsIconBox","e19747de3f5aca642ab2be37e372fb86","Outline","Library/PackageCache/com.unity.ugui@1.0.0/Runtime/UI/Core/VertexModifiers/Outline.cs","m_EffectColor;m_EffectDistance;m_UseGraphicAlpha","Preserve GUID/type until explicit component mapping is approved","Preserve original .cs.meta when possible; use MovedFrom/FormerlySerializedAs or an exact-field compatibility shim; Missing Script prohibited","Resolved"
"Assets/_Game/Scenes/Boot.unity","Scene","NewsLabel","f4688fdb7df04437aeb418b961361dc5","TextMeshProUGUI","Library/PackageCache/com.unity.textmeshpro@3.0.6/Scripts/Runtime/TextMeshProUGUI.cs","m_Material;m_Color;m_RaycastTarget;m_RaycastPadding;m_Maskable;m_OnCullStateChanged;m_text;m_isRightToLeft;m_fontAsset;m_sharedMaterial;m_fontSharedMaterials;m_fontMaterial;m_fontMaterials;m_fontColor32;m_fontColor;m_enableVertexGradient;m_colorMode;m_fontColorGradient;m_fontColorGradientPreset;m_spriteAsset;m_tintAllSprites;m_StyleSheet;m_TextStyleHashCode;m_overrideHtmlColors;m_faceColor;m_fontSize;m_fontSizeBase;m_fontWeight;m_enableAutoSizing;m_fontSizeMin;m_fontSizeMax;m_fontStyle;m_HorizontalAlignment;m_VerticalAlignment;m_textAlignment;m_characterSpacing;m_wordSpacing;m_lineSpacing;m_lineSpacingMax;m_paragraphSpacing;m_charWidthMaxAdj;m_enableWordWrapping;m_wordWrappingRatios;m_overflowMode;m_linkedTextComponent;parentLinkedComponent;m_enableKerning;m_enableExtraPadding;checkPaddingRequired;m_isRichText;m_parseCtrlCharacters;m_isOrthographic;m_isCullingEnabled;m_horizontalMapping;m_verticalMapping;m_uvLineOffset;m_geometrySortingOrder;m_IsTextObjectScaleStatic;m_VertexBufferAutoSizeReduction;m_useMaxVisibleDescender;m_pageToDisplay;m_margin;m_isUsingLegacyAnimationComponent;m_isVolumetricText;m_hasFontAssetChanged;m_baseMaterial;m_maskOffset","Preserve GUID/type until explicit component mapping is approved","Preserve original .cs.meta when possible; use MovedFrom/FormerlySerializedAs or an exact-field compatibility shim; Missing Script prohibited","Resolved"
"Assets/_Game/Scenes/Boot.unity","Scene","NewsTrack","3312d7739989d2b4e91e6319e9a96d76","RectMask2D","Library/PackageCache/com.unity.ugui@1.0.0/Runtime/UI/Core/RectMask2D.cs","m_Padding;m_Softness","Preserve GUID/type until explicit component mapping is approved","Preserve original .cs.meta when possible; use MovedFrom/FormerlySerializedAs or an exact-field compatibility shim; Missing Script prohibited","Resolved"
"Assets/_Game/Scenes/Boot.unity","Scene","NewsTrack","3312d7739989d2b4e91e6319e9a96d76","RectMask2D","Library/PackageCache/com.unity.ugui@1.0.0/Runtime/UI/Core/RectMask2D.cs","m_Padding;m_Softness","Preserve GUID/type until explicit component mapping is approved","Preserve original .cs.meta when possible; use MovedFrom/FormerlySerializedAs or an exact-field compatibility shim; Missing Script prohibited","Resolved"
"Assets/_Game/Scenes/Boot.unity","Scene","Objectives","f4688fdb7df04437aeb418b961361dc5","TextMeshProUGUI","Library/PackageCache/com.unity.textmeshpro@3.0.6/Scripts/Runtime/TextMeshProUGUI.cs","m_Material;m_Color;m_RaycastTarget;m_RaycastPadding;m_Maskable;m_OnCullStateChanged;m_text;m_isRightToLeft;m_fontAsset;m_sharedMaterial;m_fontSharedMaterials;m_fontMaterial;m_fontMaterials;m_fontColor32;m_fontColor;m_enableVertexGradient;m_colorMode;m_fontColorGradient;m_fontColorGradientPreset;m_spriteAsset;m_tintAllSprites;m_StyleSheet;m_TextStyleHashCode;m_overrideHtmlColors;m_faceColor;m_fontSize;m_fontSizeBase;m_fontWeight;m_enableAutoSizing;m_fontSizeMin;m_fontSizeMax;m_fontStyle;m_HorizontalAlignment;m_VerticalAlignment;m_textAlignment;m_characterSpacing;m_wordSpacing;m_lineSpacing;m_lineSpacingMax;m_paragraphSpacing;m_charWidthMaxAdj;m_enableWordWrapping;m_wordWrappingRatios;m_overflowMode;m_linkedTextComponent;parentLinkedComponent;m_enableKerning;m_enableExtraPadding;checkPaddingRequired;m_isRichText;m_parseCtrlCharacters;m_isOrthographic;m_isCullingEnabled;m_horizontalMapping;m_verticalMapping;m_uvLineOffset;m_geometrySortingOrder;m_IsTextObjectScaleStatic;m_VertexBufferAutoSizeReduction;m_useMaxVisibleDescender;m_pageToDisplay;m_margin;m_isUsingLegacyAnimationComponent;m_isVolumetricText;m_hasFontAssetChanged;m_baseMaterial;m_maskOffset","Preserve GUID/type until explicit component mapping is approved","Preserve original .cs.meta when possible; use MovedFrom/FormerlySerializedAs or an exact-field compatibility shim; Missing Script prohibited","Resolved"
"Assets/_Game/Scenes/Boot.unity","Scene","OuterFrame","fe87c0e1cc204ed48ad3b37840f39efc","Image","Library/PackageCache/com.unity.ugui@1.0.0/Runtime/UI/Core/Image.cs","m_Material;m_Color;m_RaycastTarget;m_RaycastPadding;m_Maskable;m_OnCullStateChanged;m_Sprite;m_Type;m_PreserveAspect;m_FillCenter;m_FillMethod;m_FillAmount;m_FillClockwise;m_FillOrigin;m_UseSpriteMesh;m_PixelsPerUnitMultiplier","Preserve GUID/type until explicit component mapping is approved","Preserve original .cs.meta when possible; use MovedFrom/FormerlySerializedAs or an exact-field compatibility shim; Missing Script prohibited","Resolved"
"Assets/_Game/Scenes/Boot.unity","Scene","OuterFrame","e19747de3f5aca642ab2be37e372fb86","Outline","Library/PackageCache/com.unity.ugui@1.0.0/Runtime/UI/Core/VertexModifiers/Outline.cs","m_EffectColor;m_EffectDistance;m_UseGraphicAlpha","Preserve GUID/type until explicit component mapping is approved","Preserve original .cs.meta when possible; use MovedFrom/FormerlySerializedAs or an exact-field compatibility shim; Missing Script prohibited","Resolved"
"Assets/_Game/Scenes/Boot.unity","Scene","Params","f4688fdb7df04437aeb418b961361dc5","TextMeshProUGUI","Library/PackageCache/com.unity.textmeshpro@3.0.6/Scripts/Runtime/TextMeshProUGUI.cs","m_Material;m_Color;m_RaycastTarget;m_RaycastPadding;m_Maskable;m_OnCullStateChanged;m_text;m_isRightToLeft;m_fontAsset;m_sharedMaterial;m_fontSharedMaterials;m_fontMaterial;m_fontMaterials;m_fontColor32;m_fontColor;m_enableVertexGradient;m_colorMode;m_fontColorGradient;m_fontColorGradientPreset;m_spriteAsset;m_tintAllSprites;m_StyleSheet;m_TextStyleHashCode;m_overrideHtmlColors;m_faceColor;m_fontSize;m_fontSizeBase;m_fontWeight;m_enableAutoSizing;m_fontSizeMin;m_fontSizeMax;m_fontStyle;m_HorizontalAlignment;m_VerticalAlignment;m_textAlignment;m_characterSpacing;m_wordSpacing;m_lineSpacing;m_lineSpacingMax;m_paragraphSpacing;m_charWidthMaxAdj;m_enableWordWrapping;m_wordWrappingRatios;m_overflowMode;m_linkedTextComponent;parentLinkedComponent;m_enableKerning;m_enableExtraPadding;checkPaddingRequired;m_isRichText;m_parseCtrlCharacters;m_isOrthographic;m_isCullingEnabled;m_horizontalMapping;m_verticalMapping;m_uvLineOffset;m_geometrySortingOrder;m_IsTextObjectScaleStatic;m_VertexBufferAutoSizeReduction;m_useMaxVisibleDescender;m_pageToDisplay;m_margin;m_isUsingLegacyAnimationComponent;m_isVolumetricText;m_hasFontAssetChanged;m_baseMaterial;m_maskOffset","Preserve GUID/type until explicit component mapping is approved","Preserve original .cs.meta when possible; use MovedFrom/FormerlySerializedAs or an exact-field compatibility shim; Missing Script prohibited","Resolved"
"Assets/_Game/Scenes/Boot.unity","Scene","ProgressText","f4688fdb7df04437aeb418b961361dc5","TextMeshProUGUI","Library/PackageCache/com.unity.textmeshpro@3.0.6/Scripts/Runtime/TextMeshProUGUI.cs","m_Material;m_Color;m_RaycastTarget;m_RaycastPadding;m_Maskable;m_OnCullStateChanged;m_text;m_isRightToLeft;m_fontAsset;m_sharedMaterial;m_fontSharedMaterials;m_fontMaterial;m_fontMaterials;m_fontColor32;m_fontColor;m_enableVertexGradient;m_colorMode;m_fontColorGradient;m_fontColorGradientPreset;m_spriteAsset;m_tintAllSprites;m_StyleSheet;m_TextStyleHashCode;m_overrideHtmlColors;m_faceColor;m_fontSize;m_fontSizeBase;m_fontWeight;m_enableAutoSizing;m_fontSizeMin;m_fontSizeMax;m_fontStyle;m_HorizontalAlignment;m_VerticalAlignment;m_textAlignment;m_characterSpacing;m_wordSpacing;m_lineSpacing;m_lineSpacingMax;m_paragraphSpacing;m_charWidthMaxAdj;m_enableWordWrapping;m_wordWrappingRatios;m_overflowMode;m_linkedTextComponent;parentLinkedComponent;m_enableKerning;m_enableExtraPadding;checkPaddingRequired;m_isRichText;m_parseCtrlCharacters;m_isOrthographic;m_isCullingEnabled;m_horizontalMapping;m_verticalMapping;m_uvLineOffset;m_geometrySortingOrder;m_IsTextObjectScaleStatic;m_VertexBufferAutoSizeReduction;m_useMaxVisibleDescender;m_pageToDisplay;m_margin;m_isUsingLegacyAnimationComponent;m_isVolumetricText;m_hasFontAssetChanged;m_baseMaterial;m_maskOffset","Preserve GUID/type until explicit component mapping is approved","Preserve original .cs.meta when possible; use MovedFrom/FormerlySerializedAs or an exact-field compatibility shim; Missing Script prohibited","Resolved"
"Assets/_Game/Scenes/Boot.unity","Scene","Rewards","f4688fdb7df04437aeb418b961361dc5","TextMeshProUGUI","Library/PackageCache/com.unity.textmeshpro@3.0.6/Scripts/Runtime/TextMeshProUGUI.cs","m_Material;m_Color;m_RaycastTarget;m_RaycastPadding;m_Maskable;m_OnCullStateChanged;m_text;m_isRightToLeft;m_fontAsset;m_sharedMaterial;m_fontSharedMaterials;m_fontMaterial;m_fontMaterials;m_fontColor32;m_fontColor;m_enableVertexGradient;m_colorMode;m_fontColorGradient;m_fontColorGradientPreset;m_spriteAsset;m_tintAllSprites;m_StyleSheet;m_TextStyleHashCode;m_overrideHtmlColors;m_faceColor;m_fontSize;m_fontSizeBase;m_fontWeight;m_enableAutoSizing;m_fontSizeMin;m_fontSizeMax;m_fontStyle;m_HorizontalAlignment;m_VerticalAlignment;m_textAlignment;m_characterSpacing;m_wordSpacing;m_lineSpacing;m_lineSpacingMax;m_paragraphSpacing;m_charWidthMaxAdj;m_enableWordWrapping;m_wordWrappingRatios;m_overflowMode;m_linkedTextComponent;parentLinkedComponent;m_enableKerning;m_enableExtraPadding;checkPaddingRequired;m_isRichText;m_parseCtrlCharacters;m_isOrthographic;m_isCullingEnabled;m_horizontalMapping;m_verticalMapping;m_uvLineOffset;m_geometrySortingOrder;m_IsTextObjectScaleStatic;m_VertexBufferAutoSizeReduction;m_useMaxVisibleDescender;m_pageToDisplay;m_margin;m_isUsingLegacyAnimationComponent;m_isVolumetricText;m_hasFontAssetChanged;m_baseMaterial;m_maskOffset","Preserve GUID/type until explicit component mapping is approved","Preserve original .cs.meta when possible; use MovedFrom/FormerlySerializedAs or an exact-field compatibility shim; Missing Script prohibited","Resolved"
"Assets/_Game/Scenes/Boot.unity","Scene","RightDecorLine01","fe87c0e1cc204ed48ad3b37840f39efc","Image","Library/PackageCache/com.unity.ugui@1.0.0/Runtime/UI/Core/Image.cs","m_Material;m_Color;m_RaycastTarget;m_RaycastPadding;m_Maskable;m_OnCullStateChanged;m_Sprite;m_Type;m_PreserveAspect;m_FillCenter;m_FillMethod;m_FillAmount;m_FillClockwise;m_FillOrigin;m_UseSpriteMesh;m_PixelsPerUnitMultiplier","Preserve GUID/type until explicit component mapping is approved","Preserve original .cs.meta when possible; use MovedFrom/FormerlySerializedAs or an exact-field compatibility shim; Missing Script prohibited","Resolved"
"Assets/_Game/Scenes/Boot.unity","Scene","RightDecorLine02","fe87c0e1cc204ed48ad3b37840f39efc","Image","Library/PackageCache/com.unity.ugui@1.0.0/Runtime/UI/Core/Image.cs","m_Material;m_Color;m_RaycastTarget;m_RaycastPadding;m_Maskable;m_OnCullStateChanged;m_Sprite;m_Type;m_PreserveAspect;m_FillCenter;m_FillMethod;m_FillAmount;m_FillClockwise;m_FillOrigin;m_UseSpriteMesh;m_PixelsPerUnitMultiplier","Preserve GUID/type until explicit component mapping is approved","Preserve original .cs.meta when possible; use MovedFrom/FormerlySerializedAs or an exact-field compatibility shim; Missing Script prohibited","Resolved"
"Assets/_Game/Scenes/Boot.unity","Scene","Sep01","fe87c0e1cc204ed48ad3b37840f39efc","Image","Library/PackageCache/com.unity.ugui@1.0.0/Runtime/UI/Core/Image.cs","m_Material;m_Color;m_RaycastTarget;m_RaycastPadding;m_Maskable;m_OnCullStateChanged;m_Sprite;m_Type;m_PreserveAspect;m_FillCenter;m_FillMethod;m_FillAmount;m_FillClockwise;m_FillOrigin;m_UseSpriteMesh;m_PixelsPerUnitMultiplier","Preserve GUID/type until explicit component mapping is approved","Preserve original .cs.meta when possible; use MovedFrom/FormerlySerializedAs or an exact-field compatibility shim; Missing Script prohibited","Resolved"
"Assets/_Game/Scenes/Boot.unity","Scene","Sep02","fe87c0e1cc204ed48ad3b37840f39efc","Image","Library/PackageCache/com.unity.ugui@1.0.0/Runtime/UI/Core/Image.cs","m_Material;m_Color;m_RaycastTarget;m_RaycastPadding;m_Maskable;m_OnCullStateChanged;m_Sprite;m_Type;m_PreserveAspect;m_FillCenter;m_FillMethod;m_FillAmount;m_FillClockwise;m_FillOrigin;m_UseSpriteMesh;m_PixelsPerUnitMultiplier","Preserve GUID/type until explicit component mapping is approved","Preserve original .cs.meta when possible; use MovedFrom/FormerlySerializedAs or an exact-field compatibility shim; Missing Script prohibited","Resolved"
"Assets/_Game/Scenes/Boot.unity","Scene","SettingsCard","fe87c0e1cc204ed48ad3b37840f39efc","Image","Library/PackageCache/com.unity.ugui@1.0.0/Runtime/UI/Core/Image.cs","m_Material;m_Color;m_RaycastTarget;m_RaycastPadding;m_Maskable;m_OnCullStateChanged;m_Sprite;m_Type;m_PreserveAspect;m_FillCenter;m_FillMethod;m_FillAmount;m_FillClockwise;m_FillOrigin;m_UseSpriteMesh;m_PixelsPerUnitMultiplier","Preserve GUID/type until explicit component mapping is approved","Preserve original .cs.meta when possible; use MovedFrom/FormerlySerializedAs or an exact-field compatibility shim; Missing Script prohibited","Resolved"
"Assets/_Game/Scenes/Boot.unity","Scene","SettingsCard","e19747de3f5aca642ab2be37e372fb86","Outline","Library/PackageCache/com.unity.ugui@1.0.0/Runtime/UI/Core/VertexModifiers/Outline.cs","m_EffectColor;m_EffectDistance;m_UseGraphicAlpha","Preserve GUID/type until explicit component mapping is approved","Preserve original .cs.meta when possible; use MovedFrom/FormerlySerializedAs or an exact-field compatibility shim; Missing Script prohibited","Resolved"
"Assets/_Game/Scenes/Boot.unity","Scene","SettingsDesc","f4688fdb7df04437aeb418b961361dc5","TextMeshProUGUI","Library/PackageCache/com.unity.textmeshpro@3.0.6/Scripts/Runtime/TextMeshProUGUI.cs","m_Material;m_Color;m_RaycastTarget;m_RaycastPadding;m_Maskable;m_OnCullStateChanged;m_text;m_isRightToLeft;m_fontAsset;m_sharedMaterial;m_fontSharedMaterials;m_fontMaterial;m_fontMaterials;m_fontColor32;m_fontColor;m_enableVertexGradient;m_colorMode;m_fontColorGradient;m_fontColorGradientPreset;m_spriteAsset;m_tintAllSprites;m_StyleSheet;m_TextStyleHashCode;m_overrideHtmlColors;m_faceColor;m_fontSize;m_fontSizeBase;m_fontWeight;m_enableAutoSizing;m_fontSizeMin;m_fontSizeMax;m_fontStyle;m_HorizontalAlignment;m_VerticalAlignment;m_textAlignment;m_characterSpacing;m_wordSpacing;m_lineSpacing;m_lineSpacingMax;m_paragraphSpacing;m_charWidthMaxAdj;m_enableWordWrapping;m_wordWrappingRatios;m_overflowMode;m_linkedTextComponent;parentLinkedComponent;m_enableKerning;m_enableExtraPadding;checkPaddingRequired;m_isRichText;m_parseCtrlCharacters;m_isOrthographic;m_isCullingEnabled;m_horizontalMapping;m_verticalMapping;m_uvLineOffset;m_geometrySortingOrder;m_IsTextObjectScaleStatic;m_VertexBufferAutoSizeReduction;m_useMaxVisibleDescender;m_pageToDisplay;m_margin;m_isUsingLegacyAnimationComponent;m_isVolumetricText;m_hasFontAssetChanged;m_baseMaterial;m_maskOffset","Preserve GUID/type until explicit component mapping is approved","Preserve original .cs.meta when possible; use MovedFrom/FormerlySerializedAs or an exact-field compatibility shim; Missing Script prohibited","Resolved"
"Assets/_Game/Scenes/Boot.unity","Scene","SettingsPanel","fe87c0e1cc204ed48ad3b37840f39efc","Image","Library/PackageCache/com.unity.ugui@1.0.0/Runtime/UI/Core/Image.cs","m_Material;m_Color;m_RaycastTarget;m_RaycastPadding;m_Maskable;m_OnCullStateChanged;m_Sprite;m_Type;m_PreserveAspect;m_FillCenter;m_FillMethod;m_FillAmount;m_FillClockwise;m_FillOrigin;m_UseSpriteMesh;m_PixelsPerUnitMultiplier","Preserve GUID/type until explicit component mapping is approved","Preserve original .cs.meta when possible; use MovedFrom/FormerlySerializedAs or an exact-field compatibility shim; Missing Script prohibited","Resolved"
"Assets/_Game/Scenes/Boot.unity","Scene","SettingsScrollView","fe87c0e1cc204ed48ad3b37840f39efc","Image","Library/PackageCache/com.unity.ugui@1.0.0/Runtime/UI/Core/Image.cs","m_Material;m_Color;m_RaycastTarget;m_RaycastPadding;m_Maskable;m_OnCullStateChanged;m_Sprite;m_Type;m_PreserveAspect;m_FillCenter;m_FillMethod;m_FillAmount;m_FillClockwise;m_FillOrigin;m_UseSpriteMesh;m_PixelsPerUnitMultiplier","Preserve GUID/type until explicit component mapping is approved","Preserve original .cs.meta when possible; use MovedFrom/FormerlySerializedAs or an exact-field compatibility shim; Missing Script prohibited","Resolved"
"Assets/_Game/Scenes/Boot.unity","Scene","SettingsScrollView","1aa08ab6e0800fa44ae55d278d1423e3","ScrollRect","Library/PackageCache/com.unity.ugui@1.0.0/Runtime/UI/Core/ScrollRect.cs","m_Content;m_Horizontal;m_Vertical;m_MovementType;m_Elasticity;m_Inertia;m_DecelerationRate;m_ScrollSensitivity;m_Viewport;m_HorizontalScrollbar;m_VerticalScrollbar;m_HorizontalScrollbarVisibility;m_VerticalScrollbarVisibility;m_HorizontalScrollbarSpacing;m_VerticalScrollbarSpacing;m_OnValueChanged","Preserve GUID/type until explicit component mapping is approved","Preserve original .cs.meta when possible; use MovedFrom/FormerlySerializedAs or an exact-field compatibility shim; Missing Script prohibited","Resolved"
"Assets/_Game/Scenes/Boot.unity","Scene","SettingsTitle","f4688fdb7df04437aeb418b961361dc5","TextMeshProUGUI","Library/PackageCache/com.unity.textmeshpro@3.0.6/Scripts/Runtime/TextMeshProUGUI.cs","m_Material;m_Color;m_RaycastTarget;m_RaycastPadding;m_Maskable;m_OnCullStateChanged;m_text;m_isRightToLeft;m_fontAsset;m_sharedMaterial;m_fontSharedMaterials;m_fontMaterial;m_fontMaterials;m_fontColor32;m_fontColor;m_enableVertexGradient;m_colorMode;m_fontColorGradient;m_fontColorGradientPreset;m_spriteAsset;m_tintAllSprites;m_StyleSheet;m_TextStyleHashCode;m_overrideHtmlColors;m_faceColor;m_fontSize;m_fontSizeBase;m_fontWeight;m_enableAutoSizing;m_fontSizeMin;m_fontSizeMax;m_fontStyle;m_HorizontalAlignment;m_VerticalAlignment;m_textAlignment;m_characterSpacing;m_wordSpacing;m_lineSpacing;m_lineSpacingMax;m_paragraphSpacing;m_charWidthMaxAdj;m_enableWordWrapping;m_wordWrappingRatios;m_overflowMode;m_linkedTextComponent;parentLinkedComponent;m_enableKerning;m_enableExtraPadding;checkPaddingRequired;m_isRichText;m_parseCtrlCharacters;m_isOrthographic;m_isCullingEnabled;m_horizontalMapping;m_verticalMapping;m_uvLineOffset;m_geometrySortingOrder;m_IsTextObjectScaleStatic;m_VertexBufferAutoSizeReduction;m_useMaxVisibleDescender;m_pageToDisplay;m_margin;m_isUsingLegacyAnimationComponent;m_isVolumetricText;m_hasFontAssetChanged;m_baseMaterial;m_maskOffset","Preserve GUID/type until explicit component mapping is approved","Preserve original .cs.meta when possible; use MovedFrom/FormerlySerializedAs or an exact-field compatibility shim; Missing Script prohibited","Resolved"
"Assets/_Game/Scenes/Boot.unity","Scene","Slogan","f4688fdb7df04437aeb418b961361dc5","TextMeshProUGUI","Library/PackageCache/com.unity.textmeshpro@3.0.6/Scripts/Runtime/TextMeshProUGUI.cs","m_Material;m_Color;m_RaycastTarget;m_RaycastPadding;m_Maskable;m_OnCullStateChanged;m_text;m_isRightToLeft;m_fontAsset;m_sharedMaterial;m_fontSharedMaterials;m_fontMaterial;m_fontMaterials;m_fontColor32;m_fontColor;m_enableVertexGradient;m_colorMode;m_fontColorGradient;m_fontColorGradientPreset;m_spriteAsset;m_tintAllSprites;m_StyleSheet;m_TextStyleHashCode;m_overrideHtmlColors;m_faceColor;m_fontSize;m_fontSizeBase;m_fontWeight;m_enableAutoSizing;m_fontSizeMin;m_fontSizeMax;m_fontStyle;m_HorizontalAlignment;m_VerticalAlignment;m_textAlignment;m_characterSpacing;m_wordSpacing;m_lineSpacing;m_lineSpacingMax;m_paragraphSpacing;m_charWidthMaxAdj;m_enableWordWrapping;m_wordWrappingRatios;m_overflowMode;m_linkedTextComponent;parentLinkedComponent;m_enableKerning;m_enableExtraPadding;checkPaddingRequired;m_isRichText;m_parseCtrlCharacters;m_isOrthographic;m_isCullingEnabled;m_horizontalMapping;m_verticalMapping;m_uvLineOffset;m_geometrySortingOrder;m_IsTextObjectScaleStatic;m_VertexBufferAutoSizeReduction;m_useMaxVisibleDescender;m_pageToDisplay;m_margin;m_isUsingLegacyAnimationComponent;m_isVolumetricText;m_hasFontAssetChanged;m_baseMaterial;m_maskOffset","Preserve GUID/type until explicit component mapping is approved","Preserve original .cs.meta when possible; use MovedFrom/FormerlySerializedAs or an exact-field compatibility shim; Missing Script prohibited","Resolved"
"Assets/_Game/Scenes/Boot.unity","Scene","SpinnerSquare_0","fe87c0e1cc204ed48ad3b37840f39efc","Image","Library/PackageCache/com.unity.ugui@1.0.0/Runtime/UI/Core/Image.cs","m_Material;m_Color;m_RaycastTarget;m_RaycastPadding;m_Maskable;m_OnCullStateChanged;m_Sprite;m_Type;m_PreserveAspect;m_FillCenter;m_FillMethod;m_FillAmount;m_FillClockwise;m_FillOrigin;m_UseSpriteMesh;m_PixelsPerUnitMultiplier","Preserve GUID/type until explicit component mapping is approved","Preserve original .cs.meta when possible; use MovedFrom/FormerlySerializedAs or an exact-field compatibility shim; Missing Script prohibited","Resolved"
"Assets/_Game/Scenes/Boot.unity","Scene","SpinnerSquare_1","fe87c0e1cc204ed48ad3b37840f39efc","Image","Library/PackageCache/com.unity.ugui@1.0.0/Runtime/UI/Core/Image.cs","m_Material;m_Color;m_RaycastTarget;m_RaycastPadding;m_Maskable;m_OnCullStateChanged;m_Sprite;m_Type;m_PreserveAspect;m_FillCenter;m_FillMethod;m_FillAmount;m_FillClockwise;m_FillOrigin;m_UseSpriteMesh;m_PixelsPerUnitMultiplier","Preserve GUID/type until explicit component mapping is approved","Preserve original .cs.meta when possible; use MovedFrom/FormerlySerializedAs or an exact-field compatibility shim; Missing Script prohibited","Resolved"
"Assets/_Game/Scenes/Boot.unity","Scene","SpinnerSquare_2","fe87c0e1cc204ed48ad3b37840f39efc","Image","Library/PackageCache/com.unity.ugui@1.0.0/Runtime/UI/Core/Image.cs","m_Material;m_Color;m_RaycastTarget;m_RaycastPadding;m_Maskable;m_OnCullStateChanged;m_Sprite;m_Type;m_PreserveAspect;m_FillCenter;m_FillMethod;m_FillAmount;m_FillClockwise;m_FillOrigin;m_UseSpriteMesh;m_PixelsPerUnitMultiplier","Preserve GUID/type until explicit component mapping is approved","Preserve original .cs.meta when possible; use MovedFrom/FormerlySerializedAs or an exact-field compatibility shim; Missing Script prohibited","Resolved"
"Assets/_Game/Scenes/Boot.unity","Scene","SpinnerSquare_3","fe87c0e1cc204ed48ad3b37840f39efc","Image","Library/PackageCache/com.unity.ugui@1.0.0/Runtime/UI/Core/Image.cs","m_Material;m_Color;m_RaycastTarget;m_RaycastPadding;m_Maskable;m_OnCullStateChanged;m_Sprite;m_Type;m_PreserveAspect;m_FillCenter;m_FillMethod;m_FillAmount;m_FillClockwise;m_FillOrigin;m_UseSpriteMesh;m_PixelsPerUnitMultiplier","Preserve GUID/type until explicit component mapping is approved","Preserve original .cs.meta when possible; use MovedFrom/FormerlySerializedAs or an exact-field compatibility shim; Missing Script prohibited","Resolved"
"Assets/_Game/Scenes/Boot.unity","Scene","SpinnerSquare_4","fe87c0e1cc204ed48ad3b37840f39efc","Image","Library/PackageCache/com.unity.ugui@1.0.0/Runtime/UI/Core/Image.cs","m_Material;m_Color;m_RaycastTarget;m_RaycastPadding;m_Maskable;m_OnCullStateChanged;m_Sprite;m_Type;m_PreserveAspect;m_FillCenter;m_FillMethod;m_FillAmount;m_FillClockwise;m_FillOrigin;m_UseSpriteMesh;m_PixelsPerUnitMultiplier","Preserve GUID/type until explicit component mapping is approved","Preserve original .cs.meta when possible; use MovedFrom/FormerlySerializedAs or an exact-field compatibility shim; Missing Script prohibited","Resolved"
"Assets/_Game/Scenes/Boot.unity","Scene","SpinnerSquare_5","fe87c0e1cc204ed48ad3b37840f39efc","Image","Library/PackageCache/com.unity.ugui@1.0.0/Runtime/UI/Core/Image.cs","m_Material;m_Color;m_RaycastTarget;m_RaycastPadding;m_Maskable;m_OnCullStateChanged;m_Sprite;m_Type;m_PreserveAspect;m_FillCenter;m_FillMethod;m_FillAmount;m_FillClockwise;m_FillOrigin;m_UseSpriteMesh;m_PixelsPerUnitMultiplier","Preserve GUID/type until explicit component mapping is approved","Preserve original .cs.meta when possible; use MovedFrom/FormerlySerializedAs or an exact-field compatibility shim; Missing Script prohibited","Resolved"
"Assets/_Game/Scenes/Boot.unity","Scene","SpinnerSquare_6","fe87c0e1cc204ed48ad3b37840f39efc","Image","Library/PackageCache/com.unity.ugui@1.0.0/Runtime/UI/Core/Image.cs","m_Material;m_Color;m_RaycastTarget;m_RaycastPadding;m_Maskable;m_OnCullStateChanged;m_Sprite;m_Type;m_PreserveAspect;m_FillCenter;m_FillMethod;m_FillAmount;m_FillClockwise;m_FillOrigin;m_UseSpriteMesh;m_PixelsPerUnitMultiplier","Preserve GUID/type until explicit component mapping is approved","Preserve original .cs.meta when possible; use MovedFrom/FormerlySerializedAs or an exact-field compatibility shim; Missing Script prohibited","Resolved"
"Assets/_Game/Scenes/Boot.unity","Scene","SpinnerSquare_7","fe87c0e1cc204ed48ad3b37840f39efc","Image","Library/PackageCache/com.unity.ugui@1.0.0/Runtime/UI/Core/Image.cs","m_Material;m_Color;m_RaycastTarget;m_RaycastPadding;m_Maskable;m_OnCullStateChanged;m_Sprite;m_Type;m_PreserveAspect;m_FillCenter;m_FillMethod;m_FillAmount;m_FillClockwise;m_FillOrigin;m_UseSpriteMesh;m_PixelsPerUnitMultiplier","Preserve GUID/type until explicit component mapping is approved","Preserve original .cs.meta when possible; use MovedFrom/FormerlySerializedAs or an exact-field compatibility shim; Missing Script prohibited","Resolved"
"Assets/_Game/Scenes/Boot.unity","Scene","Status","f4688fdb7df04437aeb418b961361dc5","TextMeshProUGUI","Library/PackageCache/com.unity.textmeshpro@3.0.6/Scripts/Runtime/TextMeshProUGUI.cs","m_Material;m_Color;m_RaycastTarget;m_RaycastPadding;m_Maskable;m_OnCullStateChanged;m_text;m_isRightToLeft;m_fontAsset;m_sharedMaterial;m_fontSharedMaterials;m_fontMaterial;m_fontMaterials;m_fontColor32;m_fontColor;m_enableVertexGradient;m_colorMode;m_fontColorGradient;m_fontColorGradientPreset;m_spriteAsset;m_tintAllSprites;m_StyleSheet;m_TextStyleHashCode;m_overrideHtmlColors;m_faceColor;m_fontSize;m_fontSizeBase;m_fontWeight;m_enableAutoSizing;m_fontSizeMin;m_fontSizeMax;m_fontStyle;m_HorizontalAlignment;m_VerticalAlignment;m_textAlignment;m_characterSpacing;m_wordSpacing;m_lineSpacing;m_lineSpacingMax;m_paragraphSpacing;m_charWidthMaxAdj;m_enableWordWrapping;m_wordWrappingRatios;m_overflowMode;m_linkedTextComponent;parentLinkedComponent;m_enableKerning;m_enableExtraPadding;checkPaddingRequired;m_isRichText;m_parseCtrlCharacters;m_isOrthographic;m_isCullingEnabled;m_horizontalMapping;m_verticalMapping;m_uvLineOffset;m_geometrySortingOrder;m_IsTextObjectScaleStatic;m_VertexBufferAutoSizeReduction;m_useMaxVisibleDescender;m_pageToDisplay;m_margin;m_isUsingLegacyAnimationComponent;m_isVolumetricText;m_hasFontAssetChanged;m_baseMaterial;m_maskOffset","Preserve GUID/type until explicit component mapping is approved","Preserve original .cs.meta when possible; use MovedFrom/FormerlySerializedAs or an exact-field compatibility shim; Missing Script prohibited","Resolved"
"Assets/_Game/Scenes/Boot.unity","Scene","Status","f4688fdb7df04437aeb418b961361dc5","TextMeshProUGUI","Library/PackageCache/com.unity.textmeshpro@3.0.6/Scripts/Runtime/TextMeshProUGUI.cs","m_Material;m_Color;m_RaycastTarget;m_RaycastPadding;m_Maskable;m_OnCullStateChanged;m_text;m_isRightToLeft;m_fontAsset;m_sharedMaterial;m_fontSharedMaterials;m_fontMaterial;m_fontMaterials;m_fontColor32;m_fontColor;m_enableVertexGradient;m_colorMode;m_fontColorGradient;m_fontColorGradientPreset;m_spriteAsset;m_tintAllSprites;m_StyleSheet;m_TextStyleHashCode;m_overrideHtmlColors;m_faceColor;m_fontSize;m_fontSizeBase;m_fontWeight;m_enableAutoSizing;m_fontSizeMin;m_fontSizeMax;m_fontStyle;m_HorizontalAlignment;m_VerticalAlignment;m_textAlignment;m_characterSpacing;m_wordSpacing;m_lineSpacing;m_lineSpacingMax;m_paragraphSpacing;m_charWidthMaxAdj;m_enableWordWrapping;m_wordWrappingRatios;m_overflowMode;m_linkedTextComponent;parentLinkedComponent;m_enableKerning;m_enableExtraPadding;checkPaddingRequired;m_isRichText;m_parseCtrlCharacters;m_isOrthographic;m_isCullingEnabled;m_horizontalMapping;m_verticalMapping;m_uvLineOffset;m_geometrySortingOrder;m_IsTextObjectScaleStatic;m_VertexBufferAutoSizeReduction;m_useMaxVisibleDescender;m_pageToDisplay;m_margin;m_isUsingLegacyAnimationComponent;m_isVolumetricText;m_hasFontAssetChanged;m_baseMaterial;m_maskOffset","Preserve GUID/type until explicit component mapping is approved","Preserve original .cs.meta when possible; use MovedFrom/FormerlySerializedAs or an exact-field compatibility shim; Missing Script prohibited","Resolved"
"Assets/_Game/Scenes/Boot.unity","Scene","Status","f4688fdb7df04437aeb418b961361dc5","TextMeshProUGUI","Library/PackageCache/com.unity.textmeshpro@3.0.6/Scripts/Runtime/TextMeshProUGUI.cs","m_Material;m_Color;m_RaycastTarget;m_RaycastPadding;m_Maskable;m_OnCullStateChanged;m_text;m_isRightToLeft;m_fontAsset;m_sharedMaterial;m_fontSharedMaterials;m_fontMaterial;m_fontMaterials;m_fontColor32;m_fontColor;m_enableVertexGradient;m_colorMode;m_fontColorGradient;m_fontColorGradientPreset;m_spriteAsset;m_tintAllSprites;m_StyleSheet;m_TextStyleHashCode;m_overrideHtmlColors;m_faceColor;m_fontSize;m_fontSizeBase;m_fontWeight;m_enableAutoSizing;m_fontSizeMin;m_fontSizeMax;m_fontStyle;m_HorizontalAlignment;m_VerticalAlignment;m_textAlignment;m_characterSpacing;m_wordSpacing;m_lineSpacing;m_lineSpacingMax;m_paragraphSpacing;m_charWidthMaxAdj;m_enableWordWrapping;m_wordWrappingRatios;m_overflowMode;m_linkedTextComponent;parentLinkedComponent;m_enableKerning;m_enableExtraPadding;checkPaddingRequired;m_isRichText;m_parseCtrlCharacters;m_isOrthographic;m_isCullingEnabled;m_horizontalMapping;m_verticalMapping;m_uvLineOffset;m_geometrySortingOrder;m_IsTextObjectScaleStatic;m_VertexBufferAutoSizeReduction;m_useMaxVisibleDescender;m_pageToDisplay;m_margin;m_isUsingLegacyAnimationComponent;m_isVolumetricText;m_hasFontAssetChanged;m_baseMaterial;m_maskOffset","Preserve GUID/type until explicit component mapping is approved","Preserve original .cs.meta when possible; use MovedFrom/FormerlySerializedAs or an exact-field compatibility shim; Missing Script prohibited","Resolved"
"Assets/_Game/Scenes/Boot.unity","Scene","Status","f4688fdb7df04437aeb418b961361dc5","TextMeshProUGUI","Library/PackageCache/com.unity.textmeshpro@3.0.6/Scripts/Runtime/TextMeshProUGUI.cs","m_Material;m_Color;m_RaycastTarget;m_RaycastPadding;m_Maskable;m_OnCullStateChanged;m_text;m_isRightToLeft;m_fontAsset;m_sharedMaterial;m_fontSharedMaterials;m_fontMaterial;m_fontMaterials;m_fontColor32;m_fontColor;m_enableVertexGradient;m_colorMode;m_fontColorGradient;m_fontColorGradientPreset;m_spriteAsset;m_tintAllSprites;m_StyleSheet;m_TextStyleHashCode;m_overrideHtmlColors;m_faceColor;m_fontSize;m_fontSizeBase;m_fontWeight;m_enableAutoSizing;m_fontSizeMin;m_fontSizeMax;m_fontStyle;m_HorizontalAlignment;m_VerticalAlignment;m_textAlignment;m_characterSpacing;m_wordSpacing;m_lineSpacing;m_lineSpacingMax;m_paragraphSpacing;m_charWidthMaxAdj;m_enableWordWrapping;m_wordWrappingRatios;m_overflowMode;m_linkedTextComponent;parentLinkedComponent;m_enableKerning;m_enableExtraPadding;checkPaddingRequired;m_isRichText;m_parseCtrlCharacters;m_isOrthographic;m_isCullingEnabled;m_horizontalMapping;m_verticalMapping;m_uvLineOffset;m_geometrySortingOrder;m_IsTextObjectScaleStatic;m_VertexBufferAutoSizeReduction;m_useMaxVisibleDescender;m_pageToDisplay;m_margin;m_isUsingLegacyAnimationComponent;m_isVolumetricText;m_hasFontAssetChanged;m_baseMaterial;m_maskOffset","Preserve GUID/type until explicit component mapping is approved","Preserve original .cs.meta when possible; use MovedFrom/FormerlySerializedAs or an exact-field compatibility shim; Missing Script prohibited","Resolved"
"Assets/_Game/Scenes/Boot.unity","Scene","Status","f4688fdb7df04437aeb418b961361dc5","TextMeshProUGUI","Library/PackageCache/com.unity.textmeshpro@3.0.6/Scripts/Runtime/TextMeshProUGUI.cs","m_Material;m_Color;m_RaycastTarget;m_RaycastPadding;m_Maskable;m_OnCullStateChanged;m_text;m_isRightToLeft;m_fontAsset;m_sharedMaterial;m_fontSharedMaterials;m_fontMaterial;m_fontMaterials;m_fontColor32;m_fontColor;m_enableVertexGradient;m_colorMode;m_fontColorGradient;m_fontColorGradientPreset;m_spriteAsset;m_tintAllSprites;m_StyleSheet;m_TextStyleHashCode;m_overrideHtmlColors;m_faceColor;m_fontSize;m_fontSizeBase;m_fontWeight;m_enableAutoSizing;m_fontSizeMin;m_fontSizeMax;m_fontStyle;m_HorizontalAlignment;m_VerticalAlignment;m_textAlignment;m_characterSpacing;m_wordSpacing;m_lineSpacing;m_lineSpacingMax;m_paragraphSpacing;m_charWidthMaxAdj;m_enableWordWrapping;m_wordWrappingRatios;m_overflowMode;m_linkedTextComponent;parentLinkedComponent;m_enableKerning;m_enableExtraPadding;checkPaddingRequired;m_isRichText;m_parseCtrlCharacters;m_isOrthographic;m_isCullingEnabled;m_horizontalMapping;m_verticalMapping;m_uvLineOffset;m_geometrySortingOrder;m_IsTextObjectScaleStatic;m_VertexBufferAutoSizeReduction;m_useMaxVisibleDescender;m_pageToDisplay;m_margin;m_isUsingLegacyAnimationComponent;m_isVolumetricText;m_hasFontAssetChanged;m_baseMaterial;m_maskOffset","Preserve GUID/type until explicit component mapping is approved","Preserve original .cs.meta when possible; use MovedFrom/FormerlySerializedAs or an exact-field compatibility shim; Missing Script prohibited","Resolved"
"Assets/_Game/Scenes/Boot.unity","Scene","Status","f4688fdb7df04437aeb418b961361dc5","TextMeshProUGUI","Library/PackageCache/com.unity.textmeshpro@3.0.6/Scripts/Runtime/TextMeshProUGUI.cs","m_Material;m_Color;m_RaycastTarget;m_RaycastPadding;m_Maskable;m_OnCullStateChanged;m_text;m_isRightToLeft;m_fontAsset;m_sharedMaterial;m_fontSharedMaterials;m_fontMaterial;m_fontMaterials;m_fontColor32;m_fontColor;m_enableVertexGradient;m_colorMode;m_fontColorGradient;m_fontColorGradientPreset;m_spriteAsset;m_tintAllSprites;m_StyleSheet;m_TextStyleHashCode;m_overrideHtmlColors;m_faceColor;m_fontSize;m_fontSizeBase;m_fontWeight;m_enableAutoSizing;m_fontSizeMin;m_fontSizeMax;m_fontStyle;m_HorizontalAlignment;m_VerticalAlignment;m_textAlignment;m_characterSpacing;m_wordSpacing;m_lineSpacing;m_lineSpacingMax;m_paragraphSpacing;m_charWidthMaxAdj;m_enableWordWrapping;m_wordWrappingRatios;m_overflowMode;m_linkedTextComponent;parentLinkedComponent;m_enableKerning;m_enableExtraPadding;checkPaddingRequired;m_isRichText;m_parseCtrlCharacters;m_isOrthographic;m_isCullingEnabled;m_horizontalMapping;m_verticalMapping;m_uvLineOffset;m_geometrySortingOrder;m_IsTextObjectScaleStatic;m_VertexBufferAutoSizeReduction;m_useMaxVisibleDescender;m_pageToDisplay;m_margin;m_isUsingLegacyAnimationComponent;m_isVolumetricText;m_hasFontAssetChanged;m_baseMaterial;m_maskOffset","Preserve GUID/type until explicit component mapping is approved","Preserve original .cs.meta when possible; use MovedFrom/FormerlySerializedAs or an exact-field compatibility shim; Missing Script prohibited","Resolved"
"Assets/_Game/Scenes/Boot.unity","Scene","Status","f4688fdb7df04437aeb418b961361dc5","TextMeshProUGUI","Library/PackageCache/com.unity.textmeshpro@3.0.6/Scripts/Runtime/TextMeshProUGUI.cs","m_Material;m_Color;m_RaycastTarget;m_RaycastPadding;m_Maskable;m_OnCullStateChanged;m_text;m_isRightToLeft;m_fontAsset;m_sharedMaterial;m_fontSharedMaterials;m_fontMaterial;m_fontMaterials;m_fontColor32;m_fontColor;m_enableVertexGradient;m_colorMode;m_fontColorGradient;m_fontColorGradientPreset;m_spriteAsset;m_tintAllSprites;m_StyleSheet;m_TextStyleHashCode;m_overrideHtmlColors;m_faceColor;m_fontSize;m_fontSizeBase;m_fontWeight;m_enableAutoSizing;m_fontSizeMin;m_fontSizeMax;m_fontStyle;m_HorizontalAlignment;m_VerticalAlignment;m_textAlignment;m_characterSpacing;m_wordSpacing;m_lineSpacing;m_lineSpacingMax;m_paragraphSpacing;m_charWidthMaxAdj;m_enableWordWrapping;m_wordWrappingRatios;m_overflowMode;m_linkedTextComponent;parentLinkedComponent;m_enableKerning;m_enableExtraPadding;checkPaddingRequired;m_isRichText;m_parseCtrlCharacters;m_isOrthographic;m_isCullingEnabled;m_horizontalMapping;m_verticalMapping;m_uvLineOffset;m_geometrySortingOrder;m_IsTextObjectScaleStatic;m_VertexBufferAutoSizeReduction;m_useMaxVisibleDescender;m_pageToDisplay;m_margin;m_isUsingLegacyAnimationComponent;m_isVolumetricText;m_hasFontAssetChanged;m_baseMaterial;m_maskOffset","Preserve GUID/type until explicit component mapping is approved","Preserve original .cs.meta when possible; use MovedFrom/FormerlySerializedAs or an exact-field compatibility shim; Missing Script prohibited","Resolved"
"Assets/_Game/Scenes/Boot.unity","Scene","Status","f4688fdb7df04437aeb418b961361dc5","TextMeshProUGUI","Library/PackageCache/com.unity.textmeshpro@3.0.6/Scripts/Runtime/TextMeshProUGUI.cs","m_Material;m_Color;m_RaycastTarget;m_RaycastPadding;m_Maskable;m_OnCullStateChanged;m_text;m_isRightToLeft;m_fontAsset;m_sharedMaterial;m_fontSharedMaterials;m_fontMaterial;m_fontMaterials;m_fontColor32;m_fontColor;m_enableVertexGradient;m_colorMode;m_fontColorGradient;m_fontColorGradientPreset;m_spriteAsset;m_tintAllSprites;m_StyleSheet;m_TextStyleHashCode;m_overrideHtmlColors;m_faceColor;m_fontSize;m_fontSizeBase;m_fontWeight;m_enableAutoSizing;m_fontSizeMin;m_fontSizeMax;m_fontStyle;m_HorizontalAlignment;m_VerticalAlignment;m_textAlignment;m_characterSpacing;m_wordSpacing;m_lineSpacing;m_lineSpacingMax;m_paragraphSpacing;m_charWidthMaxAdj;m_enableWordWrapping;m_wordWrappingRatios;m_overflowMode;m_linkedTextComponent;parentLinkedComponent;m_enableKerning;m_enableExtraPadding;checkPaddingRequired;m_isRichText;m_parseCtrlCharacters;m_isOrthographic;m_isCullingEnabled;m_horizontalMapping;m_verticalMapping;m_uvLineOffset;m_geometrySortingOrder;m_IsTextObjectScaleStatic;m_VertexBufferAutoSizeReduction;m_useMaxVisibleDescender;m_pageToDisplay;m_margin;m_isUsingLegacyAnimationComponent;m_isVolumetricText;m_hasFontAssetChanged;m_baseMaterial;m_maskOffset","Preserve GUID/type until explicit component mapping is approved","Preserve original .cs.meta when possible; use MovedFrom/FormerlySerializedAs or an exact-field compatibility shim; Missing Script prohibited","Resolved"
"Assets/_Game/Scenes/Boot.unity","Scene","Status","f4688fdb7df04437aeb418b961361dc5","TextMeshProUGUI","Library/PackageCache/com.unity.textmeshpro@3.0.6/Scripts/Runtime/TextMeshProUGUI.cs","m_Material;m_Color;m_RaycastTarget;m_RaycastPadding;m_Maskable;m_OnCullStateChanged;m_text;m_isRightToLeft;m_fontAsset;m_sharedMaterial;m_fontSharedMaterials;m_fontMaterial;m_fontMaterials;m_fontColor32;m_fontColor;m_enableVertexGradient;m_colorMode;m_fontColorGradient;m_fontColorGradientPreset;m_spriteAsset;m_tintAllSprites;m_StyleSheet;m_TextStyleHashCode;m_overrideHtmlColors;m_faceColor;m_fontSize;m_fontSizeBase;m_fontWeight;m_enableAutoSizing;m_fontSizeMin;m_fontSizeMax;m_fontStyle;m_HorizontalAlignment;m_VerticalAlignment;m_textAlignment;m_characterSpacing;m_wordSpacing;m_lineSpacing;m_lineSpacingMax;m_paragraphSpacing;m_charWidthMaxAdj;m_enableWordWrapping;m_wordWrappingRatios;m_overflowMode;m_linkedTextComponent;parentLinkedComponent;m_enableKerning;m_enableExtraPadding;checkPaddingRequired;m_isRichText;m_parseCtrlCharacters;m_isOrthographic;m_isCullingEnabled;m_horizontalMapping;m_verticalMapping;m_uvLineOffset;m_geometrySortingOrder;m_IsTextObjectScaleStatic;m_VertexBufferAutoSizeReduction;m_useMaxVisibleDescender;m_pageToDisplay;m_margin;m_isUsingLegacyAnimationComponent;m_isVolumetricText;m_hasFontAssetChanged;m_baseMaterial;m_maskOffset","Preserve GUID/type until explicit component mapping is approved","Preserve original .cs.meta when possible; use MovedFrom/FormerlySerializedAs or an exact-field compatibility shim; Missing Script prohibited","Resolved"
"Assets/_Game/Scenes/Boot.unity","Scene","Status","f4688fdb7df04437aeb418b961361dc5","TextMeshProUGUI","Library/PackageCache/com.unity.textmeshpro@3.0.6/Scripts/Runtime/TextMeshProUGUI.cs","m_Material;m_Color;m_RaycastTarget;m_RaycastPadding;m_Maskable;m_OnCullStateChanged;m_text;m_isRightToLeft;m_fontAsset;m_sharedMaterial;m_fontSharedMaterials;m_fontMaterial;m_fontMaterials;m_fontColor32;m_fontColor;m_enableVertexGradient;m_colorMode;m_fontColorGradient;m_fontColorGradientPreset;m_spriteAsset;m_tintAllSprites;m_StyleSheet;m_TextStyleHashCode;m_overrideHtmlColors;m_faceColor;m_fontSize;m_fontSizeBase;m_fontWeight;m_enableAutoSizing;m_fontSizeMin;m_fontSizeMax;m_fontStyle;m_HorizontalAlignment;m_VerticalAlignment;m_textAlignment;m_characterSpacing;m_wordSpacing;m_lineSpacing;m_lineSpacingMax;m_paragraphSpacing;m_charWidthMaxAdj;m_enableWordWrapping;m_wordWrappingRatios;m_overflowMode;m_linkedTextComponent;parentLinkedComponent;m_enableKerning;m_enableExtraPadding;checkPaddingRequired;m_isRichText;m_parseCtrlCharacters;m_isOrthographic;m_isCullingEnabled;m_horizontalMapping;m_verticalMapping;m_uvLineOffset;m_geometrySortingOrder;m_IsTextObjectScaleStatic;m_VertexBufferAutoSizeReduction;m_useMaxVisibleDescender;m_pageToDisplay;m_margin;m_isUsingLegacyAnimationComponent;m_isVolumetricText;m_hasFontAssetChanged;m_baseMaterial;m_maskOffset","Preserve GUID/type until explicit component mapping is approved","Preserve original .cs.meta when possible; use MovedFrom/FormerlySerializedAs or an exact-field compatibility shim; Missing Script prohibited","Resolved"
"Assets/_Game/Scenes/Boot.unity","Scene","Status","f4688fdb7df04437aeb418b961361dc5","TextMeshProUGUI","Library/PackageCache/com.unity.textmeshpro@3.0.6/Scripts/Runtime/TextMeshProUGUI.cs","m_Material;m_Color;m_RaycastTarget;m_RaycastPadding;m_Maskable;m_OnCullStateChanged;m_text;m_isRightToLeft;m_fontAsset;m_sharedMaterial;m_fontSharedMaterials;m_fontMaterial;m_fontMaterials;m_fontColor32;m_fontColor;m_enableVertexGradient;m_colorMode;m_fontColorGradient;m_fontColorGradientPreset;m_spriteAsset;m_tintAllSprites;m_StyleSheet;m_TextStyleHashCode;m_overrideHtmlColors;m_faceColor;m_fontSize;m_fontSizeBase;m_fontWeight;m_enableAutoSizing;m_fontSizeMin;m_fontSizeMax;m_fontStyle;m_HorizontalAlignment;m_VerticalAlignment;m_textAlignment;m_characterSpacing;m_wordSpacing;m_lineSpacing;m_lineSpacingMax;m_paragraphSpacing;m_charWidthMaxAdj;m_enableWordWrapping;m_wordWrappingRatios;m_overflowMode;m_linkedTextComponent;parentLinkedComponent;m_enableKerning;m_enableExtraPadding;checkPaddingRequired;m_isRichText;m_parseCtrlCharacters;m_isOrthographic;m_isCullingEnabled;m_horizontalMapping;m_verticalMapping;m_uvLineOffset;m_geometrySortingOrder;m_IsTextObjectScaleStatic;m_VertexBufferAutoSizeReduction;m_useMaxVisibleDescender;m_pageToDisplay;m_margin;m_isUsingLegacyAnimationComponent;m_isVolumetricText;m_hasFontAssetChanged;m_baseMaterial;m_maskOffset","Preserve GUID/type until explicit component mapping is approved","Preserve original .cs.meta when possible; use MovedFrom/FormerlySerializedAs or an exact-field compatibility shim; Missing Script prohibited","Resolved"
"Assets/_Game/Scenes/Boot.unity","Scene","Status","f4688fdb7df04437aeb418b961361dc5","TextMeshProUGUI","Library/PackageCache/com.unity.textmeshpro@3.0.6/Scripts/Runtime/TextMeshProUGUI.cs","m_Material;m_Color;m_RaycastTarget;m_RaycastPadding;m_Maskable;m_OnCullStateChanged;m_text;m_isRightToLeft;m_fontAsset;m_sharedMaterial;m_fontSharedMaterials;m_fontMaterial;m_fontMaterials;m_fontColor32;m_fontColor;m_enableVertexGradient;m_colorMode;m_fontColorGradient;m_fontColorGradientPreset;m_spriteAsset;m_tintAllSprites;m_StyleSheet;m_TextStyleHashCode;m_overrideHtmlColors;m_faceColor;m_fontSize;m_fontSizeBase;m_fontWeight;m_enableAutoSizing;m_fontSizeMin;m_fontSizeMax;m_fontStyle;m_HorizontalAlignment;m_VerticalAlignment;m_textAlignment;m_characterSpacing;m_wordSpacing;m_lineSpacing;m_lineSpacingMax;m_paragraphSpacing;m_charWidthMaxAdj;m_enableWordWrapping;m_wordWrappingRatios;m_overflowMode;m_linkedTextComponent;parentLinkedComponent;m_enableKerning;m_enableExtraPadding;checkPaddingRequired;m_isRichText;m_parseCtrlCharacters;m_isOrthographic;m_isCullingEnabled;m_horizontalMapping;m_verticalMapping;m_uvLineOffset;m_geometrySortingOrder;m_IsTextObjectScaleStatic;m_VertexBufferAutoSizeReduction;m_useMaxVisibleDescender;m_pageToDisplay;m_margin;m_isUsingLegacyAnimationComponent;m_isVolumetricText;m_hasFontAssetChanged;m_baseMaterial;m_maskOffset","Preserve GUID/type until explicit component mapping is approved","Preserve original .cs.meta when possible; use MovedFrom/FormerlySerializedAs or an exact-field compatibility shim; Missing Script prohibited","Resolved"
"Assets/_Game/Scenes/Boot.unity","Scene","Status","f4688fdb7df04437aeb418b961361dc5","TextMeshProUGUI","Library/PackageCache/com.unity.textmeshpro@3.0.6/Scripts/Runtime/TextMeshProUGUI.cs","m_Material;m_Color;m_RaycastTarget;m_RaycastPadding;m_Maskable;m_OnCullStateChanged;m_text;m_isRightToLeft;m_fontAsset;m_sharedMaterial;m_fontSharedMaterials;m_fontMaterial;m_fontMaterials;m_fontColor32;m_fontColor;m_enableVertexGradient;m_colorMode;m_fontColorGradient;m_fontColorGradientPreset;m_spriteAsset;m_tintAllSprites;m_StyleSheet;m_TextStyleHashCode;m_overrideHtmlColors;m_faceColor;m_fontSize;m_fontSizeBase;m_fontWeight;m_enableAutoSizing;m_fontSizeMin;m_fontSizeMax;m_fontStyle;m_HorizontalAlignment;m_VerticalAlignment;m_textAlignment;m_characterSpacing;m_wordSpacing;m_lineSpacing;m_lineSpacingMax;m_paragraphSpacing;m_charWidthMaxAdj;m_enableWordWrapping;m_wordWrappingRatios;m_overflowMode;m_linkedTextComponent;parentLinkedComponent;m_enableKerning;m_enableExtraPadding;checkPaddingRequired;m_isRichText;m_parseCtrlCharacters;m_isOrthographic;m_isCullingEnabled;m_horizontalMapping;m_verticalMapping;m_uvLineOffset;m_geometrySortingOrder;m_IsTextObjectScaleStatic;m_VertexBufferAutoSizeReduction;m_useMaxVisibleDescender;m_pageToDisplay;m_margin;m_isUsingLegacyAnimationComponent;m_isVolumetricText;m_hasFontAssetChanged;m_baseMaterial;m_maskOffset","Preserve GUID/type until explicit component mapping is approved","Preserve original .cs.meta when possible; use MovedFrom/FormerlySerializedAs or an exact-field compatibility shim; Missing Script prohibited","Resolved"
"Assets/_Game/Scenes/Boot.unity","Scene","Status","f4688fdb7df04437aeb418b961361dc5","TextMeshProUGUI","Library/PackageCache/com.unity.textmeshpro@3.0.6/Scripts/Runtime/TextMeshProUGUI.cs","m_Material;m_Color;m_RaycastTarget;m_RaycastPadding;m_Maskable;m_OnCullStateChanged;m_text;m_isRightToLeft;m_fontAsset;m_sharedMaterial;m_fontSharedMaterials;m_fontMaterial;m_fontMaterials;m_fontColor32;m_fontColor;m_enableVertexGradient;m_colorMode;m_fontColorGradient;m_fontColorGradientPreset;m_spriteAsset;m_tintAllSprites;m_StyleSheet;m_TextStyleHashCode;m_overrideHtmlColors;m_faceColor;m_fontSize;m_fontSizeBase;m_fontWeight;m_enableAutoSizing;m_fontSizeMin;m_fontSizeMax;m_fontStyle;m_HorizontalAlignment;m_VerticalAlignment;m_textAlignment;m_characterSpacing;m_wordSpacing;m_lineSpacing;m_lineSpacingMax;m_paragraphSpacing;m_charWidthMaxAdj;m_enableWordWrapping;m_wordWrappingRatios;m_overflowMode;m_linkedTextComponent;parentLinkedComponent;m_enableKerning;m_enableExtraPadding;checkPaddingRequired;m_isRichText;m_parseCtrlCharacters;m_isOrthographic;m_isCullingEnabled;m_horizontalMapping;m_verticalMapping;m_uvLineOffset;m_geometrySortingOrder;m_IsTextObjectScaleStatic;m_VertexBufferAutoSizeReduction;m_useMaxVisibleDescender;m_pageToDisplay;m_margin;m_isUsingLegacyAnimationComponent;m_isVolumetricText;m_hasFontAssetChanged;m_baseMaterial;m_maskOffset","Preserve GUID/type until explicit component mapping is approved","Preserve original .cs.meta when possible; use MovedFrom/FormerlySerializedAs or an exact-field compatibility shim; Missing Script prohibited","Resolved"
"Assets/_Game/Scenes/Boot.unity","Scene","Status","f4688fdb7df04437aeb418b961361dc5","TextMeshProUGUI","Library/PackageCache/com.unity.textmeshpro@3.0.6/Scripts/Runtime/TextMeshProUGUI.cs","m_Material;m_Color;m_RaycastTarget;m_RaycastPadding;m_Maskable;m_OnCullStateChanged;m_text;m_isRightToLeft;m_fontAsset;m_sharedMaterial;m_fontSharedMaterials;m_fontMaterial;m_fontMaterials;m_fontColor32;m_fontColor;m_enableVertexGradient;m_colorMode;m_fontColorGradient;m_fontColorGradientPreset;m_spriteAsset;m_tintAllSprites;m_StyleSheet;m_TextStyleHashCode;m_overrideHtmlColors;m_faceColor;m_fontSize;m_fontSizeBase;m_fontWeight;m_enableAutoSizing;m_fontSizeMin;m_fontSizeMax;m_fontStyle;m_HorizontalAlignment;m_VerticalAlignment;m_textAlignment;m_characterSpacing;m_wordSpacing;m_lineSpacing;m_lineSpacingMax;m_paragraphSpacing;m_charWidthMaxAdj;m_enableWordWrapping;m_wordWrappingRatios;m_overflowMode;m_linkedTextComponent;parentLinkedComponent;m_enableKerning;m_enableExtraPadding;checkPaddingRequired;m_isRichText;m_parseCtrlCharacters;m_isOrthographic;m_isCullingEnabled;m_horizontalMapping;m_verticalMapping;m_uvLineOffset;m_geometrySortingOrder;m_IsTextObjectScaleStatic;m_VertexBufferAutoSizeReduction;m_useMaxVisibleDescender;m_pageToDisplay;m_margin;m_isUsingLegacyAnimationComponent;m_isVolumetricText;m_hasFontAssetChanged;m_baseMaterial;m_maskOffset","Preserve GUID/type until explicit component mapping is approved","Preserve original .cs.meta when possible; use MovedFrom/FormerlySerializedAs or an exact-field compatibility shim; Missing Script prohibited","Resolved"
"Assets/_Game/Scenes/Boot.unity","Scene","Status","f4688fdb7df04437aeb418b961361dc5","TextMeshProUGUI","Library/PackageCache/com.unity.textmeshpro@3.0.6/Scripts/Runtime/TextMeshProUGUI.cs","m_Material;m_Color;m_RaycastTarget;m_RaycastPadding;m_Maskable;m_OnCullStateChanged;m_text;m_isRightToLeft;m_fontAsset;m_sharedMaterial;m_fontSharedMaterials;m_fontMaterial;m_fontMaterials;m_fontColor32;m_fontColor;m_enableVertexGradient;m_colorMode;m_fontColorGradient;m_fontColorGradientPreset;m_spriteAsset;m_tintAllSprites;m_StyleSheet;m_TextStyleHashCode;m_overrideHtmlColors;m_faceColor;m_fontSize;m_fontSizeBase;m_fontWeight;m_enableAutoSizing;m_fontSizeMin;m_fontSizeMax;m_fontStyle;m_HorizontalAlignment;m_VerticalAlignment;m_textAlignment;m_characterSpacing;m_wordSpacing;m_lineSpacing;m_lineSpacingMax;m_paragraphSpacing;m_charWidthMaxAdj;m_enableWordWrapping;m_wordWrappingRatios;m_overflowMode;m_linkedTextComponent;parentLinkedComponent;m_enableKerning;m_enableExtraPadding;checkPaddingRequired;m_isRichText;m_parseCtrlCharacters;m_isOrthographic;m_isCullingEnabled;m_horizontalMapping;m_verticalMapping;m_uvLineOffset;m_geometrySortingOrder;m_IsTextObjectScaleStatic;m_VertexBufferAutoSizeReduction;m_useMaxVisibleDescender;m_pageToDisplay;m_margin;m_isUsingLegacyAnimationComponent;m_isVolumetricText;m_hasFontAssetChanged;m_baseMaterial;m_maskOffset","Preserve GUID/type until explicit component mapping is approved","Preserve original .cs.meta when possible; use MovedFrom/FormerlySerializedAs or an exact-field compatibility shim; Missing Script prohibited","Resolved"
"Assets/_Game/Scenes/Boot.unity","Scene","Status","f4688fdb7df04437aeb418b961361dc5","TextMeshProUGUI","Library/PackageCache/com.unity.textmeshpro@3.0.6/Scripts/Runtime/TextMeshProUGUI.cs","m_Material;m_Color;m_RaycastTarget;m_RaycastPadding;m_Maskable;m_OnCullStateChanged;m_text;m_isRightToLeft;m_fontAsset;m_sharedMaterial;m_fontSharedMaterials;m_fontMaterial;m_fontMaterials;m_fontColor32;m_fontColor;m_enableVertexGradient;m_colorMode;m_fontColorGradient;m_fontColorGradientPreset;m_spriteAsset;m_tintAllSprites;m_StyleSheet;m_TextStyleHashCode;m_overrideHtmlColors;m_faceColor;m_fontSize;m_fontSizeBase;m_fontWeight;m_enableAutoSizing;m_fontSizeMin;m_fontSizeMax;m_fontStyle;m_HorizontalAlignment;m_VerticalAlignment;m_textAlignment;m_characterSpacing;m_wordSpacing;m_lineSpacing;m_lineSpacingMax;m_paragraphSpacing;m_charWidthMaxAdj;m_enableWordWrapping;m_wordWrappingRatios;m_overflowMode;m_linkedTextComponent;parentLinkedComponent;m_enableKerning;m_enableExtraPadding;checkPaddingRequired;m_isRichText;m_parseCtrlCharacters;m_isOrthographic;m_isCullingEnabled;m_horizontalMapping;m_verticalMapping;m_uvLineOffset;m_geometrySortingOrder;m_IsTextObjectScaleStatic;m_VertexBufferAutoSizeReduction;m_useMaxVisibleDescender;m_pageToDisplay;m_margin;m_isUsingLegacyAnimationComponent;m_isVolumetricText;m_hasFontAssetChanged;m_baseMaterial;m_maskOffset","Preserve GUID/type until explicit component mapping is approved","Preserve original .cs.meta when possible; use MovedFrom/FormerlySerializedAs or an exact-field compatibility shim; Missing Script prohibited","Resolved"
"Assets/_Game/Scenes/Boot.unity","Scene","Status","f4688fdb7df04437aeb418b961361dc5","TextMeshProUGUI","Library/PackageCache/com.unity.textmeshpro@3.0.6/Scripts/Runtime/TextMeshProUGUI.cs","m_Material;m_Color;m_RaycastTarget;m_RaycastPadding;m_Maskable;m_OnCullStateChanged;m_text;m_isRightToLeft;m_fontAsset;m_sharedMaterial;m_fontSharedMaterials;m_fontMaterial;m_fontMaterials;m_fontColor32;m_fontColor;m_enableVertexGradient;m_colorMode;m_fontColorGradient;m_fontColorGradientPreset;m_spriteAsset;m_tintAllSprites;m_StyleSheet;m_TextStyleHashCode;m_overrideHtmlColors;m_faceColor;m_fontSize;m_fontSizeBase;m_fontWeight;m_enableAutoSizing;m_fontSizeMin;m_fontSizeMax;m_fontStyle;m_HorizontalAlignment;m_VerticalAlignment;m_textAlignment;m_characterSpacing;m_wordSpacing;m_lineSpacing;m_lineSpacingMax;m_paragraphSpacing;m_charWidthMaxAdj;m_enableWordWrapping;m_wordWrappingRatios;m_overflowMode;m_linkedTextComponent;parentLinkedComponent;m_enableKerning;m_enableExtraPadding;checkPaddingRequired;m_isRichText;m_parseCtrlCharacters;m_isOrthographic;m_isCullingEnabled;m_horizontalMapping;m_verticalMapping;m_uvLineOffset;m_geometrySortingOrder;m_IsTextObjectScaleStatic;m_VertexBufferAutoSizeReduction;m_useMaxVisibleDescender;m_pageToDisplay;m_margin;m_isUsingLegacyAnimationComponent;m_isVolumetricText;m_hasFontAssetChanged;m_baseMaterial;m_maskOffset","Preserve GUID/type until explicit component mapping is approved","Preserve original .cs.meta when possible; use MovedFrom/FormerlySerializedAs or an exact-field compatibility shim; Missing Script prohibited","Resolved"
"Assets/_Game/Scenes/Boot.unity","Scene","Status","f4688fdb7df04437aeb418b961361dc5","TextMeshProUGUI","Library/PackageCache/com.unity.textmeshpro@3.0.6/Scripts/Runtime/TextMeshProUGUI.cs","m_Material;m_Color;m_RaycastTarget;m_RaycastPadding;m_Maskable;m_OnCullStateChanged;m_text;m_isRightToLeft;m_fontAsset;m_sharedMaterial;m_fontSharedMaterials;m_fontMaterial;m_fontMaterials;m_fontColor32;m_fontColor;m_enableVertexGradient;m_colorMode;m_fontColorGradient;m_fontColorGradientPreset;m_spriteAsset;m_tintAllSprites;m_StyleSheet;m_TextStyleHashCode;m_overrideHtmlColors;m_faceColor;m_fontSize;m_fontSizeBase;m_fontWeight;m_enableAutoSizing;m_fontSizeMin;m_fontSizeMax;m_fontStyle;m_HorizontalAlignment;m_VerticalAlignment;m_textAlignment;m_characterSpacing;m_wordSpacing;m_lineSpacing;m_lineSpacingMax;m_paragraphSpacing;m_charWidthMaxAdj;m_enableWordWrapping;m_wordWrappingRatios;m_overflowMode;m_linkedTextComponent;parentLinkedComponent;m_enableKerning;m_enableExtraPadding;checkPaddingRequired;m_isRichText;m_parseCtrlCharacters;m_isOrthographic;m_isCullingEnabled;m_horizontalMapping;m_verticalMapping;m_uvLineOffset;m_geometrySortingOrder;m_IsTextObjectScaleStatic;m_VertexBufferAutoSizeReduction;m_useMaxVisibleDescender;m_pageToDisplay;m_margin;m_isUsingLegacyAnimationComponent;m_isVolumetricText;m_hasFontAssetChanged;m_baseMaterial;m_maskOffset","Preserve GUID/type until explicit component mapping is approved","Preserve original .cs.meta when possible; use MovedFrom/FormerlySerializedAs or an exact-field compatibility shim; Missing Script prohibited","Resolved"
"Assets/_Game/Scenes/Boot.unity","Scene","Status","f4688fdb7df04437aeb418b961361dc5","TextMeshProUGUI","Library/PackageCache/com.unity.textmeshpro@3.0.6/Scripts/Runtime/TextMeshProUGUI.cs","m_Material;m_Color;m_RaycastTarget;m_RaycastPadding;m_Maskable;m_OnCullStateChanged;m_text;m_isRightToLeft;m_fontAsset;m_sharedMaterial;m_fontSharedMaterials;m_fontMaterial;m_fontMaterials;m_fontColor32;m_fontColor;m_enableVertexGradient;m_colorMode;m_fontColorGradient;m_fontColorGradientPreset;m_spriteAsset;m_tintAllSprites;m_StyleSheet;m_TextStyleHashCode;m_overrideHtmlColors;m_faceColor;m_fontSize;m_fontSizeBase;m_fontWeight;m_enableAutoSizing;m_fontSizeMin;m_fontSizeMax;m_fontStyle;m_HorizontalAlignment;m_VerticalAlignment;m_textAlignment;m_characterSpacing;m_wordSpacing;m_lineSpacing;m_lineSpacingMax;m_paragraphSpacing;m_charWidthMaxAdj;m_enableWordWrapping;m_wordWrappingRatios;m_overflowMode;m_linkedTextComponent;parentLinkedComponent;m_enableKerning;m_enableExtraPadding;checkPaddingRequired;m_isRichText;m_parseCtrlCharacters;m_isOrthographic;m_isCullingEnabled;m_horizontalMapping;m_verticalMapping;m_uvLineOffset;m_geometrySortingOrder;m_IsTextObjectScaleStatic;m_VertexBufferAutoSizeReduction;m_useMaxVisibleDescender;m_pageToDisplay;m_margin;m_isUsingLegacyAnimationComponent;m_isVolumetricText;m_hasFontAssetChanged;m_baseMaterial;m_maskOffset","Preserve GUID/type until explicit component mapping is approved","Preserve original .cs.meta when possible; use MovedFrom/FormerlySerializedAs or an exact-field compatibility shim; Missing Script prohibited","Resolved"
"Assets/_Game/Scenes/Boot.unity","Scene","Status","f4688fdb7df04437aeb418b961361dc5","TextMeshProUGUI","Library/PackageCache/com.unity.textmeshpro@3.0.6/Scripts/Runtime/TextMeshProUGUI.cs","m_Material;m_Color;m_RaycastTarget;m_RaycastPadding;m_Maskable;m_OnCullStateChanged;m_text;m_isRightToLeft;m_fontAsset;m_sharedMaterial;m_fontSharedMaterials;m_fontMaterial;m_fontMaterials;m_fontColor32;m_fontColor;m_enableVertexGradient;m_colorMode;m_fontColorGradient;m_fontColorGradientPreset;m_spriteAsset;m_tintAllSprites;m_StyleSheet;m_TextStyleHashCode;m_overrideHtmlColors;m_faceColor;m_fontSize;m_fontSizeBase;m_fontWeight;m_enableAutoSizing;m_fontSizeMin;m_fontSizeMax;m_fontStyle;m_HorizontalAlignment;m_VerticalAlignment;m_textAlignment;m_characterSpacing;m_wordSpacing;m_lineSpacing;m_lineSpacingMax;m_paragraphSpacing;m_charWidthMaxAdj;m_enableWordWrapping;m_wordWrappingRatios;m_overflowMode;m_linkedTextComponent;parentLinkedComponent;m_enableKerning;m_enableExtraPadding;checkPaddingRequired;m_isRichText;m_parseCtrlCharacters;m_isOrthographic;m_isCullingEnabled;m_horizontalMapping;m_verticalMapping;m_uvLineOffset;m_geometrySortingOrder;m_IsTextObjectScaleStatic;m_VertexBufferAutoSizeReduction;m_useMaxVisibleDescender;m_pageToDisplay;m_margin;m_isUsingLegacyAnimationComponent;m_isVolumetricText;m_hasFontAssetChanged;m_baseMaterial;m_maskOffset","Preserve GUID/type until explicit component mapping is approved","Preserve original .cs.meta when possible; use MovedFrom/FormerlySerializedAs or an exact-field compatibility shim; Missing Script prohibited","Resolved"
"Assets/_Game/Scenes/Boot.unity","Scene","Status","f4688fdb7df04437aeb418b961361dc5","TextMeshProUGUI","Library/PackageCache/com.unity.textmeshpro@3.0.6/Scripts/Runtime/TextMeshProUGUI.cs","m_Material;m_Color;m_RaycastTarget;m_RaycastPadding;m_Maskable;m_OnCullStateChanged;m_text;m_isRightToLeft;m_fontAsset;m_sharedMaterial;m_fontSharedMaterials;m_fontMaterial;m_fontMaterials;m_fontColor32;m_fontColor;m_enableVertexGradient;m_colorMode;m_fontColorGradient;m_fontColorGradientPreset;m_spriteAsset;m_tintAllSprites;m_StyleSheet;m_TextStyleHashCode;m_overrideHtmlColors;m_faceColor;m_fontSize;m_fontSizeBase;m_fontWeight;m_enableAutoSizing;m_fontSizeMin;m_fontSizeMax;m_fontStyle;m_HorizontalAlignment;m_VerticalAlignment;m_textAlignment;m_characterSpacing;m_wordSpacing;m_lineSpacing;m_lineSpacingMax;m_paragraphSpacing;m_charWidthMaxAdj;m_enableWordWrapping;m_wordWrappingRatios;m_overflowMode;m_linkedTextComponent;parentLinkedComponent;m_enableKerning;m_enableExtraPadding;checkPaddingRequired;m_isRichText;m_parseCtrlCharacters;m_isOrthographic;m_isCullingEnabled;m_horizontalMapping;m_verticalMapping;m_uvLineOffset;m_geometrySortingOrder;m_IsTextObjectScaleStatic;m_VertexBufferAutoSizeReduction;m_useMaxVisibleDescender;m_pageToDisplay;m_margin;m_isUsingLegacyAnimationComponent;m_isVolumetricText;m_hasFontAssetChanged;m_baseMaterial;m_maskOffset","Preserve GUID/type until explicit component mapping is approved","Preserve original .cs.meta when possible; use MovedFrom/FormerlySerializedAs or an exact-field compatibility shim; Missing Script prohibited","Resolved"
"Assets/_Game/Scenes/Boot.unity","Scene","SubLoadingText","f4688fdb7df04437aeb418b961361dc5","TextMeshProUGUI","Library/PackageCache/com.unity.textmeshpro@3.0.6/Scripts/Runtime/TextMeshProUGUI.cs","m_Material;m_Color;m_RaycastTarget;m_RaycastPadding;m_Maskable;m_OnCullStateChanged;m_text;m_isRightToLeft;m_fontAsset;m_sharedMaterial;m_fontSharedMaterials;m_fontMaterial;m_fontMaterials;m_fontColor32;m_fontColor;m_enableVertexGradient;m_colorMode;m_fontColorGradient;m_fontColorGradientPreset;m_spriteAsset;m_tintAllSprites;m_StyleSheet;m_TextStyleHashCode;m_overrideHtmlColors;m_faceColor;m_fontSize;m_fontSizeBase;m_fontWeight;m_enableAutoSizing;m_fontSizeMin;m_fontSizeMax;m_fontStyle;m_HorizontalAlignment;m_VerticalAlignment;m_textAlignment;m_characterSpacing;m_wordSpacing;m_lineSpacing;m_lineSpacingMax;m_paragraphSpacing;m_charWidthMaxAdj;m_enableWordWrapping;m_wordWrappingRatios;m_overflowMode;m_linkedTextComponent;parentLinkedComponent;m_enableKerning;m_enableExtraPadding;checkPaddingRequired;m_isRichText;m_parseCtrlCharacters;m_isOrthographic;m_isCullingEnabled;m_horizontalMapping;m_verticalMapping;m_uvLineOffset;m_geometrySortingOrder;m_IsTextObjectScaleStatic;m_VertexBufferAutoSizeReduction;m_useMaxVisibleDescender;m_pageToDisplay;m_margin;m_isUsingLegacyAnimationComponent;m_isVolumetricText;m_hasFontAssetChanged;m_baseMaterial;m_maskOffset","Preserve GUID/type until explicit component mapping is approved","Preserve original .cs.meta when possible; use MovedFrom/FormerlySerializedAs or an exact-field compatibility shim; Missing Script prohibited","Resolved"
"Assets/_Game/Scenes/Boot.unity","Scene","Subtitle","f4688fdb7df04437aeb418b961361dc5","TextMeshProUGUI","Library/PackageCache/com.unity.textmeshpro@3.0.6/Scripts/Runtime/TextMeshProUGUI.cs","m_Material;m_Color;m_RaycastTarget;m_RaycastPadding;m_Maskable;m_OnCullStateChanged;m_text;m_isRightToLeft;m_fontAsset;m_sharedMaterial;m_fontSharedMaterials;m_fontMaterial;m_fontMaterials;m_fontColor32;m_fontColor;m_enableVertexGradient;m_colorMode;m_fontColorGradient;m_fontColorGradientPreset;m_spriteAsset;m_tintAllSprites;m_StyleSheet;m_TextStyleHashCode;m_overrideHtmlColors;m_faceColor;m_fontSize;m_fontSizeBase;m_fontWeight;m_enableAutoSizing;m_fontSizeMin;m_fontSizeMax;m_fontStyle;m_HorizontalAlignment;m_VerticalAlignment;m_textAlignment;m_characterSpacing;m_wordSpacing;m_lineSpacing;m_lineSpacingMax;m_paragraphSpacing;m_charWidthMaxAdj;m_enableWordWrapping;m_wordWrappingRatios;m_overflowMode;m_linkedTextComponent;parentLinkedComponent;m_enableKerning;m_enableExtraPadding;checkPaddingRequired;m_isRichText;m_parseCtrlCharacters;m_isOrthographic;m_isCullingEnabled;m_horizontalMapping;m_verticalMapping;m_uvLineOffset;m_geometrySortingOrder;m_IsTextObjectScaleStatic;m_VertexBufferAutoSizeReduction;m_useMaxVisibleDescender;m_pageToDisplay;m_margin;m_isUsingLegacyAnimationComponent;m_isVolumetricText;m_hasFontAssetChanged;m_baseMaterial;m_maskOffset","Preserve GUID/type until explicit component mapping is approved","Preserve original .cs.meta when possible; use MovedFrom/FormerlySerializedAs or an exact-field compatibility shim; Missing Script prohibited","Resolved"
"Assets/_Game/Scenes/Boot.unity","Scene","SubtitleLeftLine","fe87c0e1cc204ed48ad3b37840f39efc","Image","Library/PackageCache/com.unity.ugui@1.0.0/Runtime/UI/Core/Image.cs","m_Material;m_Color;m_RaycastTarget;m_RaycastPadding;m_Maskable;m_OnCullStateChanged;m_Sprite;m_Type;m_PreserveAspect;m_FillCenter;m_FillMethod;m_FillAmount;m_FillClockwise;m_FillOrigin;m_UseSpriteMesh;m_PixelsPerUnitMultiplier","Preserve GUID/type until explicit component mapping is approved","Preserve original .cs.meta when possible; use MovedFrom/FormerlySerializedAs or an exact-field compatibility shim; Missing Script prohibited","Resolved"
"Assets/_Game/Scenes/Boot.unity","Scene","SubtitleRightLine","fe87c0e1cc204ed48ad3b37840f39efc","Image","Library/PackageCache/com.unity.ugui@1.0.0/Runtime/UI/Core/Image.cs","m_Material;m_Color;m_RaycastTarget;m_RaycastPadding;m_Maskable;m_OnCullStateChanged;m_Sprite;m_Type;m_PreserveAspect;m_FillCenter;m_FillMethod;m_FillAmount;m_FillClockwise;m_FillOrigin;m_UseSpriteMesh;m_PixelsPerUnitMultiplier","Preserve GUID/type until explicit component mapping is approved","Preserve original .cs.meta when possible; use MovedFrom/FormerlySerializedAs or an exact-field compatibility shim; Missing Script prohibited","Resolved"
"Assets/_Game/Scenes/Boot.unity","Scene","SystemLabel","f4688fdb7df04437aeb418b961361dc5","TextMeshProUGUI","Library/PackageCache/com.unity.textmeshpro@3.0.6/Scripts/Runtime/TextMeshProUGUI.cs","m_Material;m_Color;m_RaycastTarget;m_RaycastPadding;m_Maskable;m_OnCullStateChanged;m_text;m_isRightToLeft;m_fontAsset;m_sharedMaterial;m_fontSharedMaterials;m_fontMaterial;m_fontMaterials;m_fontColor32;m_fontColor;m_enableVertexGradient;m_colorMode;m_fontColorGradient;m_fontColorGradientPreset;m_spriteAsset;m_tintAllSprites;m_StyleSheet;m_TextStyleHashCode;m_overrideHtmlColors;m_faceColor;m_fontSize;m_fontSizeBase;m_fontWeight;m_enableAutoSizing;m_fontSizeMin;m_fontSizeMax;m_fontStyle;m_HorizontalAlignment;m_VerticalAlignment;m_textAlignment;m_characterSpacing;m_wordSpacing;m_lineSpacing;m_lineSpacingMax;m_paragraphSpacing;m_charWidthMaxAdj;m_enableWordWrapping;m_wordWrappingRatios;m_overflowMode;m_linkedTextComponent;parentLinkedComponent;m_enableKerning;m_enableExtraPadding;checkPaddingRequired;m_isRichText;m_parseCtrlCharacters;m_isOrthographic;m_isCullingEnabled;m_horizontalMapping;m_verticalMapping;m_uvLineOffset;m_geometrySortingOrder;m_IsTextObjectScaleStatic;m_VertexBufferAutoSizeReduction;m_useMaxVisibleDescender;m_pageToDisplay;m_margin;m_isUsingLegacyAnimationComponent;m_isVolumetricText;m_hasFontAssetChanged;m_baseMaterial;m_maskOffset","Preserve GUID/type until explicit component mapping is approved","Preserve original .cs.meta when possible; use MovedFrom/FormerlySerializedAs or an exact-field compatibility shim; Missing Script prohibited","Resolved"
"Assets/_Game/Scenes/Boot.unity","Scene","Text","f4688fdb7df04437aeb418b961361dc5","TextMeshProUGUI","Library/PackageCache/com.unity.textmeshpro@3.0.6/Scripts/Runtime/TextMeshProUGUI.cs","m_Material;m_Color;m_RaycastTarget;m_RaycastPadding;m_Maskable;m_OnCullStateChanged;m_text;m_isRightToLeft;m_fontAsset;m_sharedMaterial;m_fontSharedMaterials;m_fontMaterial;m_fontMaterials;m_fontColor32;m_fontColor;m_enableVertexGradient;m_colorMode;m_fontColorGradient;m_fontColorGradientPreset;m_spriteAsset;m_tintAllSprites;m_StyleSheet;m_TextStyleHashCode;m_overrideHtmlColors;m_faceColor;m_fontSize;m_fontSizeBase;m_fontWeight;m_enableAutoSizing;m_fontSizeMin;m_fontSizeMax;m_fontStyle;m_HorizontalAlignment;m_VerticalAlignment;m_textAlignment;m_characterSpacing;m_wordSpacing;m_lineSpacing;m_lineSpacingMax;m_paragraphSpacing;m_charWidthMaxAdj;m_enableWordWrapping;m_wordWrappingRatios;m_overflowMode;m_linkedTextComponent;parentLinkedComponent;m_enableKerning;m_enableExtraPadding;checkPaddingRequired;m_isRichText;m_parseCtrlCharacters;m_isOrthographic;m_isCullingEnabled;m_horizontalMapping;m_verticalMapping;m_uvLineOffset;m_geometrySortingOrder;m_IsTextObjectScaleStatic;m_VertexBufferAutoSizeReduction;m_useMaxVisibleDescender;m_pageToDisplay;m_margin;m_isUsingLegacyAnimationComponent;m_isVolumetricText;m_hasFontAssetChanged;m_baseMaterial;m_maskOffset","Preserve GUID/type until explicit component mapping is approved","Preserve original .cs.meta when possible; use MovedFrom/FormerlySerializedAs or an exact-field compatibility shim; Missing Script prohibited","Resolved"
"Assets/_Game/Scenes/Boot.unity","Scene","Text","f4688fdb7df04437aeb418b961361dc5","TextMeshProUGUI","Library/PackageCache/com.unity.textmeshpro@3.0.6/Scripts/Runtime/TextMeshProUGUI.cs","m_Material;m_Color;m_RaycastTarget;m_RaycastPadding;m_Maskable;m_OnCullStateChanged;m_text;m_isRightToLeft;m_fontAsset;m_sharedMaterial;m_fontSharedMaterials;m_fontMaterial;m_fontMaterials;m_fontColor32;m_fontColor;m_enableVertexGradient;m_colorMode;m_fontColorGradient;m_fontColorGradientPreset;m_spriteAsset;m_tintAllSprites;m_StyleSheet;m_TextStyleHashCode;m_overrideHtmlColors;m_faceColor;m_fontSize;m_fontSizeBase;m_fontWeight;m_enableAutoSizing;m_fontSizeMin;m_fontSizeMax;m_fontStyle;m_HorizontalAlignment;m_VerticalAlignment;m_textAlignment;m_characterSpacing;m_wordSpacing;m_lineSpacing;m_lineSpacingMax;m_paragraphSpacing;m_charWidthMaxAdj;m_enableWordWrapping;m_wordWrappingRatios;m_overflowMode;m_linkedTextComponent;parentLinkedComponent;m_enableKerning;m_enableExtraPadding;checkPaddingRequired;m_isRichText;m_parseCtrlCharacters;m_isOrthographic;m_isCullingEnabled;m_horizontalMapping;m_verticalMapping;m_uvLineOffset;m_geometrySortingOrder;m_IsTextObjectScaleStatic;m_VertexBufferAutoSizeReduction;m_useMaxVisibleDescender;m_pageToDisplay;m_margin;m_isUsingLegacyAnimationComponent;m_isVolumetricText;m_hasFontAssetChanged;m_baseMaterial;m_maskOffset","Preserve GUID/type until explicit component mapping is approved","Preserve original .cs.meta when possible; use MovedFrom/FormerlySerializedAs or an exact-field compatibility shim; Missing Script prohibited","Resolved"
"Assets/_Game/Scenes/Boot.unity","Scene","Text","f4688fdb7df04437aeb418b961361dc5","TextMeshProUGUI","Library/PackageCache/com.unity.textmeshpro@3.0.6/Scripts/Runtime/TextMeshProUGUI.cs","m_Material;m_Color;m_RaycastTarget;m_RaycastPadding;m_Maskable;m_OnCullStateChanged;m_text;m_isRightToLeft;m_fontAsset;m_sharedMaterial;m_fontSharedMaterials;m_fontMaterial;m_fontMaterials;m_fontColor32;m_fontColor;m_enableVertexGradient;m_colorMode;m_fontColorGradient;m_fontColorGradientPreset;m_spriteAsset;m_tintAllSprites;m_StyleSheet;m_TextStyleHashCode;m_overrideHtmlColors;m_faceColor;m_fontSize;m_fontSizeBase;m_fontWeight;m_enableAutoSizing;m_fontSizeMin;m_fontSizeMax;m_fontStyle;m_HorizontalAlignment;m_VerticalAlignment;m_textAlignment;m_characterSpacing;m_wordSpacing;m_lineSpacing;m_lineSpacingMax;m_paragraphSpacing;m_charWidthMaxAdj;m_enableWordWrapping;m_wordWrappingRatios;m_overflowMode;m_linkedTextComponent;parentLinkedComponent;m_enableKerning;m_enableExtraPadding;checkPaddingRequired;m_isRichText;m_parseCtrlCharacters;m_isOrthographic;m_isCullingEnabled;m_horizontalMapping;m_verticalMapping;m_uvLineOffset;m_geometrySortingOrder;m_IsTextObjectScaleStatic;m_VertexBufferAutoSizeReduction;m_useMaxVisibleDescender;m_pageToDisplay;m_margin;m_isUsingLegacyAnimationComponent;m_isVolumetricText;m_hasFontAssetChanged;m_baseMaterial;m_maskOffset","Preserve GUID/type until explicit component mapping is approved","Preserve original .cs.meta when possible; use MovedFrom/FormerlySerializedAs or an exact-field compatibility shim; Missing Script prohibited","Resolved"
"Assets/_Game/Scenes/Boot.unity","Scene","Text","f4688fdb7df04437aeb418b961361dc5","TextMeshProUGUI","Library/PackageCache/com.unity.textmeshpro@3.0.6/Scripts/Runtime/TextMeshProUGUI.cs","m_Material;m_Color;m_RaycastTarget;m_RaycastPadding;m_Maskable;m_OnCullStateChanged;m_text;m_isRightToLeft;m_fontAsset;m_sharedMaterial;m_fontSharedMaterials;m_fontMaterial;m_fontMaterials;m_fontColor32;m_fontColor;m_enableVertexGradient;m_colorMode;m_fontColorGradient;m_fontColorGradientPreset;m_spriteAsset;m_tintAllSprites;m_StyleSheet;m_TextStyleHashCode;m_overrideHtmlColors;m_faceColor;m_fontSize;m_fontSizeBase;m_fontWeight;m_enableAutoSizing;m_fontSizeMin;m_fontSizeMax;m_fontStyle;m_HorizontalAlignment;m_VerticalAlignment;m_textAlignment;m_characterSpacing;m_wordSpacing;m_lineSpacing;m_lineSpacingMax;m_paragraphSpacing;m_charWidthMaxAdj;m_enableWordWrapping;m_wordWrappingRatios;m_overflowMode;m_linkedTextComponent;parentLinkedComponent;m_enableKerning;m_enableExtraPadding;checkPaddingRequired;m_isRichText;m_parseCtrlCharacters;m_isOrthographic;m_isCullingEnabled;m_horizontalMapping;m_verticalMapping;m_uvLineOffset;m_geometrySortingOrder;m_IsTextObjectScaleStatic;m_VertexBufferAutoSizeReduction;m_useMaxVisibleDescender;m_pageToDisplay;m_margin;m_isUsingLegacyAnimationComponent;m_isVolumetricText;m_hasFontAssetChanged;m_baseMaterial;m_maskOffset","Preserve GUID/type until explicit component mapping is approved","Preserve original .cs.meta when possible; use MovedFrom/FormerlySerializedAs or an exact-field compatibility shim; Missing Script prohibited","Resolved"
"Assets/_Game/Scenes/Boot.unity","Scene","Ticker","59fb71799f2041f4dbcbbfdd23b1d017","HudNewsTicker","Assets/_Game/Scripts/UI/HudNewsTicker.cs","scrollSpeed;resetOffset","Compatibility component -> Presentation ticker view","Preserve original .cs.meta when possible; use MovedFrom/FormerlySerializedAs or an exact-field compatibility shim; Missing Script prohibited","Resolved"
"Assets/_Game/Scenes/Boot.unity","Scene","Ticker","59fb71799f2041f4dbcbbfdd23b1d017","HudNewsTicker","Assets/_Game/Scripts/UI/HudNewsTicker.cs","scrollSpeed;resetOffset","Compatibility component -> Presentation ticker view","Preserve original .cs.meta when possible; use MovedFrom/FormerlySerializedAs or an exact-field compatibility shim; Missing Script prohibited","Resolved"
"Assets/_Game/Scenes/Boot.unity","Scene","Ticker","f4688fdb7df04437aeb418b961361dc5","TextMeshProUGUI","Library/PackageCache/com.unity.textmeshpro@3.0.6/Scripts/Runtime/TextMeshProUGUI.cs","m_Material;m_Color;m_RaycastTarget;m_RaycastPadding;m_Maskable;m_OnCullStateChanged;m_text;m_isRightToLeft;m_fontAsset;m_sharedMaterial;m_fontSharedMaterials;m_fontMaterial;m_fontMaterials;m_fontColor32;m_fontColor;m_enableVertexGradient;m_colorMode;m_fontColorGradient;m_fontColorGradientPreset;m_spriteAsset;m_tintAllSprites;m_StyleSheet;m_TextStyleHashCode;m_overrideHtmlColors;m_faceColor;m_fontSize;m_fontSizeBase;m_fontWeight;m_enableAutoSizing;m_fontSizeMin;m_fontSizeMax;m_fontStyle;m_HorizontalAlignment;m_VerticalAlignment;m_textAlignment;m_characterSpacing;m_wordSpacing;m_lineSpacing;m_lineSpacingMax;m_paragraphSpacing;m_charWidthMaxAdj;m_enableWordWrapping;m_wordWrappingRatios;m_overflowMode;m_linkedTextComponent;parentLinkedComponent;m_enableKerning;m_enableExtraPadding;checkPaddingRequired;m_isRichText;m_parseCtrlCharacters;m_isOrthographic;m_isCullingEnabled;m_horizontalMapping;m_verticalMapping;m_uvLineOffset;m_geometrySortingOrder;m_IsTextObjectScaleStatic;m_VertexBufferAutoSizeReduction;m_useMaxVisibleDescender;m_pageToDisplay;m_margin;m_isUsingLegacyAnimationComponent;m_isVolumetricText;m_hasFontAssetChanged;m_baseMaterial;m_maskOffset","Preserve GUID/type until explicit component mapping is approved","Preserve original .cs.meta when possible; use MovedFrom/FormerlySerializedAs or an exact-field compatibility shim; Missing Script prohibited","Resolved"
"Assets/_Game/Scenes/Boot.unity","Scene","Ticker","f4688fdb7df04437aeb418b961361dc5","TextMeshProUGUI","Library/PackageCache/com.unity.textmeshpro@3.0.6/Scripts/Runtime/TextMeshProUGUI.cs","m_Material;m_Color;m_RaycastTarget;m_RaycastPadding;m_Maskable;m_OnCullStateChanged;m_text;m_isRightToLeft;m_fontAsset;m_sharedMaterial;m_fontSharedMaterials;m_fontMaterial;m_fontMaterials;m_fontColor32;m_fontColor;m_enableVertexGradient;m_colorMode;m_fontColorGradient;m_fontColorGradientPreset;m_spriteAsset;m_tintAllSprites;m_StyleSheet;m_TextStyleHashCode;m_overrideHtmlColors;m_faceColor;m_fontSize;m_fontSizeBase;m_fontWeight;m_enableAutoSizing;m_fontSizeMin;m_fontSizeMax;m_fontStyle;m_HorizontalAlignment;m_VerticalAlignment;m_textAlignment;m_characterSpacing;m_wordSpacing;m_lineSpacing;m_lineSpacingMax;m_paragraphSpacing;m_charWidthMaxAdj;m_enableWordWrapping;m_wordWrappingRatios;m_overflowMode;m_linkedTextComponent;parentLinkedComponent;m_enableKerning;m_enableExtraPadding;checkPaddingRequired;m_isRichText;m_parseCtrlCharacters;m_isOrthographic;m_isCullingEnabled;m_horizontalMapping;m_verticalMapping;m_uvLineOffset;m_geometrySortingOrder;m_IsTextObjectScaleStatic;m_VertexBufferAutoSizeReduction;m_useMaxVisibleDescender;m_pageToDisplay;m_margin;m_isUsingLegacyAnimationComponent;m_isVolumetricText;m_hasFontAssetChanged;m_baseMaterial;m_maskOffset","Preserve GUID/type until explicit component mapping is approved","Preserve original .cs.meta when possible; use MovedFrom/FormerlySerializedAs or an exact-field compatibility shim; Missing Script prohibited","Resolved"
"Assets/_Game/Scenes/Boot.unity","Scene","TimeLabel","f4688fdb7df04437aeb418b961361dc5","TextMeshProUGUI","Library/PackageCache/com.unity.textmeshpro@3.0.6/Scripts/Runtime/TextMeshProUGUI.cs","m_Material;m_Color;m_RaycastTarget;m_RaycastPadding;m_Maskable;m_OnCullStateChanged;m_text;m_isRightToLeft;m_fontAsset;m_sharedMaterial;m_fontSharedMaterials;m_fontMaterial;m_fontMaterials;m_fontColor32;m_fontColor;m_enableVertexGradient;m_colorMode;m_fontColorGradient;m_fontColorGradientPreset;m_spriteAsset;m_tintAllSprites;m_StyleSheet;m_TextStyleHashCode;m_overrideHtmlColors;m_faceColor;m_fontSize;m_fontSizeBase;m_fontWeight;m_enableAutoSizing;m_fontSizeMin;m_fontSizeMax;m_fontStyle;m_HorizontalAlignment;m_VerticalAlignment;m_textAlignment;m_characterSpacing;m_wordSpacing;m_lineSpacing;m_lineSpacingMax;m_paragraphSpacing;m_charWidthMaxAdj;m_enableWordWrapping;m_wordWrappingRatios;m_overflowMode;m_linkedTextComponent;parentLinkedComponent;m_enableKerning;m_enableExtraPadding;checkPaddingRequired;m_isRichText;m_parseCtrlCharacters;m_isOrthographic;m_isCullingEnabled;m_horizontalMapping;m_verticalMapping;m_uvLineOffset;m_geometrySortingOrder;m_IsTextObjectScaleStatic;m_VertexBufferAutoSizeReduction;m_useMaxVisibleDescender;m_pageToDisplay;m_margin;m_isUsingLegacyAnimationComponent;m_isVolumetricText;m_hasFontAssetChanged;m_baseMaterial;m_maskOffset","Preserve GUID/type until explicit component mapping is approved","Preserve original .cs.meta when possible; use MovedFrom/FormerlySerializedAs or an exact-field compatibility shim; Missing Script prohibited","Resolved"
"Assets/_Game/Scenes/Boot.unity","Scene","TimelineLine","fe87c0e1cc204ed48ad3b37840f39efc","Image","Library/PackageCache/com.unity.ugui@1.0.0/Runtime/UI/Core/Image.cs","m_Material;m_Color;m_RaycastTarget;m_RaycastPadding;m_Maskable;m_OnCullStateChanged;m_Sprite;m_Type;m_PreserveAspect;m_FillCenter;m_FillMethod;m_FillAmount;m_FillClockwise;m_FillOrigin;m_UseSpriteMesh;m_PixelsPerUnitMultiplier","Preserve GUID/type until explicit component mapping is approved","Preserve original .cs.meta when possible; use MovedFrom/FormerlySerializedAs or an exact-field compatibility shim; Missing Script prohibited","Resolved"
"Assets/_Game/Scenes/Boot.unity","Scene","TimelineViewport","fe87c0e1cc204ed48ad3b37840f39efc","Image","Library/PackageCache/com.unity.ugui@1.0.0/Runtime/UI/Core/Image.cs","m_Material;m_Color;m_RaycastTarget;m_RaycastPadding;m_Maskable;m_OnCullStateChanged;m_Sprite;m_Type;m_PreserveAspect;m_FillCenter;m_FillMethod;m_FillAmount;m_FillClockwise;m_FillOrigin;m_UseSpriteMesh;m_PixelsPerUnitMultiplier","Preserve GUID/type until explicit component mapping is approved","Preserve original .cs.meta when possible; use MovedFrom/FormerlySerializedAs or an exact-field compatibility shim; Missing Script prohibited","Resolved"
"Assets/_Game/Scenes/Boot.unity","Scene","TimelineViewport","31a19414c41e5ae4aae2af33fee712f6","Mask","Library/PackageCache/com.unity.ugui@1.0.0/Runtime/UI/Core/Mask.cs","m_ShowMaskGraphic","Preserve GUID/type until explicit component mapping is approved","Preserve original .cs.meta when possible; use MovedFrom/FormerlySerializedAs or an exact-field compatibility shim; Missing Script prohibited","Resolved"
"Assets/_Game/Scenes/Boot.unity","Scene","TimelineViewport","1aa08ab6e0800fa44ae55d278d1423e3","ScrollRect","Library/PackageCache/com.unity.ugui@1.0.0/Runtime/UI/Core/ScrollRect.cs","m_Content;m_Horizontal;m_Vertical;m_MovementType;m_Elasticity;m_Inertia;m_DecelerationRate;m_ScrollSensitivity;m_Viewport;m_HorizontalScrollbar;m_VerticalScrollbar;m_HorizontalScrollbarVisibility;m_VerticalScrollbarVisibility;m_HorizontalScrollbarSpacing;m_VerticalScrollbarSpacing;m_OnValueChanged","Preserve GUID/type until explicit component mapping is approved","Preserve original .cs.meta when possible; use MovedFrom/FormerlySerializedAs or an exact-field compatibility shim; Missing Script prohibited","Resolved"
"Assets/_Game/Scenes/Boot.unity","Scene","Title","f4688fdb7df04437aeb418b961361dc5","TextMeshProUGUI","Library/PackageCache/com.unity.textmeshpro@3.0.6/Scripts/Runtime/TextMeshProUGUI.cs","m_Material;m_Color;m_RaycastTarget;m_RaycastPadding;m_Maskable;m_OnCullStateChanged;m_text;m_isRightToLeft;m_fontAsset;m_sharedMaterial;m_fontSharedMaterials;m_fontMaterial;m_fontMaterials;m_fontColor32;m_fontColor;m_enableVertexGradient;m_colorMode;m_fontColorGradient;m_fontColorGradientPreset;m_spriteAsset;m_tintAllSprites;m_StyleSheet;m_TextStyleHashCode;m_overrideHtmlColors;m_faceColor;m_fontSize;m_fontSizeBase;m_fontWeight;m_enableAutoSizing;m_fontSizeMin;m_fontSizeMax;m_fontStyle;m_HorizontalAlignment;m_VerticalAlignment;m_textAlignment;m_characterSpacing;m_wordSpacing;m_lineSpacing;m_lineSpacingMax;m_paragraphSpacing;m_charWidthMaxAdj;m_enableWordWrapping;m_wordWrappingRatios;m_overflowMode;m_linkedTextComponent;parentLinkedComponent;m_enableKerning;m_enableExtraPadding;checkPaddingRequired;m_isRichText;m_parseCtrlCharacters;m_isOrthographic;m_isCullingEnabled;m_horizontalMapping;m_verticalMapping;m_uvLineOffset;m_geometrySortingOrder;m_IsTextObjectScaleStatic;m_VertexBufferAutoSizeReduction;m_useMaxVisibleDescender;m_pageToDisplay;m_margin;m_isUsingLegacyAnimationComponent;m_isVolumetricText;m_hasFontAssetChanged;m_baseMaterial;m_maskOffset","Preserve GUID/type until explicit component mapping is approved","Preserve original .cs.meta when possible; use MovedFrom/FormerlySerializedAs or an exact-field compatibility shim; Missing Script prohibited","Resolved"
"Assets/_Game/Scenes/Boot.unity","Scene","Title","f4688fdb7df04437aeb418b961361dc5","TextMeshProUGUI","Library/PackageCache/com.unity.textmeshpro@3.0.6/Scripts/Runtime/TextMeshProUGUI.cs","m_Material;m_Color;m_RaycastTarget;m_RaycastPadding;m_Maskable;m_OnCullStateChanged;m_text;m_isRightToLeft;m_fontAsset;m_sharedMaterial;m_fontSharedMaterials;m_fontMaterial;m_fontMaterials;m_fontColor32;m_fontColor;m_enableVertexGradient;m_colorMode;m_fontColorGradient;m_fontColorGradientPreset;m_spriteAsset;m_tintAllSprites;m_StyleSheet;m_TextStyleHashCode;m_overrideHtmlColors;m_faceColor;m_fontSize;m_fontSizeBase;m_fontWeight;m_enableAutoSizing;m_fontSizeMin;m_fontSizeMax;m_fontStyle;m_HorizontalAlignment;m_VerticalAlignment;m_textAlignment;m_characterSpacing;m_wordSpacing;m_lineSpacing;m_lineSpacingMax;m_paragraphSpacing;m_charWidthMaxAdj;m_enableWordWrapping;m_wordWrappingRatios;m_overflowMode;m_linkedTextComponent;parentLinkedComponent;m_enableKerning;m_enableExtraPadding;checkPaddingRequired;m_isRichText;m_parseCtrlCharacters;m_isOrthographic;m_isCullingEnabled;m_horizontalMapping;m_verticalMapping;m_uvLineOffset;m_geometrySortingOrder;m_IsTextObjectScaleStatic;m_VertexBufferAutoSizeReduction;m_useMaxVisibleDescender;m_pageToDisplay;m_margin;m_isUsingLegacyAnimationComponent;m_isVolumetricText;m_hasFontAssetChanged;m_baseMaterial;m_maskOffset","Preserve GUID/type until explicit component mapping is approved","Preserve original .cs.meta when possible; use MovedFrom/FormerlySerializedAs or an exact-field compatibility shim; Missing Script prohibited","Resolved"
"Assets/_Game/Scenes/Boot.unity","Scene","TitleCn","f4688fdb7df04437aeb418b961361dc5","TextMeshProUGUI","Library/PackageCache/com.unity.textmeshpro@3.0.6/Scripts/Runtime/TextMeshProUGUI.cs","m_Material;m_Color;m_RaycastTarget;m_RaycastPadding;m_Maskable;m_OnCullStateChanged;m_text;m_isRightToLeft;m_fontAsset;m_sharedMaterial;m_fontSharedMaterials;m_fontMaterial;m_fontMaterials;m_fontColor32;m_fontColor;m_enableVertexGradient;m_colorMode;m_fontColorGradient;m_fontColorGradientPreset;m_spriteAsset;m_tintAllSprites;m_StyleSheet;m_TextStyleHashCode;m_overrideHtmlColors;m_faceColor;m_fontSize;m_fontSizeBase;m_fontWeight;m_enableAutoSizing;m_fontSizeMin;m_fontSizeMax;m_fontStyle;m_HorizontalAlignment;m_VerticalAlignment;m_textAlignment;m_characterSpacing;m_wordSpacing;m_lineSpacing;m_lineSpacingMax;m_paragraphSpacing;m_charWidthMaxAdj;m_enableWordWrapping;m_wordWrappingRatios;m_overflowMode;m_linkedTextComponent;parentLinkedComponent;m_enableKerning;m_enableExtraPadding;checkPaddingRequired;m_isRichText;m_parseCtrlCharacters;m_isOrthographic;m_isCullingEnabled;m_horizontalMapping;m_verticalMapping;m_uvLineOffset;m_geometrySortingOrder;m_IsTextObjectScaleStatic;m_VertexBufferAutoSizeReduction;m_useMaxVisibleDescender;m_pageToDisplay;m_margin;m_isUsingLegacyAnimationComponent;m_isVolumetricText;m_hasFontAssetChanged;m_baseMaterial;m_maskOffset","Preserve GUID/type until explicit component mapping is approved","Preserve original .cs.meta when possible; use MovedFrom/FormerlySerializedAs or an exact-field compatibility shim; Missing Script prohibited","Resolved"
"Assets/_Game/Scenes/Boot.unity","Scene","TitleEn","f4688fdb7df04437aeb418b961361dc5","TextMeshProUGUI","Library/PackageCache/com.unity.textmeshpro@3.0.6/Scripts/Runtime/TextMeshProUGUI.cs","m_Material;m_Color;m_RaycastTarget;m_RaycastPadding;m_Maskable;m_OnCullStateChanged;m_text;m_isRightToLeft;m_fontAsset;m_sharedMaterial;m_fontSharedMaterials;m_fontMaterial;m_fontMaterials;m_fontColor32;m_fontColor;m_enableVertexGradient;m_colorMode;m_fontColorGradient;m_fontColorGradientPreset;m_spriteAsset;m_tintAllSprites;m_StyleSheet;m_TextStyleHashCode;m_overrideHtmlColors;m_faceColor;m_fontSize;m_fontSizeBase;m_fontWeight;m_enableAutoSizing;m_fontSizeMin;m_fontSizeMax;m_fontStyle;m_HorizontalAlignment;m_VerticalAlignment;m_textAlignment;m_characterSpacing;m_wordSpacing;m_lineSpacing;m_lineSpacingMax;m_paragraphSpacing;m_charWidthMaxAdj;m_enableWordWrapping;m_wordWrappingRatios;m_overflowMode;m_linkedTextComponent;parentLinkedComponent;m_enableKerning;m_enableExtraPadding;checkPaddingRequired;m_isRichText;m_parseCtrlCharacters;m_isOrthographic;m_isCullingEnabled;m_horizontalMapping;m_verticalMapping;m_uvLineOffset;m_geometrySortingOrder;m_IsTextObjectScaleStatic;m_VertexBufferAutoSizeReduction;m_useMaxVisibleDescender;m_pageToDisplay;m_margin;m_isUsingLegacyAnimationComponent;m_isVolumetricText;m_hasFontAssetChanged;m_baseMaterial;m_maskOffset","Preserve GUID/type until explicit component mapping is approved","Preserve original .cs.meta when possible; use MovedFrom/FormerlySerializedAs or an exact-field compatibility shim; Missing Script prohibited","Resolved"
"Assets/_Game/Scenes/Boot.unity","Scene","TitleSub","f4688fdb7df04437aeb418b961361dc5","TextMeshProUGUI","Library/PackageCache/com.unity.textmeshpro@3.0.6/Scripts/Runtime/TextMeshProUGUI.cs","m_Material;m_Color;m_RaycastTarget;m_RaycastPadding;m_Maskable;m_OnCullStateChanged;m_text;m_isRightToLeft;m_fontAsset;m_sharedMaterial;m_fontSharedMaterials;m_fontMaterial;m_fontMaterials;m_fontColor32;m_fontColor;m_enableVertexGradient;m_colorMode;m_fontColorGradient;m_fontColorGradientPreset;m_spriteAsset;m_tintAllSprites;m_StyleSheet;m_TextStyleHashCode;m_overrideHtmlColors;m_faceColor;m_fontSize;m_fontSizeBase;m_fontWeight;m_enableAutoSizing;m_fontSizeMin;m_fontSizeMax;m_fontStyle;m_HorizontalAlignment;m_VerticalAlignment;m_textAlignment;m_characterSpacing;m_wordSpacing;m_lineSpacing;m_lineSpacingMax;m_paragraphSpacing;m_charWidthMaxAdj;m_enableWordWrapping;m_wordWrappingRatios;m_overflowMode;m_linkedTextComponent;parentLinkedComponent;m_enableKerning;m_enableExtraPadding;checkPaddingRequired;m_isRichText;m_parseCtrlCharacters;m_isOrthographic;m_isCullingEnabled;m_horizontalMapping;m_verticalMapping;m_uvLineOffset;m_geometrySortingOrder;m_IsTextObjectScaleStatic;m_VertexBufferAutoSizeReduction;m_useMaxVisibleDescender;m_pageToDisplay;m_margin;m_isUsingLegacyAnimationComponent;m_isVolumetricText;m_hasFontAssetChanged;m_baseMaterial;m_maskOffset","Preserve GUID/type until explicit component mapping is approved","Preserve original .cs.meta when possible; use MovedFrom/FormerlySerializedAs or an exact-field compatibility shim; Missing Script prohibited","Resolved"
"Assets/_Game/Scenes/Boot.unity","Scene","TopLine","fe87c0e1cc204ed48ad3b37840f39efc","Image","Library/PackageCache/com.unity.ugui@1.0.0/Runtime/UI/Core/Image.cs","m_Material;m_Color;m_RaycastTarget;m_RaycastPadding;m_Maskable;m_OnCullStateChanged;m_Sprite;m_Type;m_PreserveAspect;m_FillCenter;m_FillMethod;m_FillAmount;m_FillClockwise;m_FillOrigin;m_UseSpriteMesh;m_PixelsPerUnitMultiplier","Preserve GUID/type until explicit component mapping is approved","Preserve original .cs.meta when possible; use MovedFrom/FormerlySerializedAs or an exact-field compatibility shim; Missing Script prohibited","Resolved"
"Assets/_Game/Scenes/Boot.unity","Scene","Viewport","fe87c0e1cc204ed48ad3b37840f39efc","Image","Library/PackageCache/com.unity.ugui@1.0.0/Runtime/UI/Core/Image.cs","m_Material;m_Color;m_RaycastTarget;m_RaycastPadding;m_Maskable;m_OnCullStateChanged;m_Sprite;m_Type;m_PreserveAspect;m_FillCenter;m_FillMethod;m_FillAmount;m_FillClockwise;m_FillOrigin;m_UseSpriteMesh;m_PixelsPerUnitMultiplier","Preserve GUID/type until explicit component mapping is approved","Preserve original .cs.meta when possible; use MovedFrom/FormerlySerializedAs or an exact-field compatibility shim; Missing Script prohibited","Resolved"
"Assets/_Game/Scenes/Boot.unity","Scene","Viewport","3312d7739989d2b4e91e6319e9a96d76","RectMask2D","Library/PackageCache/com.unity.ugui@1.0.0/Runtime/UI/Core/RectMask2D.cs","m_Padding;m_Softness","Preserve GUID/type until explicit component mapping is approved","Preserve original .cs.meta when possible; use MovedFrom/FormerlySerializedAs or an exact-field compatibility shim; Missing Script prohibited","Resolved"
"Assets/_Game/Art/Fonts/Default SDF.asset","ScriptableObjectOrAsset","","71c1514a6bd24e1e882cebbe1904ce04","TMP_FontAsset","Library/PackageCache/com.unity.textmeshpro@3.0.6/Scripts/Runtime/TMP_FontAsset.cs","hashCode;material;materialHashCode;m_Version;m_SourceFontFileGUID;m_SourceFontFile_EditorRef;m_SourceFontFile;m_AtlasPopulationMode;m_FaceInfo;m_GlyphTable;m_CharacterTable;m_AtlasTextures;m_AtlasTextureIndex;m_IsMultiAtlasTexturesEnabled;m_ClearDynamicDataOnBuild;m_UsedGlyphRects;m_FreeGlyphRects;m_fontInfo;atlas;m_AtlasWidth;m_AtlasHeight;m_AtlasPadding;m_AtlasRenderMode;m_glyphInfoList;m_KerningTable;m_FontFeatureTable;fallbackFontAssets;m_FallbackFontAssetTable;m_CreationSettings;m_FontWeightTable;fontWeights;normalStyle;normalSpacingOffset;boldStyle;boldSpacing;italicStyle;tabSize","Preserve GUID/type until explicit component mapping is approved","Preserve original .cs.meta when possible; use MovedFrom/FormerlySerializedAs or an exact-field compatibility shim; Missing Script prohibited","Resolved"
"Assets/_Game/Configs/CorporateCorridorTheme_Default.asset","ScriptableObjectOrAsset","","0cb1669def5734a4a86d23eec9ab64ea","CorporateWarCorridorTheme","Assets/_Game/Scripts/Prototype3D/CorporateWarCorridorTheme.cs","safeRows;warningRows;floorThickness;floorInset;borderWidthOuter;borderWidthInner;separatorWidth;wallHeight;wallThickness;wallGap;wallGuideLightHeight;floorY;overlayY;borderY;wallY;baseColor;safeZoneColor;midZoneColor;warningZoneColor;outerLightColor;innerLightColor;separatorColor;wallColor;panelSmoothness;lightSmoothness;wallSmoothness;baseEmission;accentEmission;warningEmission;themedCellHeight;themedOwnedColor;themedPollutedColor;themedEnemyColor;themedEmptyColor","Preserve GUID/type/fields as Presentation configuration","Preserve original .cs.meta when possible; use MovedFrom/FormerlySerializedAs or an exact-field compatibility shim; Missing Script prohibited","Resolved"
"Assets/_Game/Resources/VisualMapping.asset","ScriptableObjectOrAsset","","e4e65e1ec4a34c068baf55ae0319f61c","VisualMapping","Assets/_Game/Scripts/Configs/VisualMapping.cs","unitMappings;enemyMappings","Preserve GUID/type/fields as Presentation configuration","Preserve original .cs.meta when possible; use MovedFrom/FormerlySerializedAs or an exact-field compatibility shim; Missing Script prohibited","Resolved"
"Assets/AddressableAssetsData/AddressableAssetSettings.asset","ScriptableObjectOrAsset","","468a46d0ae32c3544b7d98094e6448a9","AddressableAssetSettings","Library/PackageCache/com.unity.addressables@1.21.20/Editor/Settings/AddressableAssetSettings.cs","m_DefaultGroup;m_currentHash;m_OptimizeCatalogSize;m_BuildRemoteCatalog;m_BundleLocalCatalog;m_CatalogRequestsTimeout;m_DisableCatalogUpdateOnStart;m_IgnoreUnsupportedFilesInBuild;m_UniqueBundleIds;m_NonRecursiveBuilding;m_CCDEnabled;m_maxConcurrentWebRequests;m_ContiguousBundles;m_StripUnityVersionFromBundleBuild;m_DisableVisibleSubAssetRepresentations;m_ShaderBundleNaming;m_ShaderBundleCustomNaming;m_MonoScriptBundleNaming;m_CheckForContentUpdateRestrictionsOption;m_MonoScriptBundleCustomNaming;m_RemoteCatalogBuildPath;m_RemoteCatalogLoadPath;m_ContentStateBuildPathProfileVariableName;m_CustomContentStateBuildPath;m_ContentStateBuildPath;m_BuildAddressablesWithPlayerBuild;m_overridePlayerVersion;m_GroupAssets;m_BuildSettings;m_ProfileSettings;m_LabelTable;m_SchemaTemplates;m_GroupTemplateObjects;m_InitializationObjects;m_CertificateHandlerType;m_ActivePlayerDataBuilderIndex;m_DataBuilders;m_ActiveProfileId;m_HostingServicesManager","Preserve GUID/type until explicit component mapping is approved","Preserve original .cs.meta when possible; use MovedFrom/FormerlySerializedAs or an exact-field compatibility shim; Missing Script prohibited","Resolved"
"Assets/AddressableAssetsData/AssetGroups/Built In Data.asset","ScriptableObjectOrAsset","","bbb281ee3bf0b054c82ac2347e9e782c","AddressableAssetGroup","Library/PackageCache/com.unity.addressables@1.21.20/Editor/Settings/AddressableAssetGroup.cs","m_GroupName;m_Data;m_GUID;m_SerializeEntries;m_ReadOnly;m_Settings;m_SchemaSet","Preserve GUID/type until explicit component mapping is approved","Preserve original .cs.meta when possible; use MovedFrom/FormerlySerializedAs or an exact-field compatibility shim; Missing Script prohibited","Resolved"
"Assets/AddressableAssetsData/AssetGroups/Default Local Group.asset","ScriptableObjectOrAsset","","bbb281ee3bf0b054c82ac2347e9e782c","AddressableAssetGroup","Library/PackageCache/com.unity.addressables@1.21.20/Editor/Settings/AddressableAssetGroup.cs","m_GroupName;m_Data;m_GUID;m_SerializeEntries;m_ReadOnly;m_Settings;m_SchemaSet","Preserve GUID/type until explicit component mapping is approved","Preserve original .cs.meta when possible; use MovedFrom/FormerlySerializedAs or an exact-field compatibility shim; Missing Script prohibited","Resolved"
"Assets/AddressableAssetsData/AssetGroups/Schemas/Built In Data_PlayerDataGroupSchema.asset","ScriptableObjectOrAsset","","b1487f5d688e4f94f828f879d599dbdc","PlayerDataGroupSchema","Library/PackageCache/com.unity.addressables@1.21.20/Editor/Settings/GroupSchemas/PlayerDataGroupSchema.cs","m_Group;m_IncludeResourcesFolders;m_IncludeBuildSettingsScenes","Preserve GUID/type until explicit component mapping is approved","Preserve original .cs.meta when possible; use MovedFrom/FormerlySerializedAs or an exact-field compatibility shim; Missing Script prohibited","Resolved"
"Assets/AddressableAssetsData/AssetGroups/Schemas/Default Local Group_BundledAssetGroupSchema.asset","ScriptableObjectOrAsset","","e5d17a21594effb4e9591490b009e7aa","BundledAssetGroupSchema","Library/PackageCache/com.unity.addressables@1.21.20/Editor/Settings/GroupSchemas/BundledAssetGroupSchema.cs","m_Group;m_InternalBundleIdMode;m_Compression;m_IncludeAddressInCatalog;m_IncludeGUIDInCatalog;m_IncludeLabelsInCatalog;m_InternalIdNamingMode;m_CacheClearBehavior;m_IncludeInBuild;m_BundledAssetProviderType;m_ForceUniqueProvider;m_UseAssetBundleCache;m_UseAssetBundleCrc;m_UseAssetBundleCrcForCachedBundles;m_UseUWRForLocalBundles;m_Timeout;m_ChunkedTransfer;m_RedirectLimit;m_RetryCount;m_BuildPath;m_LoadPath;m_BundleMode;m_AssetBundleProviderType;m_BundleNaming;m_AssetLoadMode","Preserve GUID/type until explicit component mapping is approved","Preserve original .cs.meta when possible; use MovedFrom/FormerlySerializedAs or an exact-field compatibility shim; Missing Script prohibited","Resolved"
"Assets/AddressableAssetsData/AssetGroups/Schemas/Default Local Group_ContentUpdateGroupSchema.asset","ScriptableObjectOrAsset","","5834b5087d578d24c926ce20cd31e6d6","ContentUpdateGroupSchema","Library/PackageCache/com.unity.addressables@1.21.20/Editor/Settings/GroupSchemas/ContentUpdateGroupSchema.cs","m_Group;m_StaticContent","Preserve GUID/type until explicit component mapping is approved","Preserve original .cs.meta when possible; use MovedFrom/FormerlySerializedAs or an exact-field compatibility shim; Missing Script prohibited","Resolved"
"Assets/AddressableAssetsData/AssetGroupTemplates/Packed Assets.asset","ScriptableObjectOrAsset","","1a3c5d64ac83548c09dd1678b9f6f1cd","AddressableAssetGroupTemplate","Library/PackageCache/com.unity.addressables@1.21.20/Editor/Settings/AddressableAssetGroupTemplate.cs","m_SchemaObjects;m_Description;m_Settings","Preserve GUID/type until explicit component mapping is approved","Preserve original .cs.meta when possible; use MovedFrom/FormerlySerializedAs or an exact-field compatibility shim; Missing Script prohibited","Resolved"
"Assets/AddressableAssetsData/AssetGroupTemplates/Packed Assets.asset","ScriptableObjectOrAsset","","e5d17a21594effb4e9591490b009e7aa","BundledAssetGroupSchema","Library/PackageCache/com.unity.addressables@1.21.20/Editor/Settings/GroupSchemas/BundledAssetGroupSchema.cs","m_Group;m_InternalBundleIdMode;m_Compression;m_IncludeAddressInCatalog;m_IncludeGUIDInCatalog;m_IncludeLabelsInCatalog;m_InternalIdNamingMode;m_CacheClearBehavior;m_IncludeInBuild;m_BundledAssetProviderType;m_ForceUniqueProvider;m_UseAssetBundleCache;m_UseAssetBundleCrc;m_UseAssetBundleCrcForCachedBundles;m_UseUWRForLocalBundles;m_Timeout;m_ChunkedTransfer;m_RedirectLimit;m_RetryCount;m_BuildPath;m_LoadPath;m_BundleMode;m_AssetBundleProviderType;m_BundleNaming;m_AssetLoadMode","Preserve GUID/type until explicit component mapping is approved","Preserve original .cs.meta when possible; use MovedFrom/FormerlySerializedAs or an exact-field compatibility shim; Missing Script prohibited","Resolved"
"Assets/AddressableAssetsData/AssetGroupTemplates/Packed Assets.asset","ScriptableObjectOrAsset","","5834b5087d578d24c926ce20cd31e6d6","ContentUpdateGroupSchema","Library/PackageCache/com.unity.addressables@1.21.20/Editor/Settings/GroupSchemas/ContentUpdateGroupSchema.cs","m_Group;m_StaticContent","Preserve GUID/type until explicit component mapping is approved","Preserve original .cs.meta when possible; use MovedFrom/FormerlySerializedAs or an exact-field compatibility shim; Missing Script prohibited","Resolved"
"Assets/AddressableAssetsData/DataBuilders/BuildScriptFastMode.asset","ScriptableObjectOrAsset","","88d21199f5d473f4db36845f2318f180","BuildScriptFastMode","Library/PackageCache/com.unity.addressables@1.21.20/Editor/Build/DataBuilders/BuildScriptFastMode.cs","instanceProviderType;sceneProviderType","Preserve GUID/type until explicit component mapping is approved","Preserve original .cs.meta when possible; use MovedFrom/FormerlySerializedAs or an exact-field compatibility shim; Missing Script prohibited","Resolved"
"Assets/AddressableAssetsData/DataBuilders/BuildScriptPackedMode.asset","ScriptableObjectOrAsset","","3e2e0ffa088c91d41a086d0b8cb16bdc","BuildScriptPackedMode","Library/PackageCache/com.unity.addressables@1.21.20/Editor/Build/DataBuilders/BuildScriptPackedMode.cs","instanceProviderType;sceneProviderType","Preserve GUID/type until explicit component mapping is approved","Preserve original .cs.meta when possible; use MovedFrom/FormerlySerializedAs or an exact-field compatibility shim; Missing Script prohibited","Resolved"
"Assets/AddressableAssetsData/DataBuilders/BuildScriptPackedPlayMode.asset","ScriptableObjectOrAsset","","ad8c280d42ee0ed41a27db23b43dd2bf","BuildScriptPackedPlayMode","Library/PackageCache/com.unity.addressables@1.21.20/Editor/Build/DataBuilders/BuildScriptPackedPlayMode.cs","instanceProviderType;sceneProviderType","Preserve GUID/type until explicit component mapping is approved","Preserve original .cs.meta when possible; use MovedFrom/FormerlySerializedAs or an exact-field compatibility shim; Missing Script prohibited","Resolved"
"Assets/AddressableAssetsData/DataBuilders/BuildScriptVirtualMode.asset","ScriptableObjectOrAsset","","bb0e4994b34add1409fd8ccaf4a82de5","BuildScriptVirtualMode","Library/PackageCache/com.unity.addressables@1.21.20/Editor/Build/DataBuilders/BuildScriptVirtualMode.cs","instanceProviderType;sceneProviderType","Preserve GUID/type until explicit component mapping is approved","Preserve original .cs.meta when possible; use MovedFrom/FormerlySerializedAs or an exact-field compatibility shim; Missing Script prohibited","Resolved"
"Assets/AddressableAssetsData/DefaultObject.asset","ScriptableObjectOrAsset","","3a189bb168d8d90478a09ea08c2f3d72","AddressableAssetSettingsDefaultObject","Library/PackageCache/com.unity.addressables@1.21.20/Editor/AddressableAssetSettingsDefaultObject.cs","m_AddressableAssetSettingsGuid","Preserve GUID/type until explicit component mapping is approved","Preserve original .cs.meta when possible; use MovedFrom/FormerlySerializedAs or an exact-field compatibility shim; Missing Script prohibited","Resolved"
"Assets/AddressableAssetsData/ProfileDataSourceSettings.asset","ScriptableObjectOrAsset","","7e3976da977cb49238499ea3b4c237ae","ProfileDataSourceSettings","Library/PackageCache/com.unity.addressables@1.21.20/Editor/Settings/ProfileDataSourceSettings.cs","profileGroupTypes;environments;currentEnvironment","Preserve GUID/type until explicit component mapping is approved","Preserve original .cs.meta when possible; use MovedFrom/FormerlySerializedAs or an exact-field compatibility shim; Missing Script prohibited","Resolved"
"Assets/HDRPDefaultResources/DefaultSettingsVolumeProfile.asset","ScriptableObjectOrAsset","","a76fd08475e21554b8f284f723dd7cf8","","","active;enable;minGridSize;maxGridSize;elevationTransition;numLevelOfDetails;maxTessellationFactor;tessellationFactorFadeStart;tessellationFactorFadeRange;ambientProbeDimmer","Preserve GUID/type until explicit component mapping is approved","Preserve original .cs.meta when possible; use MovedFrom/FormerlySerializedAs or an exact-field compatibility shim; Missing Script prohibited","Unresolved"
"Assets/HDRPDefaultResources/DefaultSettingsVolumeProfile.asset","ScriptableObjectOrAsset","","bcf384b154398e341b6b29969c078198","","","active;quality;intensity;maximumVelocity;minimumVelocity;cameraMotionBlur;specialCameraClampMode;cameraVelocityClamp;cameraTranslationVelocityClamp;cameraRotationVelocityClamp;depthComparisonExtent;m_SampleCount","Preserve GUID/type until explicit component mapping is approved","Preserve original .cs.meta when possible; use MovedFrom/FormerlySerializedAs or an exact-field compatibility shim; Missing Script prohibited","Unresolved"
"Assets/HDRPDefaultResources/DefaultSettingsVolumeProfile.asset","ScriptableObjectOrAsset","","24f077503be6ae942a1e1245dbd53ea9","","","active;quality;threshold;intensity;scatter;tint;dirtTexture;dirtIntensity;anamorphic;m_Resolution;m_HighQualityPrefiltering;m_HighQualityFiltering","Preserve GUID/type until explicit component mapping is approved","Preserve original .cs.meta when possible; use MovedFrom/FormerlySerializedAs or an exact-field compatibility shim; Missing Script prohibited","Unresolved"
"Assets/HDRPDefaultResources/DefaultSettingsVolumeProfile.asset","ScriptableObjectOrAsset","","d7fd9488000d3734a9e00ee676215985","","","components","Preserve GUID/type until explicit component mapping is approved","Preserve original .cs.meta when possible; use MovedFrom/FormerlySerializedAs or an exact-field compatibility shim; Missing Script prohibited","Unresolved"
"Assets/HDRPDefaultResources/DefaultSettingsVolumeProfile.asset","ScriptableObjectOrAsset","","59b6606ef2548734bb6d11b9d160bc7e","","","active;rotation;skyIntensityMode;exposure;multiplier;upperHemisphereLuxValue;upperHemisphereLuxColor;desiredLuxValue;updateMode;updatePeriod;includeSunInBaking;hdriSky;distortionMode;flowmap;upperHemisphereOnly;scrollOrientation;scrollSpeed;enableBackplate;backplateType;groundLevel;scale;projectionDistance;plateRotation;plateTexRotation;plateTexOffset;blendAmount;shadowTint;pointLightShadow;dirLightShadow;rectLightShadow;m_SkyVersion;enableDistortion;procedural;scrollDirection;m_ObsoleteScrollSpeed","Preserve GUID/type until explicit component mapping is approved","Preserve original .cs.meta when possible; use MovedFrom/FormerlySerializedAs or an exact-field compatibility shim; Missing Script prohibited","Unresolved"
"Assets/HDRPDefaultResources/DefaultSettingsVolumeProfile.asset","ScriptableObjectOrAsset","","0d7593b3a9277ac4696b20006c21dde2","","","active;skyType;cloudType;skyAmbientMode;windOrientation;windSpeed;fogType","Preserve GUID/type until explicit component mapping is approved","Preserve original .cs.meta when possible; use MovedFrom/FormerlySerializedAs or an exact-field compatibility shim; Missing Script prohibited","Unresolved"
"Assets/HDRPDefaultResources/DefaultSettingsVolumeProfile.asset","ScriptableObjectOrAsset","","7a7ff42a8c5be6646ad3975f3a54c1eb","","","active;diffusionProfiles","Preserve GUID/type until explicit component mapping is approved","Preserve original .cs.meta when possible; use MovedFrom/FormerlySerializedAs or an exact-field compatibility shim; Missing Script prohibited","Unresolved"
"Assets/HDRPDefaultResources/DefaultSettingsVolumeProfile.asset","ScriptableObjectOrAsset","","2d08ce26990eb1a4a9177b860541e702","","","active;mode;meteringMode;luminanceSource;fixedExposure;compensation;limitMin;limitMax;curveMap;limitMinCurveMap;limitMaxCurveMap;adaptationMode;adaptationSpeedDarkToLight;adaptationSpeedLightToDark;weightTextureMask;histogramPercentages;histogramUseCurveRemapping;targetMidGray;centerAroundExposureTarget;proceduralCenter;proceduralRadii;maskMinIntensity;maskMaxIntensity;proceduralSoftness","Preserve GUID/type until explicit component mapping is approved","Preserve original .cs.meta when possible; use MovedFrom/FormerlySerializedAs or an exact-field compatibility shim; Missing Script prohibited","Unresolved"
"Assets/HDRPDefaultResources/DefaultSettingsVolumeProfile.asset","ScriptableObjectOrAsset","","9008a067f4d626c4d8bc4bc48f04bb89","","","active;quality;rayTracing;intensity;directLightingStrength;radius;spatialBilateralAggressiveness;temporalAccumulation;ghostingReduction;blurSharpness;layerMask;specularOcclusion;occluderMotionRejection;receiverMotionRejection;m_StepCount;m_FullResolution;m_MaximumRadiusInPixels;m_BilateralUpsample;m_DirectionCount;m_RayLength;m_SampleCount;m_Denoise;m_DenoiserRadius","Preserve GUID/type until explicit component mapping is approved","Preserve original .cs.meta when possible; use MovedFrom/FormerlySerializedAs or an exact-field compatibility shim; Missing Script prohibited","Unresolved"
"Assets/HDRPDefaultResources/DefaultSettingsVolumeProfile.asset","ScriptableObjectOrAsset","","f086a068d4c5889438831b3ae9afc11c","","","active;mode;useFullACES;toeStrength;toeLength;shoulderStrength;shoulderLength;shoulderAngle;gamma;lutTexture;lutContribution;neutralHDRRangeReductionMode;acesPreset;fallbackMode;hueShiftAmount;detectPaperWhite;paperWhite;detectBrightnessLimits;minNits;maxNits","Preserve GUID/type until explicit component mapping is approved","Preserve original .cs.meta when possible; use MovedFrom/FormerlySerializedAs or an exact-field compatibility shim; Missing Script prohibited","Unresolved"
"Assets/HDRPDefaultResources/DefaultSettingsVolumeProfile.asset","ScriptableObjectOrAsset","","7ddcec8a8eb2d684d833ac8f5d26aebd","","","active;interCascadeBorders;maxShadowDistance;directionalTransmissionMultiplier;cascadeShadowSplitCount;cascadeShadowSplit0;cascadeShadowSplit1;cascadeShadowSplit2;cascadeShadowBorder0;cascadeShadowBorder1;cascadeShadowBorder2;cascadeShadowBorder3","Preserve GUID/type until explicit component mapping is approved","Preserve original .cs.meta when possible; use MovedFrom/FormerlySerializedAs or an exact-field compatibility shim; Missing Script prohibited","Unresolved"
"Assets/HDRPDefaultResources/DefaultSettingsVolumeProfile.asset","ScriptableObjectOrAsset","","56b145d2b9ee1ac4f846968484e7485a","","","active;quality;enable;length;opacity;distanceScaleFactor;maxDistance;minDistance;fadeDistance;fadeInDistance;rayBias;thicknessScale;m_SampleCount","Preserve GUID/type until explicit component mapping is approved","Preserve original .cs.meta when possible; use MovedFrom/FormerlySerializedAs or an exact-field compatibility shim; Missing Script prohibited","Unresolved"
"Assets/HDRPDefaultResources/DefaultSettingsVolumeProfile.asset","ScriptableObjectOrAsset","","7a7ff42a8c5be6646ad3975f3a54c1eb","","","active;diffusionProfiles","Preserve GUID/type until explicit component mapping is approved","Preserve original .cs.meta when possible; use MovedFrom/FormerlySerializedAs or an exact-field compatibility shim; Missing Script prohibited","Unresolved"
"Assets/HDRPDefaultResources/HDRenderPipelineAsset.asset","ScriptableObjectOrAsset","","0cf1dab834d4ec34195b920ea7bbf9ec","HDRenderPipelineAsset","","m_RenderPipelineSettings;allowShaderVariantStripping;enableSRPBatcher;availableMaterialQualityLevels;m_DefaultMaterialQualityLevel;diffusionProfileSettings;virtualTexturingSettings;m_UseRenderGraph;m_Version;m_ObsoleteFrameSettings;m_ObsoleteBakedOrCustomReflectionFrameSettings;m_ObsoleteRealtimeReflectionFrameSettings;m_ObsoleteDefaultVolumeProfile;m_ObsoleteDefaultLookDevProfile;m_ObsoleteFrameSettingsMovedToDefaultSettings;m_ObsoleteBakedOrCustomReflectionFrameSettingsMovedToDefaultSettings;m_ObsoleteRealtimeReflectionFrameSettingsMovedToDefaultSettings;m_ObsoleteRenderPipelineResources;m_ObsoleteRenderPipelineRayTracingResources;m_ObsoleteBeforeTransparentCustomPostProcesses;m_ObsoleteBeforePostProcessCustomPostProcesses;m_ObsoleteAfterPostProcessCustomPostProcesses;m_ObsoleteBeforeTAACustomPostProcesses;m_ObsoleteShaderVariantLogLevel;m_ObsoleteLensAttenuation;m_ObsoleteDiffusionProfileSettingsList","Preserve GUID/type until explicit component mapping is approved","Preserve original .cs.meta when possible; use MovedFrom/FormerlySerializedAs or an exact-field compatibility shim; Missing Script prohibited","Unresolved"
"Assets/HDRPDefaultResources/HDRenderPipelineGlobalSettings.asset","ScriptableObjectOrAsset","","781cc897cf8675041a751163b51f97dd","HDRenderPipelineGlobalSettings","","m_DefaultVolumeProfile;m_LookDevVolumeProfile;m_RenderingPathDefaultCameraFrameSettings;m_RenderingPathDefaultBakedOrCustomReflectionFrameSettings;m_RenderingPathDefaultRealtimeReflectionFrameSettings;m_RenderPipelineResources;m_RenderPipelineRayTracingResources;beforeTransparentCustomPostProcesses;beforePostProcessCustomPostProcesses;afterPostProcessBlursCustomPostProcesses;afterPostProcessCustomPostProcesses;beforeTAACustomPostProcesses;lightLayerName0;lightLayerName1;lightLayerName2;lightLayerName3;lightLayerName4;lightLayerName5;lightLayerName6;lightLayerName7;decalLayerName0;decalLayerName1;decalLayerName2;decalLayerName3;decalLayerName4;decalLayerName5;decalLayerName6;decalLayerName7;lensAttenuationMode;colorGradingSpace;m_ObsoleteDiffusionProfileSettingsList;rendererListCulling;DLSSProjectId;useDLSSCustomProjectId;supportProbeVolumes;supportRuntimeDebugDisplay;autoRegisterDiffusionProfiles;apvScenesData;m_Version;m_ShaderVariantLogLevel;m_ExportShaderVariants","Preserve GUID/type until explicit component mapping is approved","Preserve original .cs.meta when possible; use MovedFrom/FormerlySerializedAs or an exact-field compatibility shim; Missing Script prohibited","Unresolved"
"Assets/StreamingAssets/CompanyWar/Configs/CorporateCorridorTheme_Default.asset","ScriptableObjectOrAsset","","0cb1669def5734a4a86d23eec9ab64ea","CorporateWarCorridorTheme","Assets/_Game/Scripts/Prototype3D/CorporateWarCorridorTheme.cs","safeRows;warningRows;floorThickness;floorInset;borderWidthOuter;borderWidthInner;separatorWidth;wallHeight;wallThickness;wallGap;wallGuideLightHeight;floorY;overlayY;borderY;wallY;baseColor;safeZoneColor;midZoneColor;warningZoneColor;outerLightColor;innerLightColor;separatorColor;wallColor;panelSmoothness;lightSmoothness;wallSmoothness;baseEmission;accentEmission;warningEmission;themedCellHeight;themedOwnedColor;themedPollutedColor;themedEnemyColor;themedEmptyColor","Preserve GUID/type/fields as Presentation configuration","Preserve original .cs.meta when possible; use MovedFrom/FormerlySerializedAs or an exact-field compatibility shim; Missing Script prohibited","Resolved"
"Assets/StreamingAssets/CompanyWar/Configs/VisualMapping.asset","ScriptableObjectOrAsset","","e4e65e1ec4a34c068baf55ae0319f61c","VisualMapping","Assets/_Game/Scripts/Configs/VisualMapping.cs","unitMappings;enemyMappings","Preserve GUID/type/fields as Presentation configuration","Preserve original .cs.meta when possible; use MovedFrom/FormerlySerializedAs or an exact-field compatibility shim; Missing Script prohibited","Resolved"
"Assets/TextMesh Pro/Resources/Fonts & Materials/LiberationSans SDF - Fallback.asset","ScriptableObjectOrAsset","","71c1514a6bd24e1e882cebbe1904ce04","TMP_FontAsset","Library/PackageCache/com.unity.textmeshpro@3.0.6/Scripts/Runtime/TMP_FontAsset.cs","hashCode;material;materialHashCode;m_Version;m_SourceFontFileGUID;m_SourceFontFile_EditorRef;m_SourceFontFile;m_AtlasPopulationMode;m_FaceInfo;m_GlyphTable;m_CharacterTable;m_AtlasTextures;m_AtlasTextureIndex;m_IsMultiAtlasTexturesEnabled;m_ClearDynamicDataOnBuild;m_UsedGlyphRects;m_FreeGlyphRects;m_fontInfo;atlas;m_AtlasWidth;m_AtlasHeight;m_AtlasPadding;m_AtlasRenderMode;m_glyphInfoList;m_KerningTable;m_FontFeatureTable;fallbackFontAssets;m_FallbackFontAssetTable;m_CreationSettings;m_FontWeightTable;fontWeights;normalStyle;normalSpacingOffset;boldStyle;boldSpacing;italicStyle;tabSize","Preserve GUID/type until explicit component mapping is approved","Preserve original .cs.meta when possible; use MovedFrom/FormerlySerializedAs or an exact-field compatibility shim; Missing Script prohibited","Resolved"
"Assets/TextMesh Pro/Resources/Fonts & Materials/LiberationSans SDF.asset","ScriptableObjectOrAsset","","71c1514a6bd24e1e882cebbe1904ce04","TMP_FontAsset","Library/PackageCache/com.unity.textmeshpro@3.0.6/Scripts/Runtime/TMP_FontAsset.cs","hashCode;material;materialHashCode;m_Version;m_SourceFontFileGUID;m_SourceFontFile_EditorRef;m_SourceFontFile;m_AtlasPopulationMode;m_FaceInfo;m_GlyphTable;m_CharacterTable;m_AtlasTextures;m_AtlasTextureIndex;m_UsedGlyphRects;m_FreeGlyphRects;m_fontInfo;atlas;m_AtlasWidth;m_AtlasHeight;m_AtlasPadding;m_AtlasRenderMode;m_glyphInfoList;m_KerningTable;m_FontFeatureTable;fallbackFontAssets;m_FallbackFontAssetTable;m_CreationSettings;m_FontWeightTable;fontWeights;normalStyle;normalSpacingOffset;boldStyle;boldSpacing;italicStyle;tabSize","Preserve GUID/type until explicit component mapping is approved","Preserve original .cs.meta when possible; use MovedFrom/FormerlySerializedAs or an exact-field compatibility shim; Missing Script prohibited","Resolved"
"Assets/TextMesh Pro/Resources/Sprite Assets/EmojiOne.asset","ScriptableObjectOrAsset","","84a92b25f83d49b9bc132d206b370281","TMP_SpriteAsset","Library/PackageCache/com.unity.textmeshpro@3.0.6/Scripts/Runtime/TMP_SpriteAsset.cs","hashCode;material;materialHashCode;m_Version;m_FaceInfo;spriteSheet;m_SpriteCharacterTable;m_SpriteGlyphTable;spriteInfoList;fallbackSpriteAssets","Preserve GUID/type until explicit component mapping is approved","Preserve original .cs.meta when possible; use MovedFrom/FormerlySerializedAs or an exact-field compatibility shim; Missing Script prohibited","Resolved"
"Assets/TextMesh Pro/Resources/Style Sheets/Default Style Sheet.asset","ScriptableObjectOrAsset","","ab2114bdc8544297b417dfefe9f1e410","TMP_StyleSheet","Library/PackageCache/com.unity.textmeshpro@3.0.6/Scripts/Runtime/TMP_StyleSheet.cs","m_PrefabParentObject;m_PrefabInternal;m_StyleList","Preserve GUID/type until explicit component mapping is approved","Preserve original .cs.meta when possible; use MovedFrom/FormerlySerializedAs or an exact-field compatibility shim; Missing Script prohibited","Resolved"
"Assets/TextMesh Pro/Resources/TMP Settings.asset","ScriptableObjectOrAsset","","2705215ac5b84b70bacc50632be6e391","TMP_Settings","Library/PackageCache/com.unity.textmeshpro@3.0.6/Scripts/Runtime/TMP_Settings.cs","m_enableWordWrapping;m_enableKerning;m_enableExtraPadding;m_enableTintAllSprites;m_enableParseEscapeCharacters;m_EnableRaycastTarget;m_GetFontFeaturesAtRuntime;m_missingGlyphCharacter;m_warningsDisabled;m_defaultFontAsset;m_defaultFontAssetPath;m_defaultFontSize;m_defaultAutoSizeMinRatio;m_defaultAutoSizeMaxRatio;m_defaultTextMeshProTextContainerSize;m_defaultTextMeshProUITextContainerSize;m_autoSizeTextContainer;m_fallbackFontAssets;m_matchMaterialPreset;m_defaultSpriteAsset;m_defaultSpriteAssetPath;m_enableEmojiSupport;m_MissingCharacterSpriteUnicode;m_defaultColorGradientPresetsPath;m_defaultStyleSheet;m_StyleSheetsResourcePath;m_leadingCharacters;m_followingCharacters;m_UseModernHangulLineBreakingRules","Preserve GUID/type until explicit component mapping is approved","Preserve original .cs.meta when possible; use MovedFrom/FormerlySerializedAs or an exact-field compatibility shim; Missing Script prohibited","Resolved"
